qid,label_en,author_uuid,author,author_series_ordinal,author_stated_as,author_ref1_hash,author_ref1_referenceUrl,author_ref1_retrieved_nodeId,author_ref1_retrieved_val,author_ref1_retrieved_prec
Q109404829,Christianity and Empire,03AEF334-7DE4-4C23-B6AF-DA2A884B8C85,Q27643173,1,Joerg Rieger,f3d4ab525edb5544468b1ff88211898c147adeeb,http://doi.org/10.1111/REC3.12158,e2a592a9-772a-44a1-86c5-cc27d8471ccd,2021-11-05T00:00:00Z,11
Q109404830,Black Church Giving,490A8547-8F55-4C91-8C04-C99398822A98,Q67554073,1,Sandra L. Barnes,1fce757e0ed647e52446afc376d37c4e5dd6467f,http://doi.org/10.1177/2158244013490706,462a3ac7-0eb4-463e-9f2b-eb31eb77a237,2021-11-05T00:00:00Z,11
Q109407333,Just Capitalism: A Christian Ethic of Globalization. By Brent Waters,9A3A8646-43D2-4157-A402-B0066E2A49CD,Q27643173,1,Joerg Rieger,de9e99c27d49c5fe0966c5aa690cbea1837e6531,http://doi.org/10.1093/JCS/CSX097,2c1fb38d-d2b9-4fdb-9e7f-8911abe1a90b,2021-11-05T00:00:00Z,11
Q109407334,Deep solidarity: Broadening the basis of transformation,EF06A5DE-8612-4D5F-8C57-5F762ACEF849,Q27643173,1,Joerg Rieger,186331b0e927fcd38765a1b8083194a6ee367a51,http://doi.org/10.4102/HTS.V73I3.4578,3f71783b-c2a1-4c23-b9c8-2cffcffba187,2021-11-05T00:00:00Z,11
Q109407335,"Empire, Deep Solidarity, and the Future of Liberation Theology",748C375A-4657-43C1-BC09-FA87F6AC22FF,Q27643173,1,Joerg Rieger,3519e55e8990b5ed2956178b339fe271b7cccb35,http://doi.org/10.1080/1462317X.2017.1311060,be483c74-e9e8-4f2c-907e-7ef04d1d8c4d,2021-11-05T00:00:00Z,11
Q109407336,The Touch of Transcendence: A Postcolonial Theology of God - By Mayra Rivera,095BA0B7-1140-4E6A-A782-3DAF3DAFCEBF,Q27643173,1,Joerg Rieger,85ab193cdcfc860ef8d9559dd26724a367087005,http://doi.org/10.1111/J.1748-0922.2009.01360_24.X,b29b3011-f132-4db8-b4b1-8f6538d95ff6,2021-11-05T00:00:00Z,11
Q109407337,Controversies in Political Theology: Development or Liberation? - By Thia Cooper,F411A189-051E-48ED-95AE-A82DA46EAC50,Q27643173,1,Joerg Rieger,2508eaa01ef18aab064b10f2c15a8a091f3fd6fb,http://doi.org/10.1111/J.1748-0922.2009.01360_6.X,13106214-9f5b-4635-b580-a718af631ac0,2021-11-05T00:00:00Z,11
Q109407338,Karl Barth: God's Word in Action - By Paul S. Chung,7566FA07-C94D-439B-A90A-F6EF61B58ABA,Q27643173,1,Joerg Rieger,f9a52e27cbcd5f40b0593ace81f0b6acb3f7389d,http://doi.org/10.1111/J.1748-0922.2010.01443_8.X,3c8f9eae-2cc7-42ac-a5d2-7b923e92899c,2021-11-05T00:00:00Z,11
Q109407937,The Ethics of Wealth in a World of Economic Inequality: A Christian Perspective in a Buddhist-Christian Dialogue,4107B921-408C-488E-9FBC-24400FED1080,Q27643173,1,Joerg Rieger,6ba58b14dd7e5a69f84834a76f6cf67fef16a15f,http://doi.org/10.1353/BCS.2013.0018,f5b6eea7-48ee-4e46-80da-50cbe6558eb2,2021-11-05T00:00:00Z,11
Q109408050,Power and Christian Theology - By Stephen Sykes,8F93E8F2-9831-4150-8667-951C25230E9B,Q27643173,1,Joerg Rieger,6016518f6750697952a940f26962b6fe587143eb,http://doi.org/10.1111/J.1748-0922.2009.01360_28.X,e4dcd63d-d869-4c76-b700-46e35060798d,2021-11-05T00:00:00Z,11
Q109408051,Power and Empire in the Study of Nineteenth-Century Theology: The Case of Schleiermacher,348C66F8-1EAD-4993-A2A8-B6C68530C84C,Q27643173,1,Joerg Rieger,5c6da72927a7c8f461c40cfaa25cb64b2cff2be6,http://doi.org/10.1515/ZNTH-2013-0004,54a1c075-cb78-458e-b76d-e162811aa40a,2021-11-05T00:00:00Z,11
Q109408052,Radikale Theologie - By Ingolf U. Dalferth,4B3BA0D8-BDDA-462C-85CA-3B1CC1B1DE1F,Q27643173,1,Joerg Rieger,d65cc5e06aa29294d68ea19f7fb72215d9738d77,http://doi.org/10.1111/J.1748-0922.2012.01596_11.X,6867874a-9615-4fe9-9825-3b1de145e914,2021-11-05T00:00:00Z,11
Q109408054,Re-envisioning Ecotheology and the Divine from the Margins,E296EF9F-55E3-4FF6-B0CD-DB6FE31EC1BB,Q27643173,1,Joerg Rieger,e821efec73d0404661d6889b7644642be5cb6a5e,http://doi.org/10.1558/ECOT.9.1.65.36243,72364009-b3d0-4a74-95e1-65e5915924f4,2021-11-05T00:00:00Z,11
Q109408056,Religion and Class,7EA7F1F1-9101-401E-972F-791E9538D88A,Q27643173,1,Joerg Rieger,c4aa583a2fb5e1d0ec80960ae025775458254099,http://doi.org/10.25148/CRCP.4.1.16092142,80e4a15d-9f07-451f-969c-6ae38df37203,2021-11-05T00:00:00Z,11
Q109408058,"Solidarisch Mensch Werden: Psychische Und Soziale Destruktion IM Neoliberalismus-Wege Zu Ihrer Überwindung - By Ulrich Duchrow, Reinhold Bianchi, René Krüger, and Vincenzo Petracca",33920EEF-8E21-4A1E-8935-945FD965F3CA,Q27643173,1,Joerg Rieger,ca0bbf9bf196883c18b0bc6ca7b3a6faa8ac0ee0,http://doi.org/10.1111/J.1748-0922.2007.00171_47.X,5eaf3409-2217-4649-8eed-a36affc909f4,2021-11-05T00:00:00Z,11
Q109408059,The Politics of Human Frailty: A Theological Defence of Political Liberalism – By Christopher J. Insole,726734A2-ECE3-4360-BC63-F80B0658AF70,Q27643173,1,Joerg Rieger,779818e92e75738b8646b6bf38e08090c8e99d09,http://doi.org/10.1111/J.1748-0922.2007.00200_42.X,89232c05-6640-43cb-b6f5-b47645ac1e27,2021-11-05T00:00:00Z,11
Q109408060,Divine Currency: The Theological Power of Money in the West,E2EF11D8-CD66-427D-BBE5-6691B7733400,Q27643173,1,Joerg Rieger,e81f61804ec3e249bc95ee77d04b03364ceb85bf,http://doi.org/10.1080/1462317X.2020.1734282,a2c6313b-675d-40f1-ab7f-3154298743d7,2021-11-05T00:00:00Z,11
Q109408061,"The Turning of the Tide: Theology, Religion, and Economics1",FCFF059B-114C-415A-97FA-B07745729DC5,Q27643173,1,Joerg Rieger,7e7e27c05f1e4bd4ca89c022675b79f979b2cba1,http://doi.org/10.1111/DIAL.12007,944fe555-c29a-48e8-969d-3a716b0012bd,2021-11-05T00:00:00Z,11
Q109408063,Wesleyan Perspectives on the New Creation – Edited by M. Douglas Meeks,88C8F1EC-0B17-4C80-9D7E-F799C8E805BE,Q27643173,1,Joerg Rieger,b7ab2d79577262d5c918a3a9ec328fff5e888816,http://doi.org/10.1111/J.1748-0922.2007.00200_41.X,0059a399-8716-419e-b34c-54b064b857ee,2021-11-05T00:00:00Z,11
Q109408064,"The Cambridge Companion to Liberation Theology Edited by Christopher Rowland Cambridge, Cambridge University Press, 1999. pp. 260. $54.95, $19.95 (pb)",DA305C9D-C02E-4080-A4B4-0DB21E545DC7,Q27643173,1,Joerg Rieger,44e9614e83591a868a8198c48fabdfd9aa93d998,http://doi.org/10.1177/004057360005700130,ddcca631-171f-49e9-8088-59ce23a869a2,2021-11-05T00:00:00Z,11
Q109408065,"Where is God? Earthquake, Terrorism, Barbarity, and Hope: Jon Sobrino, Maryknoll, NY: Orbis, 2004. 156 pp. $22.00",34685501-F01A-41D4-BC33-8A37DFADEB54,Q27643173,1,Joerg Rieger,90ba93f44149bc0ba596f55321b29976964161e0,http://doi.org/10.1177/004057360606300213,35ef8cf4-8ee1-4bbe-b052-ec49ce667278,2021-11-05T00:00:00Z,11
Q109408066,The Suffering of Economic Injustice: A Response to Ulrich Duchrow and David Loy,0B1E8E5F-E552-4ABE-8AB1-4E5F30889118,Q27643173,1,Joerg Rieger,28aa3666e9eef9030199795c2b8bd5cf37e79325,http://doi.org/10.1353/BCS.2014.0032,6ed8685e-f356-4bfb-9702-ad476294b505,2021-11-05T00:00:00Z,11
Q109408068,"Religion, Labor, Class, and Justice: Buddhist—Christian Dialogue in Fresh Perspective",BF29585A-4E2B-476C-97BF-D24B96852369,Q27643173,1,Joerg Rieger,d6d56eada39a6bd726898cb5182aed8079c71fc8,http://doi.org/10.1353/BCS.2019.0011,d30c7cba-0956-4278-8e77-ee989be95907,2021-11-05T00:00:00Z,11
Q109408069,Occupy Religion: Theology of the Multitude and Interreligious Dialogue,134C7D69-714A-480A-BBBA-7A3755259ECD,Q27643173,1,Joerg Rieger,391037295700733095eff64c57f2a0935f350d5a,http://doi.org/10.1353/BCS.2014.0023,6bd0d036-8653-4c09-9b43-ce5d5ea39f13,2021-11-05T00:00:00Z,11
Q109408070,Theology and Mission Between Neocolonialism and Postcolonialism,6216DB8C-E1BF-4BC4-A996-4062FCB4AB29,Q27643173,1,Joerg Rieger,e7d790f3d7cbca5da04f3d932ad79ce9b6121957,http://doi.org/10.1163/1573383042653677,287796db-93e5-4bec-bc8a-0f562e19fe37,2021-11-05T00:00:00Z,11
Q109408071,"Is Political and Intercultural Theology Real Theology, and Why Should Anyone Care?",3FA0CA02-E877-436C-9F4B-B738313321EC,Q27643173,1,Joerg Rieger,e3943a4d9923bfa35f6783ea05c0e73b90e8028d,http://doi.org/10.1558/37326,614a6c63-234b-44dd-b579-c778471d92f2,2021-11-05T00:00:00Z,11
Q109408074,Book Review: With the Grain of the Universe: The Church's Witness and Natural Theology,F76A29BE-B3A3-4810-B150-33C95F4CCE1E,Q27643173,1,Joerg Rieger,fac938c4a13938c695c0269d91e945d1bbb4d91b,http://doi.org/10.1177/002096430005600312,8afce2a8-ecfc-4f66-b4ee-64fa24eb8c04,2021-11-05T00:00:00Z,11
Q109408075,Book Review: Theologie aus asiatischen Quellen: Der theologische Weg Choan-Seng Songs vor dem Hintergrund der asiatischen ökumenischen Diskussion,BA3967E0-69FF-4678-B876-5611695166C4,Q27643173,1,Joerg Rieger,8e74d3f98af3c650796b635b55c38342b3bb4960,http://doi.org/10.1177/002096439605000334,3a403c2e-cfa8-4352-a428-636442596ebc,2021-11-05T00:00:00Z,11
Q109408076,Capitalism and Christian theology,25BB566E-975E-4D39-A89B-B7A9AE3C1C4E,Q27643173,1,Joerg Rieger,f0b68375c42115b5663adb43313c9f3c81ee97b6,http://doi.org/10.1111/REC3.12350,8e6e34db-20ed-49b2-b8bb-13ac43a58c34,2021-11-05T00:00:00Z,11
Q109408077,Engaging whiteness (more) constructively: Conversations with James Cone and Frederick Herzog on the future of race and class in theology,19D1ACED-A0B4-480C-BF5F-2B60B974D6CD,Q27643173,1,Joerg Rieger,288f719077106f98e6e5cd5e05d57340bd22803a,http://doi.org/10.1177/0034637320903301,a48b7ee2-0838-4ed2-ac82-f22f9e9a7189,2021-11-05T00:00:00Z,11
Q109408079,Hoping against Hope: Dealing with Hopelessness in Ancient Times and Today †,9419A3D8-CA2F-424E-87AE-774F23A703ED,Q27643173,1,Joerg Rieger,c89f018430ac080351e762dc768a54874bc6afd7,http://doi.org/10.3390/REL11070331,e41263c8-43b6-4b0d-9b31-868f3881aa22,2021-11-05T00:00:00Z,11
Q109408080,Restructuring Interreligious Dialogue from the Bottom Up through the Lenses of Deep Solidarity and the Multitude,0DBB6726-F4AB-4389-B8E2-2C75B77D3D02,Q27643173,1,Joerg Rieger,7d334d4bff42ac37855a458904da1e4b3ccbadba,http://doi.org/10.1111/EREV.12468,77073e4e-5d4f-402a-8707-1138e59b3df8,2021-11-05T00:00:00Z,11
Q109408397,Protestants and giving: The tithes that bind?,2E27E49E-2F01-47A8-92A3-C4C7220BDBF2,Q83422314,1,James Hudnut-Beumler,a2bf736c1223147b242388ca9628d83ca015a68b,http://doi.org/10.1002/PF.41219950707,5188ae68-553a-4d2b-be5b-0f80a9a5b5d6,2021-11-05T00:00:00Z,11
Q109408398,"Idols, Fetishes and Foreskins: The Other of Religion",46C1CB16-7351-4FE5-8EFA-FED6B260046B,Q83389821,1,Jay Geller,9c85bc10defa3868291f5f36739aeb2b8cbcfdd8,http://doi.org/10.1006/RELI.1997.0070,be3b5068-77c3-43e7-b81d-85984ff24a35,2021-11-05T00:00:00Z,11
Q109408399,Academic Freedom and the Plight of German Theological Studies,85E5FDD9-8222-4669-BCE7-99AC593CBD69,Q87480821,1,Douglas A. Knight,b662487e35a27ad2e8155d9a91f2751584e72972,http://doi.org/10.1006/RELI.2002.0417,4c503dd3-4a05-452a-a90c-45bf50afef89,2021-11-05T00:00:00Z,11
Q109408400,The Gentilemen's Agreement,BC70BC62-20C4-4DEE-9BBA-CC073D6787BE,Q4749053,1,Amy-Jill Levine,5bd6873786c420d3f924c4fa734ed6d7596a5da6,http://doi.org/10.1006/RELI.2002.0419,8ac46277-cfa4-426a-b1c0-b54da46ebda8,2021-11-05T00:00:00Z,11
Q109408403,Comment,59DA02EE-F1BC-4704-A88D-5C0181F023F4,Q83505989,1,M. Meeks,0caa7dedafbefae845f84d829922ae0ed6fb84cc,http://doi.org/10.1007/BF02779045,7e0a2dd5-76ac-43b8-aa6f-15f69c50235e,2021-11-05T00:00:00Z,11
Q109408404,Seeing Things Differently and Not Being Looked At,9C33CB5E-24FD-48A3-8C3F-F1E292081457,Q71850074,1,Jaco Hamman,a64f544391209baf9ae92b5f4e45750e9ba7f180,http://doi.org/10.1007/S11089-009-0237-3,66e9d869-0397-4664-abab-2809f9a1b121,2021-11-05T00:00:00Z,11
Q109408522,Resistance to Women in Ministry and the Psychodynamics of Sadness,8E39C38F-8B93-4D7A-B08D-DDD4446FB29C,Q71850074,1,Jaco J. Hamman,74457520342dcc7a285f4c68e233bd618b59f343,http://doi.org/10.1007/S11089-010-0299-2,535cc6f6-4243-438e-86c5-aa0b88167d22,2021-11-05T00:00:00Z,11
Q109408524,Revisiting Forgiveness as a Pastoral Theological “Problem”,802B27DA-BE60-4735-B834-0949BD74B3DB,Q71850074,1,Jaco J. Hamman,6acda37febda629f1a612760865498e5393ec0dd,http://doi.org/10.1007/S11089-012-0435-2,578a710b-86dc-4098-b090-1215925f7701,2021-11-05T00:00:00Z,11
Q109408525,On Getting away with It: Jesus and the Temptation in the Desert,53CF09EE-E4B2-45D9-8DE5-CB5EFBB6EB64,Q71850074,1,Jaco J. Hamman,cb431e21c01bc3bc64c3228ced9ac7459a9a9ff9,http://doi.org/10.1007/S11089-013-0511-2,4c7b6e5c-4a52-41ee-9fa1-2f825d15ba65,2021-11-05T00:00:00Z,11
Q109408526,The Memory of Feeling: Envy and Happiness,7D7680D3-978F-4101-8E05-2D92E1998096,Q71850074,1,Jaco J. Hamman,0c6d59c4f7c916401decfe9c89ea2cf2fc43f6aa,http://doi.org/10.1007/S11089-013-0555-3,4ba81c01-0fcb-4310-b3a8-ab6def4d3e21,2021-11-05T00:00:00Z,11
Q109408527,A Review of Kirk A. Bingaman’s The Power of Neuroplasticity for Pastoral and Spiritual Care,48D02929-D49C-4E26-9A19-2B516BBCFE5B,Q71850074,1,Jaco J. Hamman,003f39ba92b4656dc44ca5c3a600734505dba0e9,http://doi.org/10.1007/S11089-015-0668-Y,08334832-b0aa-475e-96f0-9f38d47ad4a8,2021-11-05T00:00:00Z,11
Q109408528,Getting it Write: On the Craft of Academic Writing,9479BAFF-5DCE-482D-B455-45A290B9A9A0,Q63038665,1,Bonnie J. Miller-McLemore,989c83c22cec3effb05e2df74327dea34cd1b90f,http://doi.org/10.1007/S11089-016-0707-3,5cde83eb-f347-4df4-8928-a4daf28ef7db,2021-11-05T00:00:00Z,11
Q109408530,"The Organ of Tactility: Fantasy, Image, and Male Masturbation",E30A432E-ECCB-4535-9D52-24CF52DAFEF5,Q71850074,1,Jaco J. Hamman,d85803d38257660cc50187dea5348a0e7dd83adf,http://doi.org/10.1007/S11089-017-0797-6,8c601f23-8e74-444b-8267-e1734ccdcb05,2021-11-05T00:00:00Z,11
Q109408531,The Living Human Web: A Twenty-five Year Retrospective,D535C854-9ECC-42B2-AB0D-B4EC7097292C,Q63038665,1,Bonnie J. Miller-McLemore,7b84a27e6fa1cb6f6becad8f5c1918ca9cfed191,http://doi.org/10.1007/S11089-018-0811-7,5a13682e-4a49-4fd1-8c53-a33f05e3964f,2021-11-05T00:00:00Z,11
Q109408533,“I’m the King of Debt”: Pastoral Reflections on Debt in the Age of Trump,F94595E2-2DC5-42C2-8FBE-C9B0B1A1385E,Q83505877,1,Bruce Rogers-Vaughn,ae25b7bf66ba43b6f4f8de9a4a720726fbf80773,http://doi.org/10.1007/S11089-018-0847-8,0ac6aa22-9f0f-4d15-9d5e-3f835ce322e9,2021-11-05T00:00:00Z,11
Q109408534,The Psychodynamics of Conversion: Winnicottian Perspectives on the Transformation of Job,A487F6D9-A14A-4B4E-A8F4-FA48995B9FA4,Q71850074,1,Jaco J. Hamman,ee44438000e13114466b6f987222fa11c9c537a7,http://doi.org/10.1007/S11089-020-00910-9,64603b9d-25fc-4f7d-a108-ba82c9fe365f,2021-11-05T00:00:00Z,11
Q109408535,Toys: a Man Has His Reasons. Winnicottian Perspectives on the Playing of Men,52F0D216-EDD1-4C8E-AACD-0C29162864F8,Q71850074,1,Jaco J. Hamman,2230dc651fea5a526cd205ef0dfca16772fbc9be,http://doi.org/10.1007/S11089-021-00937-6,8f5ff3ba-1deb-4edf-9041-fa21a4f97fce,2021-11-05T00:00:00Z,11
Q109408536,The Least of These: Black Church Children’s and Youth Outreach Efforts,0FFB3987-2161-4731-9B16-CC781A8248CC,Q67554073,1,Sandra L. Barnes,2f7e420e295f7074eeaa89b2163d7f035b09cce1,http://doi.org/10.1007/S12111-008-9035-8,f10c77ec-d440-4079-9ed2-806c4752aca7,2021-11-05T00:00:00Z,11
Q109408537,"Theological, Denominational, and Organizational Influences on Ecumenical Involvement between Black and White Churches",2431378C-DDA4-4EBC-A56E-EB6816349312,Q67554073,1,Sandra L. Barnes,2ae4c981711aa7b70dfe88e42430f1cc7d4e0837,http://doi.org/10.1007/S12111-009-9086-5,aa40ca84-a276-4b47-b542-52c2c25f0004,2021-11-05T00:00:00Z,11
Q109408538,Black Megachurches: Social Gospel Usage and Community Empowerment,C42B6E4A-49C0-4554-8C2F-BCE70DCAEA37,Q67554073,1,Sandra Lynn Barnes,a3122d5c2715e4cf822e2ee1ac0e78a59345a00f,http://doi.org/10.1007/S12111-010-9148-8,191b8e24-8bb9-464b-b436-87ab7de5ce9b,2021-11-05T00:00:00Z,11
Q109408540,Black Church Electoral and Protest Politics from 2002 to 2012: a Social Media Analysis of the Resistance Versus Accommodation Dialectic,F6221E89-7A39-4E1C-A9CA-378FC828049C,Q67554073,1,Sandra L. Barnes,5eb758b5a639fd4e40b0e39d75d31b72891a9be3,http://doi.org/10.1007/S12111-013-9263-4,5b18066f-c0fa-4828-8d1d-e4b066532d0e,2021-11-05T00:00:00Z,11
Q109408540,Black Church Electoral and Protest Politics from 2002 to 2012: a Social Media Analysis of the Resistance Versus Accommodation Dialectic,2380079C-1DAB-471F-B2B7-B0D66CA61DC7,Q83492880,2,Oluchi Nwosu,5eb758b5a639fd4e40b0e39d75d31b72891a9be3,http://doi.org/10.1007/S12111-013-9263-4,e85976f7-5468-4a0c-bf9d-1d7b7a1944fc,2021-11-05T00:00:00Z,11
Q109408541,"To Educate, Equip, and Empower: Black Church Sponsorship of Tutoring or Literary Programs",A052AF61-CEBA-4AC0-9852-3DB0F93E85BC,Q67554073,1,Sandra L. Barnes,026b1c0de0d1a0f88a0dfe2e9a5138ca3db7d093,http://doi.org/10.1007/S13644-014-0173-2,083ee8e8-3a59-47c3-8117-a88b39bbe604,2021-11-05T00:00:00Z,11
Q109408542,Interprofessional Simulation for Nursing and Divinity Students: Learning Beyond Checklists,C335FCB3-5DFF-4B20-9DDB-01559D7CF1E8,Q97398634,1,Lucinda Steen Stewart,0f71fdf0e73ae12ef1cc4b1a7e82e9e3c4099d9c,http://doi.org/10.1016/J.ECNS.2019.05.002,a92b7359-a274-4b73-a464-df735549d9f9,2021-11-05T00:00:00Z,11
Q109408542,Interprofessional Simulation for Nursing and Divinity Students: Learning Beyond Checklists,D4A09050-C88A-4B91-90A5-3369C1312A36,Q83505894,2,Trudy Hawkins Stringer,0f71fdf0e73ae12ef1cc4b1a7e82e9e3c4099d9c,http://doi.org/10.1016/J.ECNS.2019.05.002,0f4b37e0-fafe-4f4e-848e-e49594ba689e,2021-11-05T00:00:00Z,11
Q109408542,Interprofessional Simulation for Nursing and Divinity Students: Learning Beyond Checklists,52F4001F-D55E-4B7A-B77F-8C684B27C1D0,Q89128687,4,Sally Miller,0f71fdf0e73ae12ef1cc4b1a7e82e9e3c4099d9c,http://doi.org/10.1016/J.ECNS.2019.05.002,8dd9184e-e116-410a-a970-cdc26e3b4ed1,2021-11-05T00:00:00Z,11
Q109408542,Interprofessional Simulation for Nursing and Divinity Students: Learning Beyond Checklists,864F2922-F8CE-420F-8E65-78535E986A51,Q97398066,5,Elizabeth H. Alexander,0f71fdf0e73ae12ef1cc4b1a7e82e9e3c4099d9c,http://doi.org/10.1016/J.ECNS.2019.05.002,298065c6-36d7-455b-9c01-d6e009b8123e,2021-11-05T00:00:00Z,11
Q109408542,Interprofessional Simulation for Nursing and Divinity Students: Learning Beyond Checklists,4E04D198-4770-44A1-84B5-ADF5824E0200,Q47744325,6,Julia C. Phillippi,0f71fdf0e73ae12ef1cc4b1a7e82e9e3c4099d9c,http://doi.org/10.1016/J.ECNS.2019.05.002,2aaafe4f-ab6c-451c-9659-730fc51e3389,2021-11-05T00:00:00Z,11
Q109408544,"Too Poor to Get Sick? The Implications of Place, Race, and Costs on the Health Care Experiences of Residents in Poor Urban Neighborhoods",B9963CED-381A-4CF0-B477-62B876130CD2,Q67554073,1,Sandra L. Barnes,d20b2ba21bb79eb426f26805fd7c54886a9e9842,http://doi.org/10.1016/S0275-4959(04)22003-8,72a126ab-f657-49f2-acca-448414cddb45,2021-11-05T00:00:00Z,11
Q109408545,"Alistair Dougall. The Devil's Book: Charles I, the Book of Sports and Puritanism in Tudor and Early Stuart England. Exeter: University of Exeter Press, 2011. Pp. 230. $90.00 (cloth).",A5B8F114-30EE-4C31-A8A2-0938D1B3B421,Q53901122,1,Paul C. H. Lim,7b250ec8a4ebd2f9e1803fbf283d46bebd52e3dc,http://doi.org/10.1017/JBR.2013.70,34ae4b32-25b7-4e3d-8a92-f94bbb2bd5fa,2021-11-05T00:00:00Z,11
Q109408546,"Hitler's Monsters: A Supernatural History of the Third Reich. By Eric Kurlander. New Haven, CT: Yale University Press, 2017. Pp. xxii + 422. Cloth $35.00. ISBN 978-0300189452. Paper $20.00. ISBN 978-0300234541.",86F62F82-A96E-4801-9F44-AC5CCF0263D1,Q83389821,1,Jay Geller,c8bd49dc5275f7b23e5a2fe4d83d329f5123b13c,http://doi.org/10.1017/S000893891800047X,25bba268-aa09-4aa1-955a-d868077de658,2021-11-05T00:00:00Z,11
Q109408547,"Baptists in America. By Bill J. Leonard. Columbia Contemporary American Religion Series. New York: Columbia University Press, 2005. x + 316 pp. $26.00 paper.",102CD7C1-BB89-45F1-9857-34B5A6F4364F,Q83500320,1,James P. Byrd,d50ae6269f25397cb16e2bf06bf4893a664b1e33,http://doi.org/10.1017/S0009640708001509,956600d4-a791-4e49-a4ac-0c683208b7db,2021-11-05T00:00:00Z,11
Q109408549,"Cotton Mather and Biblia Americana: America's First Bible Commentary. Essays in Reappraisal. Edited by Reiner Smolinski and Jan Stievermann. Grand Rapids, Mich: Baker Academic, 2010. xix + 593 pp. $70.00 paper.",354C4A3A-1F0F-45BA-934E-730ECF52334C,Q83500320,1,James P. Byrd,1176d56dce7ad7a4b02842c713fcad064ef8ae80,http://doi.org/10.1017/S000964071300036X,02c40bde-dd6f-451f-9cc2-bf8829022af9,2021-11-05T00:00:00Z,11
Q109408551,The Syro-Palestinian Context of Solomon's Dream,D78CFFFD-6A00-4B35-9364-76668A7CD6C0,Q15379207,1,C. L. Seow,541138eaa95bb273bd73fdbf3898af98d1c0373b,http://doi.org/10.1017/S0017816000014267,d7707fb9-dde4-4e65-bd23-32ec373eab8e,2021-11-05T00:00:00Z,11
Q109408552,"Reason and religion in the English Revolution. The challenge of Socinianism. By Sarah Mortimer. (Cambridge Studies in Early Modern British History.) Pp. vii+264. New York–Cambridge: Cambridge University Press, 2010. £55 ($95). 978 0 521 51704 1",E2F8D13D-075C-4B96-B12A-7DEF4825B319,Q53901122,1,Paul C. H. Lim,04384c160fad10efcfabd7885a2bb26712504357,http://doi.org/10.1017/S002204691300119X,4443b263-fa15-405b-b143-162ba7e7866e,2021-11-05T00:00:00Z,11
Q109408553,"“The Word of the Lord”: Liturgy's Use of Scripture. By David N. PowerO.M.I., Maryknoll, NY: Orbis, 2001. viii + 168 pages. $22.00 (paper).",996F275B-73D9-4A34-AC4C-BF53909C17FA,Q83505860,1,Bruce T. Morrill,a7991d0961956175718b296b1e524717cd29cbaa,http://doi.org/10.1017/S0360966900010318,dc684e7a-1a59-402e-aa74-0c6a404e4694,2021-11-05T00:00:00Z,11
Q109409866,The Burning of Rebellious Thoughts: MOVE as Revolutionary Black Humanism,1FBB603F-E5F9-41CA-BFDA-E8BC84B297F5,Q83500331,1,J.M. Floyd-Thomas,f27e6509a4996af944b3af220825c8a78a168359,http://doi.org/10.1080/00064246.2002.11431166,d30a1eda-2cc9-4959-878f-f5d9ab88f540,2021-11-05T00:00:00Z,11
Q109409867,Enter Into His Gates: An Analysis of Black Church Participation Patterns,DEBD67DD-6AB5-4218-9C38-1ACD615B813E,Q67554073,1,Sandra L. Barnes,1a73d0cbbdb9ac24f7656541887c300cd2bc23a1,http://doi.org/10.1080/02732170802584351,a27b9e9c-b6f0-4079-82b5-887ab88653f4,2021-11-05T00:00:00Z,11
Q109409868,Healing and Anointing: Introduction,04E2B49A-A604-42A4-91C4-3D3078C83A71,Q83505860,1,Bruce T. Morrill,20a6cd4f1ce8fc613d158e782756fe9f47930b83,http://doi.org/10.1080/04580630701273918,a72b0f58-add0-4f05-b00c-efddc2703b11,2021-11-05T00:00:00Z,11
Q109409869,Challenges and Resources for a Liturgical Theology of Healing: Roman Catholic Practice and Postmodern Theory,70D2BD6A-F12C-4EA7-B979-C30A210BB013,Q83505860,1,Bruce T. Morrill,8554a0704cc7429321774beec55d44a05619642d,http://doi.org/10.1080/04580630701274023,becfc01b-776c-461d-932f-f95cb010d320,2021-11-05T00:00:00Z,11
Q109409870,The Narrative Function of Preaching,7962C6A9-1114-4502-A8D0-E3798E356988,Q83505844,1,John McClure,469f5d72425e018d63b4986990b2963f8fcf549e,http://doi.org/10.1080/04580638909408930,e103003a-4259-47e9-b8df-052448426069,2021-11-05T00:00:00Z,11
Q109409871,Peace and Justice: The Eucharistic Community of Gifting,6A10F753-39C0-4C3A-9D31-68E8B3E1A3CB,Q83505989,1,M. Douglas Meeks,8d92d45282f12b88af842d6bced6e82dd232a3b6,http://doi.org/10.1080/0458063X.1996.10392325,fea84319-1067-498c-ad1d-c9d450d75701,2021-11-05T00:00:00Z,11
Q109409872,Good Table Manners? The Presence and Participation of Fellow Christians at Roman Catholic Mass,2B7D8D44-71C7-44EA-89A7-DFDD9E07875A,Q83505860,1,Bruce T. Morrill,63861a2f8ff2340a128dc87f729fef7b09c9d878,http://doi.org/10.1080/0458063X.2016.1155912,1d9dae0e-db88-4f75-b133-d0bd216b50eb,2021-11-05T00:00:00Z,11
Q109409873,"Confessing Sin, Proclaiming Reconciliation in Contemporary U.S. Catholic Liturgy",425D8FED-2492-4A9F-B3E9-B9F616408B9F,Q83505860,1,Bruce T. Morrill,e0d032146ad467be95ac8f6edb9687074ad18656,http://doi.org/10.1080/0458063X.2019.1559614,726d97fb-570d-4d02-b892-2245faa7501a,2021-11-05T00:00:00Z,11
Q109409874,The folklore of state socialism: Semiotics and the study of the Soviet state,085E3155-F9B7-4C6A-A977-7381EE84AC71,Q83505844,2,John McClure,2c76dddde312619fb0f6fb85270d7a9607006d3c,http://doi.org/10.1080/09668138308411498,48271039-07f9-4ab6-ab0e-6d5d9af621f9,2021-11-05T00:00:00Z,11
Q109409875,Epistemology or Bust: Where are we Really Headed?,4F4F8942-9854-4C5F-9E42-3588DF099496,Q63038665,1,Bonnie J. Miller-McLemore,0cb8fd83ae9a58698988797fca476f097a4944ea,http://doi.org/10.1080/10649867.1992.11745294,dbcf49d8-a5da-4880-a3a8-0a8f9b266f3b,2021-11-05T00:00:00Z,11
Q109409876,Remembering the Dismembered: Teaching for Transformation and Restoration,B59F246D-3B32-41AB-BA68-E968F480F8A5,Q71850074,1,Jaco J. Hamman,1a85012091948cc4ecb33b3a6e475b605098db29,http://doi.org/10.1080/10649867.2006.11745277,85c6c2b1-bce4-4b4e-ac26-a42db1c143c1,2021-11-05T00:00:00Z,11
Q109409896,Understanding Pastoral Counseling,1BAEFEC2-8ED1-4796-9653-09BBE6ED3CBE,Q83505887,1,Phillis Isabella Sheppard,17024c56b0110aeb95038a2199f275181d2b9480,http://doi.org/10.1080/10649867.2016.1178987,5dcdeb18-17fa-4bee-b8c7-314402fc1978,2021-11-05T00:00:00Z,11
Q109409878,Womanist–Lesbian Pastoral Ethics: A Post-Election Perspective,EAE33A69-D290-46D9-81C1-DBA63688287A,Q83505887,1,Phillis Isabella Sheppard,279485397fa23151e34e8acbb54d07902713fe73,http://doi.org/10.1080/10649867.2017.1315791,0f05cd67-364a-43d1-b0a4-4c1b19e91008,2021-11-05T00:00:00Z,11
Q109417469,"Hegemonic Imagination, Historical Ethos, and Colonized Minds in the Pedagogical Space: Pastoral Ethics and Teaching as if our Lives Depended on it",5D5700A2-98E6-44F9-BB75-4791A2D9050C,Q83505887,1,Phillis Isabella Sheppard,725230f4664c506d75a5f282b68da1cb1bb6a20a,http://doi.org/10.1080/10649867.2018.1452691,64ff28a8-3e19-4329-88e8-7019a5da3df8,2021-11-05T00:00:00Z,11
Q109417472,Empowering Activist Pedagogies in Pastoral Theology: Accountabilities and Transformative Possibilities,CF366AA5-BBD3-4CF0-8BEA-3DCD41884C72,Q83505887,3,Phillis Isabella Sheppard,a46efe106c8278a97d71c8bd13208845af36f75e,http://doi.org/10.1080/10649867.2018.1453015,c86f668d-fc43-4cff-bab7-1d6b129db396,2021-11-05T00:00:00Z,11
Q109417475,"Object Relations, Buddhism, and Relationality in Womanist Practical Theology",BCBAF6A0-848C-4461-BC57-283E5812576C,Q83505887,1,Phillis Isabella Sheppard,659fae733a8f41e8f06b32091a3670a68327445e,http://doi.org/10.1080/10649867.2019.1673042,47e980de-e78e-4bf8-a86a-c06b888620df,2021-11-05T00:00:00Z,11
Q109417477,A Case Study of the Working Poor Single Mother Experience: An Analysis of the Structure versus Agency Discourse,5D765BBE-A377-406E-BC08-D1E301B2AB24,Q67554073,1,Sandra L. Barnes,26e1b15366609093353e55fb4c7127bb5ac255dc,http://doi.org/10.1080/10875540801973575,a1f42324-f65b-4739-a14b-5e9738b40396,2021-11-05T00:00:00Z,11
Q109417480,The Ebonics Enigma: An analysis of attitudes on an urban college campus,4D94E0DF-2A31-480F-AC47-2E14A3F88CAC,Q67554073,1,Sandra L. Barnes,014f8184c6e9c63e31712e4c9cf602514263714a,http://doi.org/10.1080/1361332032000109628,a172f074-0a59-4190-9d83-cdbf33fe1381,2021-11-05T00:00:00Z,11
Q109417483,"African American Religions, 1500–2000: Colonialism, Democracy, and Freedom",F02838CA-7AB6-40BF-A7C0-2F3A4945119C,Q83500331,1,Juan M. Floyd-Thomas,d42a25ea0e09094c4d15478a43259c0e05085577,http://doi.org/10.1080/14769948.2016.1186351,af0e5b67-2008-4982-89c0-b9051c4ce4a4,2021-11-05T00:00:00Z,11
Q109417487,"“Be Real Black for Me”: The Icon, Idol, and Incarnation of America’s First Black President",54F0CF8F-8CB4-4E02-9DBE-C01B4C607586,Q7595851,1,Stacey M. Floyd-Thomas,c153e4f3d86d6095189345c3dacf3fbd18088f11,http://doi.org/10.1080/14769948.2018.1411752,15a98c9e-8b1a-4ce6-90e1-0bfce1654932,2021-11-05T00:00:00Z,11
Q109417489,“That’s Not How the Story Ends:” Vincent Harding’s Liberating Vision of African American Religious History,1564420B-A035-4283-A749-3C8D4C12BB9C,Q83500331,1,Juan M. Floyd-Thomas,567a925c5776441de3356a3696b1a0dee994324f,http://doi.org/10.1080/14769948.2019.1680515,3a5cab6b-863d-4073-968c-f5d8c2eda1f1,2021-11-05T00:00:00Z,11
Q109417493,Women in Late Antiquity: Pagan and Christian Lifestyles. Gillian Clark,D7305203-732C-422D-B537-35815ED01ECE,Q4749053,1,Amy-Jill Levine,b3c838836b0adf6ac6454ff824a8e6cc40c5b104,http://doi.org/10.1086/489478,9acd3448-937d-4e25-bb97-25185ee83fad,2021-11-05T00:00:00Z,11
Q109417495,"The New Moses: A Matthean Typology. Dale C. Allison, Jr.",D8F162D6-E785-418A-9B52-2619193AF9BF,Q4749053,1,Amy-Jill Levine,258d9fe967864317fa9eecfc83fb6e500e283db4,http://doi.org/10.1086/489630,b73ed5f1-aeff-417e-a80c-d1377c7401f0,2021-11-05T00:00:00Z,11
Q109417499,Dual Allegiance: Freud as a Modern Jew. Moshe Gresser,9E2220C5-FC8A-4221-BD8A-FFB033096733,Q83389821,1,Jay Geller,192b65c16de029a6c5fae0da76845ac938ea3f6e,http://doi.org/10.1086/489841,8e42f656-a572-4f9f-a904-5ba10d9c59f7,2021-11-05T00:00:00Z,11
Q109417501,The Jewish Novel in the Ancient World. Lawrence M. Wills,958EF0FD-EFD4-4145-8D85-EAB450D8D512,Q4749053,1,Amy-Jill Levine,fa643836b160e463f8653effda7b65bc14310a76,http://doi.org/10.1086/490019,301403a5-465a-4eaf-a93a-831db35e0697,2021-11-05T00:00:00Z,11
Q109417502,Vehicle for God: The Metaphorical Theology of Eberhard Jüngel. Roland Daniel Zimany,45C8A5E9-6BE8-45F4-BB73-A983314FC527,Q83500325,1,Paul DeHart,5045b421272450608e072a7af575bba2e4cb2261,http://doi.org/10.1086/490042,bab876d4-ace9-4d00-b8cb-18b53d3378d4,2021-11-05T00:00:00Z,11
Q109417503,The Fourth Great Awakening and the Future of Egalitarianism. Robert William Fogel,9EFBEE0E-E405-40C7-83D4-BE8AE26672CB,Q83505989,1,M. Douglas Meeks,549a7bbbbd91668c359f2f17e93ce0db183a6064,http://doi.org/10.1086/490953,e937afa0-3021-4b38-b9f9-2d281241c2f9,2021-11-05T00:00:00Z,11
Q109417504,"The Ambiguous Infinite: Jüngel, Marion, and the God of Descartes",16ABC846-2457-4CA4-B13D-61FD8F38B8F2,Q83500325,1,Paul DeHart,5f1ba245af4215eecb35fff086b24d55b45405b3,http://doi.org/10.1086/490995,e62df7da-0813-4bc9-9fe9-6130232f8af7,2021-11-05T00:00:00Z,11
Q109417505,Jesus and the Politics of Interpretation. Elisabeth Schüssler Fiorenza,5F62430F-62BA-4F88-8E53-13AAD03D2C1D,Q4749053,1,Amy-Jill Levine,de53586ad53ebd4d6307c2c10b5ef9d6889dfe3b,http://doi.org/10.1086/491229,43ef01ba-094f-47b3-bbd5-68c638f33909,2021-11-05T00:00:00Z,11
Q109417506,The Servant’s Tale: How Rebekah Found a Spouse,7115CCEF-0671-434C-921B-429990A0AA88,Q6113796,1,Jack M. Sasson,cdb7d02154cf505ac2c46a5da8ebcec0bf0410d2,http://doi.org/10.1086/511101,a1d88e47-a438-495a-89d3-841190afed7b,2021-11-05T00:00:00Z,11
Q109417507,"Mark Edmundson, . The Death of Sigmund Freud: The Legacy of His Last Days. New York: Bloomsbury USA, 2007. xii+276 pp. $25.95 (cloth).",EA265251-C14E-4262-AC23-4C7AFDEB19CB,Q83389821,1,Jay Geller,9f91f5b6cb8b80636e3d22a5604d484f2462b09b,http://doi.org/10.1086/590043,2365e125-072e-4643-b17d-1c45d56b9301,2021-11-05T00:00:00Z,11
Q109417509,"Hayes, Peter, and John K. Roth, eds. The Oxford Handbook of Holocaust Studies. New York: Oxford University Press, 2010. xiv+776 pp. $150.00 (cloth).",5753F9AB-23AA-48AD-B947-580FF815DD53,Q83389821,1,Jay Geller,d4d93df37f40967555065068c368f8bec015a505,http://doi.org/10.1086/663750,e2aee647-e763-4587-af53-2c2b1f097607,2021-11-05T00:00:00Z,11
Q109417510,":Friends of the Unrighteous Mammon: Northern Christians and Market Capitalism, 1815–1860",C6AEF2C3-CD64-4608-BBF3-2544404FF00B,Q83422314,1,James Hudnut-Beumler,2a49a024ef047afe53849d5cf59d0c2d42501de6,http://doi.org/10.1086/AHR.114.1.167,05d1ccfd-c038-436c-b6d7-32876b7b3a68,2021-11-05T00:00:00Z,11
Q109417512,Otto Maduro: In Remembrance and Celebration,884D8726-2EEA-4382-B5CA-8174E41654DC,Q16122562,1,F. F. Segovia,65480c7d690ffde064778ddc3dc8cce29a2a31b0,http://doi.org/10.1093/JAAREL/LFT110,da0a547c-6e1b-43ab-b8af-77df55fe9519,2021-11-05T00:00:00Z,11
Q109417513,"Work and Faith in the Kentucky Coal Fields: Subject to Dust. By Richard J. Callahan Jr. (Bloomington: Indiana University Press, 2009. xviii, 259 pp. $34.95, ISBN 978-0-253-35237-8.)",E6E10BA1-E6F6-47EE-9C9F-DECD1E14F206,Q83422314,1,J. Hudnut-Beumler,3a37d3d6f83579286edabb2d53d9d650c7e6baf2,http://doi.org/10.1093/JAHIST/96.3.863,3baf2c8d-5b0b-43f2-bfb0-f04b984fa133,2021-11-05T00:00:00Z,11
Q109417514,"To Serve the Living: Funeral Directors and the African American Way of Death. By Suzanne E. Smith. (Cambridge: Belknap, 2010. x, 257 pp. $29.95, ISBN 978-0-674-03621-5.)",04542AA2-F9E0-40CC-B019-6DB6FD943D81,Q83500331,1,J. M. Floyd-Thomas,1135cfe38c4b98b27cfeba3614a384519cd0a16c,http://doi.org/10.1093/JAHIST/97.3.835,f5821be5-2d15-48af-bf04-b3582003e097,2021-11-05T00:00:00Z,11
Q109417515,Mau Mau in Harlem? The U.S. and the Liberation of Kenya,6838F8ED-284E-4F85-A586-3CE7B72BC710,Q83500331,1,J. M. Floyd-Thomas,8930b48d5e9c6679d4c8ea08a63c511a4cdc6f9a,http://doi.org/10.1093/JAHIST/JAS183,1aff4d5e-7994-473f-9c76-dcb789aea395,2021-11-05T00:00:00Z,11
Q109417516,The Iconography of Malcolm X,469F3432-345F-47EE-B15B-92B5EF677E45,Q83500331,1,J. M. Floyd-Thomas,781fed67b1be7951685bec696dd69904db036080,http://doi.org/10.1093/JAHIST/JAU565,53cb93e9-0fe9-4be4-a9f4-4780cf262786,2021-11-05T00:00:00Z,11
Q109417517,America's Public Bible: Biblical Quotations in U.S. Newspapers,4ED5091D-D4AC-4804-A569-BBD129A605A2,Q83500320,1,James P Byrd,babaa83a3d67133cd7253b7fb4ebc24434cb61de,http://doi.org/10.1093/JAHIST/JAX556,56971a73-7641-42b8-8c67-5616d84d8be0,2021-11-05T00:00:00Z,11
Q109417518,New World A-Coming: Black Religion and Racial Identity during the Great Migration,CDE8619D-B501-4743-86EB-7E4E1AF729D5,Q83500331,1,Juan M. Floyd-Thomas,ca6a5d19091a9bd2ddc45277a3cdd23a93a2f6ec,http://doi.org/10.1093/JAHIST/JAY097,10437996-6622-438b-9cbc-1dd0145af255,2021-11-05T00:00:00Z,11
Q109417519,"Why Politics Needs Religion: The Place of Religious Arguments in the Public Square. By Brendan Sweetman. Downers Grove, Ill.: InterVarsity Press, 2006. 256pp. $19.00 paper",004E0EB3-E5DF-4ECB-AFD5-D2ACBBB98D69,Q83422314,1,J. Hudnut-Beumler,f3263fbe35f111e43091afc3fc6177376ea7fa62,http://doi.org/10.1093/JCS/49.3.555,d8066ca5-41b6-4b76-8955-3d962f58f0b1,2021-11-05T00:00:00Z,11
Q109417520,"In the Beginning Was the Word: The Bible in American Public Life, 1492-1783. By Mark A. Noll",97BBEEA8-4270-4722-9DDF-26B240B48FD1,Q83500320,1,James P Byrd,88c136c54b016e9ade6df904ca6229e55545547e,http://doi.org/10.1093/JCS/CSY024,b22a6b30-9351-4fbf-ada4-30ebc76c9655,2021-11-05T00:00:00Z,11
Q109417521,"Where 'Difference is the Norm': Exploring Refugee Student Ethnic Identity Development, Acculturation, and Agency at Shaw Academy",53798C47-B149-44DE-8962-1F2C9DD48532,Q83492880,1,O. C. Nwosu,21a0c4e55bded88a1543b1e887d8fcc345e9d276,http://doi.org/10.1093/JRS/FET050,74920c53-a5d1-4ed6-93c9-5a03c5f992b2,2021-11-05T00:00:00Z,11
Q109417521,"Where 'Difference is the Norm': Exploring Refugee Student Ethnic Identity Development, Acculturation, and Agency at Shaw Academy",0405D940-3342-4F45-B624-86ABA02F3D52,Q67554073,2,S. L. Barnes,21a0c4e55bded88a1543b1e887d8fcc345e9d276,http://doi.org/10.1093/JRS/FET050,608183b3-ebdd-414e-a21d-62a95d61b9d6,2021-11-05T00:00:00Z,11
Q109417523,Particularism and Universalism in the Sermon on the Mount: A Narrative-Critical Analysis of Matthew 5-7 in the Light of Matthew's View on Mission By BORIS PASCHKE,F0FCEADE-F3C8-47E9-A756-2A202DDA32C1,Q4749053,1,A.-J. Levine,a74187a791f92be2d343faf2311859b0a993cb9e,http://doi.org/10.1093/JTS/FLU145,cc448a85-c4ed-43b7-84d9-8c9a439d1899,2021-11-05T00:00:00Z,11
Q109417524,Exploring Our Hebraic Heritage: A Christian Theology of Roots and Renewal. By Marvin R. Wilson,8580F264-5E67-4275-8BEC-E192960ACFA6,Q4749053,1,Amy-Jill Levine,a384461d880f59b50eb9a8c404c0d194c8984f86,http://doi.org/10.1093/JTS/FLX006,2d56aaff-fe0d-4e51-8584-4551264736c6,2021-11-05T00:00:00Z,11
Q109417525,A Paleontological View of Freud's Study of Religion: Unearthing the Leitfossil Curcumcision,B885A92A-FD0D-4F9B-8D86-BBD1E91F5AA0,Q83389821,1,Jay Geller,d410c74d30b3510772b7248f85a282b3667c63ce,http://doi.org/10.1093/MJ/13.1.49,3c122f1d-9b31-424e-9f94-02d30abab584,2021-11-05T00:00:00Z,11
Q109417526,Atheist Jew or Atheist Jew: Freud’s Jewish Question and Ours,8D1254CE-E785-43F7-9BBA-DE8D66E7D838,Q83389821,1,Jay Geller,43e8f0ac20636b410811a29eaeb43d3383bc4a76,http://doi.org/10.1093/MJ/KJJ001,199ade8f-3732-4df2-9cc1-a40b4c10d331,2021-11-05T00:00:00Z,11
Q109417527,Godless Intellectuals? The Intellectual Pursuit of the Sacred Reinvented,A012725B-EF80-466B-B972-A9ECCEAACFEC,Q83505867,1,G. Reside,f9ea3748de8ddd1808f1781f3ecdeea372c9de45,http://doi.org/10.1093/SOCREL/SRU010,c68787d3-b6cf-481f-915e-0a230b86cdf0,2021-11-05T00:00:00Z,11
Q109417528,The Black Church Revisited: Toward a New Millennium DuBoisian Mode of Inquiry,913A6AE2-A7F8-4BBC-ADA7-44DCF45C901B,Q67554073,1,S. L. Barnes,7f58426b541b28c5c178ac34d827b0bf72e27a69,http://doi.org/10.1093/SOCREL/SRU056,92ed8b6b-0ff4-4524-a45e-ad5d8341df22,2021-11-05T00:00:00Z,11
Q109417530,Towards a Religious History of the Black Atlantic: Charles H. Long's Significations and New World Slavery,F70C5284-6FD4-4AD7-A3B1-F56CECE718B5,Q83500331,1,Juan M. Floyd-thomas,861c1dac801c5a924a0770fd83eb8b3d8daa296f,http://doi.org/10.1111/1467-9809.12409,5928b8ab-633f-4dee-b484-967d09b5bd0a,2021-11-05T00:00:00Z,11
Q109417531,"Identity Quests, Indebted Diversities, and Serving “The Church”: Living the Questions of Ministerial Formation",04C6C931-BED0-45AF-A07D-8F1FE167FFB7,Q83505891,1,C. Melissa Snarr,e88388376edc492ad95c0b0fc1d7ecd11f0d2a83,http://doi.org/10.1111/CROS.12360,fcea7181-eafa-4173-bef8-5e16b4d2242d,2021-11-05T00:00:00Z,11
Q109417532,"Surge of Piety: Norman Vincent Peale and the Remaking of American Religious Life. By Christopher Lane. (New Haven, CT: Yale University Press, 2016. Pp. 224. $28.00.)",229CEC29-A12E-4275-94B1-864655C4DDFB,Q83422314,1,James Hudnut‐Beumler,3b28b96f6a6f67cda5c0c58b77af91c5eae6af47,http://doi.org/10.1111/HISN.12942,5071284e-0464-4286-8365-9c33b230c94f,2021-11-05T00:00:00Z,11
Q109417533,Teaching for Conflict Resolution: Metaethical Case Study Analysis as a Teaching Strategy,FB349745-2BAE-4E22-B463-BC51C258B044,Q7595851,1,Stacey M. Floyd-Thomas,0eee5d1761de138d38d5a8c0d5f3cd298dd322ec,http://doi.org/10.1111/J.1467-9647.2010.00623.X,952a11f6-54df-4316-9d4b-20d29d4f462b,2021-11-05T00:00:00Z,11
Q109417534,Responses to the AAR-Teagle White Paper: “The Religious Studies Major in a Post-9/11 World”,09A8EABC-A0F0-45E0-9250-6A1B16FB5F0E,Q7595851,4,Stacey Floyd-Thomas,a297c9f53a7f38e5885763d0736f99338bea4f40,http://doi.org/10.1111/J.1467-9647.2010.00673.X,04efe7f1-f900-4c38-aded-f6be6a444546,2021-11-05T00:00:00Z,11
Q109417536,"On Being Heard but not Seen: Milbank and Lash on Aquinas, Analogy and Agnosticism",9DE3813F-9A8B-4C88-85C7-E4085C362547,Q83500325,1,PAUL De HART,0c34b4833267212f4478c8792f32b48f60c8dad7,http://doi.org/10.1111/J.1468-0025.2009.01596.X,23c5aa44-8592-4e98-b219-909e60a3e46f,2021-11-05T00:00:00Z,11
Q109417538,The New Spirituality: An Introduction to Progressive Belief in the Twenty-First Century - By Gordon Lynch,5F14B668-0E4A-4668-BFEB-24D61B13D8DA,Q83505867,1,Graham Reside,ffeff13733ba8c7ca44771a2f6db3fc82dd5995f,http://doi.org/10.1111/J.1479-2214.2010.00182.X,c4e31b58-d687-45a8-af6a-41ea64cf6e20,2021-11-05T00:00:00Z,11
Q109417539,Book Review: Black on the Block: The Politics of Race and Class in the City,022C6D49-4555-47E8-A3F2-E41653D613C2,Q67554073,1,Sandra L. Barnes,69e150da0b9e8d296e0cf0e6bafbe660fdfac941,http://doi.org/10.1111/J.1540-6040.2007.00242_3.X,c1e766af-a47c-4056-ae20-f68f90ab22e8,2021-11-05T00:00:00Z,11
Q109417540,Teaching to Transform: From Volatility to Solidarity in an Interdisciplinary Family Studies Classroom*,CEB87B5B-F314-4307-B9B3-F72BB90A1C2F,Q7595851,2,Stacey M. Floyd-Thomas,2a9a6eb1d96c6e296eec73d71d6446b1cdd93b22,http://doi.org/10.1111/J.1741-3729.2001.00317.X,6108d1b2-6a9f-4638-98a9-28f4640fba7e,2021-11-05T00:00:00Z,11
Q109417541,Mothering While Imprisoned: The Effects of Family and Child Dynamics on Mothering Attitudes,B17D7399-36A8-468C-BEAD-C5FAC9374961,Q67554073,2,Sandra L. Barnes,c8fea89dd2f737cd0bff0f573cc8274b06f36ee0,http://doi.org/10.1111/J.1741-3729.2011.00696.X,87914485-7eb2-4ead-b205-e19d6f3de503,2021-11-05T00:00:00Z,11
Q109417543,"Religion, Race, and Bridge Building in Economic Justice Coalitions",DB5B5F00-2BE8-4CB3-B7D4-D8BC7D015EA6,Q83505891,1,C. Melissa Snarr,dfc81f5f7a5bcf5fc5553a66aa62278deaa9bf2b,http://doi.org/10.1111/J.1743-4580.2008.01220.X,a2bd6d17-cc94-4ab1-ac53-56fb7bee43f0,2021-11-05T00:00:00Z,11
Q109417545,Sex and Character: An Investigation of Fundamental Principles – By Otto Weininger,57E794ED-9D92-4954-AE1A-AD7DA1CFBD8D,Q83389821,1,Jay Geller,0b53d76ffb467f060e291df7c37933c4a533772f,http://doi.org/10.1111/J.1748-0922.2008.00238.X,a30a98db-5b69-45a2-ad40-be80a573160a,2021-11-05T00:00:00Z,11
Q109417546,The Evangelical Conversion Narrative: Spiritual Autobiography in Early Modern England - By D. Bruce Hindmarsh,4053EB1D-2B5F-4C2C-A4DD-38B7B32C616B,Q53901122,1,Paul C.H. Lim,d8537448559a8382fce529ba03300a1f0b6b79a4,http://doi.org/10.1111/J.1748-0922.2009.01322_2.X,fb55dccc-e228-4ee8-a3f5-77cf0de1efd3,2021-11-05T00:00:00Z,11
Q109417547,Invocation and Assent: The Making and Remaking of Trinitarian Theology – By Jason E. Vickers,F9AF491A-2929-42AD-A86A-2CD011D67C15,Q53901122,1,Paul C.H. Lim,ba753647ce04479e8d9ead9e359e090a2106dd3c,http://doi.org/10.1111/J.1748-0922.2009.01381_61.X,1311a8f8-c414-406d-a8ba-a65b77ca811d,2021-11-05T00:00:00Z,11
Q109417548,“The Passage from Mind to Heart is so Long …”: The Riddle of “Repetition” and Kierkegaard's Ontology of Agency,84A9D731-7A74-4E42-984F-DC5D814C3783,Q83500325,1,Paul J. DeHart,84bc11a3dfbb61196c55a7462f65d1f5847dd7c5,http://doi.org/10.1111/MOTH.12114,0a438a24-698d-4f89-a46e-5bad687a2a22,2021-11-05T00:00:00Z,11
Q109417550,"Improvising the Paradigms: Aquinas, Creation and the Eternal Ideas as Anti-Platonic Ontology",868F9CA9-6E94-4A4E-B384-1D62DA3DA609,Q83500325,1,Paul DeHart,9d269d7ebac78e462d0e4a6d987d5569e63a3d17,http://doi.org/10.1111/MOTH.12281,12aa1475-e274-449b-96c7-e0f2a175dc6c,2021-11-05T00:00:00Z,11
Q109417551,Chinese Megachurch Persecution: Application of an Indigenous Resource Framework,B20428B1-9AAD-4F18-AAC6-C6699D8D75E3,Q67554073,1,Sandra Lynn Barnes,02898189be9935a1d165d961f09e7fb1002522cc,http://doi.org/10.11114/IJSSS.V1I1.12,80cfa5ca-5fb7-4e16-940d-e8ad76cba8c7,2021-11-05T00:00:00Z,11
Q109417552,Character Ethics and the Old Testament: Moral Dimensions of Scripture,DE5D6DE7-55CF-46A0-9636-C81865B0FB5E,Q83505836,1,Herbert Marbury,ac3dc3ade665b9bb7f1194327f06136db04d1d95,http://doi.org/10.1163/156851508X306994,4f49980d-e67d-4807-b11a-dfc6ef68cfc8,2021-11-05T00:00:00Z,11
Q109417553,"Second Temple Judaism, Jesus, and Women Yeast of Eden",24158C90-1A5C-4D6D-A2FF-5EDDBAAA9E09,Q4749053,1,Amy-Jill Levine,0c31aa19d1efae0dbd1da8f9ab10406eb7701107,http://doi.org/10.1163/156851594X00024,4bed405a-4c0d-4bda-8f81-3179efb1c0b4,2021-11-05T00:00:00Z,11
Q109417554,The Emerging Project of Asian Biblical Hermeneutics: Reading Asian Readers,1F6A4606-7362-463A-AA26-B9F0681A8E08,Q16122562,1,Fernando F. Segovia,5f6acf385940f88ff7c45ee7c9b649f49b07baa5,http://doi.org/10.1163/156851594X00169,d068dc80-be47-4b5b-b43e-51cab5beae74,2021-11-05T00:00:00Z,11
Q109417556,Postcolonialism and Comparative Analysis in Biblical Studies,89E74D96-6707-4F0E-8F78-E8F4F12E014A,Q16122562,1,Fernando F. Segovia,a5fb34ecfd5937421db0665f69de12fc2be059bb,http://doi.org/10.1163/156851599X00119,1b9f01b9-25ae-4ca1-97a9-0de4b7e9c6cc,2021-11-05T00:00:00Z,11
Q109417557,Text Critical Notes on 4QJoba,90EDF7F4-3D44-4FEF-83B3-749D08CAF5E4,Q15379207,1,C. L. Seow,b5d36b5daaa16530be35550a8eda4724e9822c51,http://doi.org/10.1163/15685179-12341350,87ad8b8e-b6bc-4216-907d-575c60595440,2021-11-05T00:00:00Z,11
Q109417559,En Jeu: Lincoln Logs or Pick-up Sticks,4C23A85B-1346-4030-A216-679C14AD3956,Q83389821,1,Jay Geller,384390d52be936805ea5c18d74ebadf2448ff249,http://doi.org/10.1163/1570068053429875,f1575a9b-a3b2-4470-9fc3-ca52f08af5d7,2021-11-05T00:00:00Z,11
Q109417560,Table Dancing in an Opium Den: Marx’s Conjuration of Criticism out of “Criticism of Religion” in 1844,56B50148-E0C4-44D3-9B1B-183A8BD650B4,Q83389821,1,Jay Geller,c5c13d5732d04f6819e711bfc6433f1870002d52,http://doi.org/10.1163/15700682-12341263,9cff8f9c-3be8-4b8e-ae7b-009849fc2ee4,2021-11-05T00:00:00Z,11
Q109417938,"Book Review: The Johannine Approach to Mission, by Teresa Okure.; An Evolutionary Approach to Jesus of Nazareth, by Juan Luis Segundo.",B44BC1A8-F9B0-46B2-8722-3919511A439B,Q16122562,1,Fernando Segovia,5a6e955f31b4053a532fdab1de7317b53c9b2b5e,http://doi.org/10.1177/002096430004400325,9c65bdcf-7b72-4e18-812a-35dce14659c2,2021-11-05T00:00:00Z,11
Q109417562,"Book Review: Let Justice Roll Down: The Old Testament, Ethics, and Christian Life",E8CAB369-D01B-41A1-89CD-412592F16315,Q87480821,1,Douglas A. Knight,50fa6fb81ef30098cd5db104874de0207afbd7a1,http://doi.org/10.1177/002096430004800107,4af89cd5-0aaf-4c61-b455-94c281efe9df,2021-11-05T00:00:00Z,11
Q109417564,"Book Review: Lament: Reclaiming Practices in Pulpit, Pew, and Public Square",203DA0F2-CBEA-49A0-BB4F-FE8B9BC69D3C,Q71850074,1,Jaco J. Hamman,260e8936ae2a699e122c701ebd572ae64bda5868,http://doi.org/10.1177/002096430606000339,417cc550-24f1-4dcc-a2ff-be77a735fdf0,2021-11-05T00:00:00Z,11
Q109417566,Book Review: Transforming Spirituality: Integrating Theology and Psychology,5DCD0C18-9005-468C-96C1-27278EE16A92,Q71850074,1,Jaco J. Hamman,901abdd57f2d22e6904066fd7a7010ec775ca8f8,http://doi.org/10.1177/002096430806200113,0f54bead-1d58-42a4-b75a-61c0baad28c7,2021-11-05T00:00:00Z,11
Q109417570,Book Review: Global Neighbors: Christian Faith and Moral Obligation in Today's Economy,AD4CB937-34FD-48AB-A4ED-5F0937D2CAD3,Q83505989,1,Douglas Meeks,1acadea2fc633d0c538ee1300a4e6559ebb0d120,http://doi.org/10.1177/002096431006400233,67183ee7-7cc4-4c6c-bd10-59bbe22a9b13,2021-11-05T00:00:00Z,11
Q109417573,Book Review: Who Is Jesus Christ for Us Today? Pathways to Contemporary Christology,840A1160-0089-4017-8F19-4583A29C40F3,Q83500325,1,Paul Dehart,8a51270d7b79cef3fd6f9a8dd6039b134653e582,http://doi.org/10.1177/002096431006400323,25c76e86-e389-45c9-a61d-cbf0bfeddd3d,2021-11-05T00:00:00Z,11
Q109417576,Book Review: Atheist Delusions: The Christian Revolution and its Fashionable Enemies,F649E5F3-B02D-47CA-8743-1FB4EC1A951C,Q83505867,1,Graham Reside,aaecb871e9457544a41adf0b07a307eb563c24b3,http://doi.org/10.1177/002096431006400419,7bf70403-3a55-41b3-a1ee-eef32f758b45,2021-11-05T00:00:00Z,11
Q109417578,The Peril of Usury in the Christian Tradition,362277F2-6F1E-4918-8D19-743B0CFA6049,Q83505989,1,M. Douglas Meeks,376e52cbe7c0e1693624048939f9b21a0482c06e,http://doi.org/10.1177/002096431106500204,ae352a57-63da-4e43-849b-d22e925dfffc,2021-11-05T00:00:00Z,11
Q109417582,Perspectives on Aging and the Elderly in the Hebrew Bible,2C684DF6-22A2-4668-B753-4E691B3EDDE2,Q87480821,1,Douglas A. Knight,54229e1526a5af537129cec8a105b370b7882d73,http://doi.org/10.1177/0020964313518179,434a89f2-2075-4d90-8d6f-c97600e7a387,2021-11-05T00:00:00Z,11
Q109417585,Luke and the Jewish Religion,15689A1D-DC4F-4561-8658-E47349621559,Q4749053,1,Amy-Jill Levine,8849866af1db54fd2cbde1cdfd685232c98adfeb,http://doi.org/10.1177/0020964314540107,3b12d41e-05da-4b9e-8aac-e5390fd3505f,2021-11-05T00:00:00Z,11
Q109417589,Isaiah’s Suffering Servant: Before and After Christianity,254F8D48-156F-4E8A-9D64-99399F3A771A,Q4749053,2,Amy-Jill Levine,c19315deb983affdcafffdc8134c4b91c48e947f,http://doi.org/10.1177/0020964318820594,20b9f663-9e01-41d2-a475-27f32f4e65c4,2021-11-05T00:00:00Z,11
Q109417591,"Book Review: God, Marx, and the Future",8613BB77-8A6A-400D-9B1D-C81DB1AAAE7B,Q83505989,1,M. Douglas Meeks,4f4f1a2d2a67aa426179c13403634b965b7fb939,http://doi.org/10.1177/002096437603000227,898c6791-4657-4047-b111-5395f5165f94,2021-11-05T00:00:00Z,11
Q109417594,Book Review: A Handbook For The Church,9870C298-A77B-4BC7-B30F-550C18BBCDC6,Q83505989,1,M. Douglas Meeks,c95790fdcf837306e5dc7c195424728fa63cbc52,http://doi.org/10.1177/002096437903300309,05202812-88d6-4b51-89ca-4c672a9be021,2021-11-05T00:00:00Z,11
Q109417598,The Significance of Social Location in Reading John's Story,4FA22F27-7AE4-4B2A-862C-408CE5A05241,Q16122562,1,Fernando F. Segovia,316410b80d2993892d3dff15b15670ca5c76785e,http://doi.org/10.1177/002096439504900405,176e9f83-5768-4bd6-af39-229d06c62e5f,2021-11-05T00:00:00Z,11
Q109417602,Reconceiving Infertility: Biblical Perspectives on Procreation and Childlessness,362A6655-E5DE-45F9-862A-2DE70E2E1B4F,Q4749053,1,Amy-Jill Levine,dfeb4afb631be9820cf68093343368718a6f224d,http://doi.org/10.1177/0021140016648628B,3c080e2c-8fd2-40b3-baa9-b28ca603ef18,2021-11-05T00:00:00Z,11
Q109417604,"Subverting Forced Identities, Violent Acts, and the Narrativity of Race",03620AF8-3D04-4D5F-999C-E0201B64BBDF,Q7595851,1,Stacey M. Floyd-Thomas,ebf004396848e6ee9570852266f7b3765a95e250,http://doi.org/10.1177/002193470203200503,124bca48-9e30-4fee-a039-45ea07beebef,2021-11-05T00:00:00Z,11
Q109417608,The Significance of Body and Resurrection in the Roman Catholic Order of Christian Funerals,D38FB091-6C13-4A21-AB37-F1172B2B0A22,Q83505860,1,Bruce T. Morrill,c781d50d094da6280c2ed433c9c35eefa661ec4f,http://doi.org/10.1177/003932070903900107,575b6ded-480a-4782-ad76-d2c9e004ab92,2021-11-05T00:00:00Z,11
Q109417611,Holy Communion as Public Act: Ethics and Liturgical Participation,C38FADDA-6C78-4931-B23E-885A4470EFB0,Q83505860,1,Bruce T. Morrill,aeee53565c34f6a9cfa08ae4e048cc90b9609a49,http://doi.org/10.1177/003932071104100104,b6b24c57-911c-4cd9-9adf-84138dfe0c55,2021-11-05T00:00:00Z,11
Q109417615,Baptism and Identity Formation: Convergences in Ritual and Ethical Perspectives a Dialogue,8B4966C4-FF59-4653-B45B-19FAB8484ED0,Q83505860,2,Bruce T. Morrill,238f1bd8868bca2696a511b7890e5146794fea84,http://doi.org/10.1177/0039320712042001-209,7ace8d61-07b8-4f07-a13e-21c7ff26cf5d,2021-11-05T00:00:00Z,11
Q109417618,"Models of Liturgical Memory: Mystical-Political Dimensions, Mythic-Historic Tensions",FFA0B56C-98CF-4F23-B638-6388662B52F6,Q83505860,1,Bruce T. Morrill,f9b1ba591b5693dbf50731d5f1787020cea467f0,http://doi.org/10.1177/0039320719884125,ef788ef4-3f1c-4e59-8e2f-ac955aa18994,2021-11-05T00:00:00Z,11
Q109417620,"Book Review: An Ethics of Remembering: History, Heterology, and the Nameless others",BA7EFE77-5CC6-43DE-8647-42AEAC9D6672,Q83505860,1,Bruce T. Morrill,67d39001210a148102d58abee11df8d85b4dbb9f,http://doi.org/10.1177/004056390006100128,4bfed4bc-4bec-4857-b3fc-4a78e56aef55,2021-11-05T00:00:00Z,11
Q109417623,Book Review: Justification: The Heart of the Christian Faith,94DFD3D9-7374-42A6-8AC7-C981935B3BE2,Q83500325,1,Paul DeHart,556706a4e01122fe3bb2fff003e340b3d11ab84c,http://doi.org/10.1177/004056390206300323,3ee072cd-5d8e-47d6-8774-fcbf18a7d3cf,2021-11-05T00:00:00Z,11
Q109417627,Book Review: Power and the Spirit of God: Toward an Experience-Based Pneumatology,70A34AD0-D7CA-4BC3-80BC-6B31B1B4351D,Q83505860,1,Bruce T. Morrill,38eafd9531bad9370066708647b8ede738474857,http://doi.org/10.1177/004056390506600423,87e8e016-dd78-47f3-a64f-82dd64105d10,2021-11-05T00:00:00Z,11
Q109417630,Book Review: The Eucharistic Liturgies: Their Evolution and Interpretation,89A00095-3C26-4F65-B419-2C902BC62294,Q83505860,1,Bruce T. Morrill,4a282379856696e9e654571ab4327ed7ce4da4d3,http://doi.org/10.1177/004056391307400335,82fb7fc8-068f-44c3-a9fa-c801e7bbfe87,2021-11-05T00:00:00Z,11
Q109417636,Book Review: A Priestly People: Baptismal Priesthood and Priestly Ministry. By Jean-Pierre Torrell. Translated from the French by Peter Heinegg,3A72C5E7-70C1-4B01-86AC-B140F741FCAC,Q83505860,1,Bruce T. Morrill,f36f78fee1a70a19ffc61cb1e33c2a1f601cadc9,http://doi.org/10.1177/0040563914529909M,3a38f90a-4009-4618-9627-9936351af46f,2021-11-05T00:00:00Z,11
Q109417639,"Sign of Reconciliation and Conversion? Differing Views of Power—Ecclesial, Sacramental, Anthropological—among Hierarchy and Laity",3B3486B1-94C1-45E5-8B4F-848033924AAD,Q83505860,1,Bruce T. Morrill,fc7eb8f47a495dd594050943c0276768aa40835a,http://doi.org/10.1177/0040563914538728,7e056d82-1825-4b0f-b0dc-d1519c83cdd6,2021-11-05T00:00:00Z,11
Q109417641,Book Review: Hope in Action: Subversive Eschatology in the Theology of Edward Schillebeeckx and Johann Baptist Metz. By Steven M. Rodenborn,B22C4956-819F-4E98-A729-43EA0BE24475,Q83505860,1,Bruce T. Morrill,5a916f0ccc645c540e78918dce7022b706c24ec3,http://doi.org/10.1177/0040563915593487Q,5b5d5202-3683-487a-8232-f3d07976c85e,2021-11-05T00:00:00Z,11
Q109417642,"Book Review: Feet Rooted, Hearts Radiant, Minds Raised: Living Sacraments in India. By Francis Gonsalves, SJ",BC62ABA2-B858-4B34-95D0-11A7D6C8F18A,Q83505860,1,Bruce T. Morrill,229751bad1c4b46395c0b5c5963c6adb28c38de4,http://doi.org/10.1177/0040563916635112R,83b82a30-d31d-4576-8dbf-3ff5184862e4,2021-11-05T00:00:00Z,11
Q109417643,"The Creature Makes Itself: Aquinas, the De-idealization of the Eternal Ideas, and the Fate of the Individual",62B1A79B-B6BB-4AF8-8548-113AC23B8A44,Q83500325,1,Paul DeHart,f590ba0f5955d0d353068a41e943df4ec4f9850d,http://doi.org/10.1177/0040563917698558,cc234c95-d6d3-4367-a3e8-e5607f2440ca,2021-11-05T00:00:00Z,11
Q109417644,"Book Review: From Passion to Paschal Mystery: A Recent Magisterial Development concerning the Christological Foundation of the Sacraments. By Dominic M. Langevin, OP",18B8018B-E911-4C6C-95AF-B59C0A03B0FF,Q83505860,1,Bruce T. Morrill,64e7d98c7a594355e90878d9ef2ff41204fea409,http://doi.org/10.1177/0040563917719018T,6fddd0e1-7705-4f60-88ba-867b971840d3,2021-11-05T00:00:00Z,11
Q109417645,"Book Review: Snodgrass, Klyne R.: Stories with Intent",B6CD4ECC-DB80-4632-A826-ACDB3FAF5C6B,Q4749053,1,Amy-Jill Levine,17689c906b9820d15b96f7c8c25b26c807b4ec14,http://doi.org/10.1177/0040563918819916B,9c3669c4-8d81-40e2-ba3d-aee84fa8c736,2021-11-05T00:00:00Z,11
Q109417646,Book Review: The Oxford Handbook of Sacramental Theology By Hans Boersma and Matthew Levering (eds.),A56A9EC2-0FF5-42F7-A4FF-AA8E93B18987,Q83505860,1,Bruce T. Morrill,bacd65132d7bd940b6d6b8c0fdfb511cca870947,http://doi.org/10.1177/0040563918819918C,0f49483c-2e75-43c7-a51a-dc9deb0b8328,2021-11-05T00:00:00Z,11
Q109417647,Eberhard Jüngel on the Structure of Theology,15DE9EA9-9298-41CD-B8EF-55E2CB058136,Q83500325,1,Paul Dehart,4064ba2bcfd269bf40c17b2a78a48224c548fb2f,http://doi.org/10.1177/004056399605700103,66e6f816-b403-40bc-888c-cc64b3ad6fcf,2021-11-05T00:00:00Z,11
Q109417648,"The Market Economy and Christian Ethics By Peter H. Sedgwick New York, Cambridge University Press, 1999. 325 pp. $59.95",E22DF6FD-A165-40BE-8FC2-04E82D599784,Q83505989,1,M. Douglas Meeks,1a7c1cfc523658003fd98f8e64ec6fa824ef3765,http://doi.org/10.1177/004057360305900419,a35e420b-8730-4088-aa94-05648a864132,2021-11-05T00:00:00Z,11
Q109417650,"Cross Talk: Preaching Redemption Here and Now: Sally Brown: Louisville, KY: Westminster John Knox, 2008. 167 pp. $19.95",2ACA9F32-77C4-4B9C-B181-0D0911260CFA,Q83505844,1,John S. McClure,4fbbe52bcb4f6de80a163b85b71bc06db091e209,http://doi.org/10.1177/004057360906500417,cdb77ba6-457a-4d17-9268-5c23f96dcf9d,2021-11-05T00:00:00Z,11
Q109417651,Elihu's revelation,66E0A187-5F36-4994-91DC-E87128517AB8,Q15379207,1,Choon-Leong Seow,8d4f5c497323e29bd77fa443f77c64628d363fa7,http://doi.org/10.1177/0040573611416537,f4ff14e6-a1f0-4bdf-a4b1-552b9bda8a5d,2021-11-05T00:00:00Z,11
Q109417652,The Church and the Crisis of Community: A Practical Theology of Small-Group Ministry by Theresa F. Latini,EB7E3A80-98BA-4BBD-B7A0-778A188E8176,Q71850074,1,Jaco J. Hamman,4f9a3abe24711603ae83a9163ba43e04fe438f90,http://doi.org/10.1177/0040573613496021,bdf3f714-7419-4f7a-9e63-6beef680d8ac,2021-11-05T00:00:00Z,11
Q109417653,"The Creative Suffering of God by Paul S. Fiddes. Oxford, Clarendon Press, 1988. 281 pp. $59.00",9409023B-F404-4823-8AE4-C73630983EFF,Q83505989,1,M. Douglas Meeks,f543c12656095daa03e0ca700edfac84c41ce58b,http://doi.org/10.1177/004057368904500422,42b7f637-610a-4bec-ac6b-fc2405297cdd,2021-11-05T00:00:00Z,11
Q109417654,"The Amnesty of Grace: Justification by Faith from a Latin American Perspective; By Elsa Tamez; Translated by Sharon H. Ringe. Nashville, Abingdon Press, 1993. 208 pp. $14.95",01083170-D902-4898-B493-B7FCF6207866,Q16122562,1,Fernando F. Segovia,a9d4c0b3100bbf7d938b1998567d1ff7ee167068,http://doi.org/10.1177/004057369405100323,a76c6fd3-eaa1-4982-ab6b-b4ec1eb3829b,2021-11-05T00:00:00Z,11
Q109417655,"Jesus in the Power of the Spirit: By C. S. Song Minneapolis, Fortress Press, 1994. 335 pp. $18.00",F7F6D4DF-B759-4C2A-AC5D-612742BFF6DA,Q16122562,1,Fernando F. Segovia,ca56cf16d2877552ece4dd10f83fb3fe37c2b3e8,http://doi.org/10.1177/004057369505200216,fb31d152-6d45-488a-82e9-28c74af3b40f,2021-11-05T00:00:00Z,11
Q109417657,"Behind the Stained Glass Windows: Money Dynamics in the Church by John and Sylvia Ronsvalle Grand Rapids, Baker, 1996. 384 pp. $24.99",E958B226-E622-4963-B0A1-923196515CC6,Q83422314,1,James Hudnut-Beumler,74d53cda07f65e1c63baccf77cc05dcbe136d0b8,http://doi.org/10.1177/004057369805500121,25579bb2-89af-4809-8722-624f3014d908,2021-11-05T00:00:00Z,11
Q109417658,Notes Toward Refining the Postcolonial Optic,8CCF2B24-4B1B-4360-A568-B21667CA463E,Q16122562,1,Fernando F. Segovia,6216dc99e342b5853ed219ad3ea450787bdd058c,http://doi.org/10.1177/0142064X0002207507,5aaf015b-8c38-430f-a427-fd663b8dc4f7,2021-11-05T00:00:00Z,11
Q109417659,Exiles in a Foreign Land,FB67B3BE-CB8C-4ED4-8A45-647721BD2853,Q67554073,1,Sandra L. Barnes,6e8dc689778891c6199af6433ff4a74566721f5e,http://doi.org/10.1177/0160597614560567,4bdf8a3f-01db-4fec-82ac-63b94133564a,2021-11-05T00:00:00Z,11
Q109417660,Poetic Closure in Job: The First Cycle,FC97D0E6-9339-487D-B0B0-CD0EA5C55045,Q15379207,1,C.L. Seow,ebb90970fbec6c2dab3fccf4f5b0ebd9033c1e31,http://doi.org/10.1177/0309089210372912,584cd612-d630-45df-a888-3ebc7b679058,2021-11-05T00:00:00Z,11
Q109417661,Ruth III: a Response,EB48643D-7DBC-40B6-A4C2-D5A278C213E9,Q6113796,1,J.M. Sasson,7e2bec0dd03dc1cce80bcd5ced0f9bcd71f1d956,http://doi.org/10.1177/030908927800300505,92c6239c-f5a1-4e28-bb78-3f4ca09c78a3,2021-11-05T00:00:00Z,11
Q109417662,The Issue of Ge'Ullah in rUth,F4BD24C3-165C-4C24-9529-3B64029D1C5F,Q6113796,1,Jack M. Sasson,0ec11658269cf6cbe48036f4673abbf4086994f1,http://doi.org/10.1177/030908927800300506,423a9da8-a4d3-4343-a7fe-2d0362d26430,2021-11-05T00:00:00Z,11
Q109417663,On Choosing Models for Recreating Israelite Pre-Monarchic History,EF8648CE-9BE3-4C40-A818-2DF7278E8118,Q6113796,1,Jack M. Sasson,4ffa7fd498ca40abb459c5c1c2471699899b853c,http://doi.org/10.1177/030908928100602101,4ded7ba9-2d39-4594-ae86-5e52f61c5120,2021-11-05T00:00:00Z,11
Q109417664,Panel Response to Marcella Althaus-Reid's Indecent Theology,3AB45470-D08F-415A-BAB4-80C0BC8E5113,Q29447340,1,Emilie M. Townes,aa3c1929adf795a101461917b60d7e6edf25d4c4,http://doi.org/10.1177/096673500301100206,eaccea48-f17c-4d61-b074-d4b80f8d25ed,2021-11-05T00:00:00Z,11
Q109417665,Mujerista Theology: Biblical Interpretation and Political Theology,47EC62AC-23D7-434E-A6AA-6CBBEC0614FB,Q16122562,1,Fernando F. Segovia,31eb3fe5dd74ce9d1f75dfa16ae1fba59fe57ce2,http://doi.org/10.1177/0966735011411802,89717e1e-6939-43c1-8d15-00ebbcd2cb1c,2021-11-05T00:00:00Z,11
Q109417666,"Book Review: Black Citymakers: How the Philadelphia Negro Changed Urban America, edited by Marcus Anthony Hunter",B0337109-117E-4CC7-8A7E-79E563284385,Q67554073,1,Sandra L. Barnes,0ce8a276ea9a7bb1a9a3d88d787c87f4f9bbfe62,http://doi.org/10.1177/1078087413515174,9480d286-a322-4c87-9782-327fda8f7db3,2021-11-05T00:00:00Z,11
Q109417667,Between Jim Crow and the Swastika,098AC0FE-EFE4-4ACB-8790-FD0BFFB2CDB2,Q83500331,1,Juan M. Floyd-Thomas,355a4f9289bea6b1efabcaedf6ec79ff3671eb3d,http://doi.org/10.1179/1476994813Z.00000000016,72d33acc-53c0-4670-8246-295e5b892a59,2021-11-05T00:00:00Z,11
Q109417668,Recovering Grief in the Age of Grief Recovery,A5E026CB-E740-49DF-AFC2-B8FF03A22727,Q83505877,1,S. BRUCE VAUGHN,8accd5f9913b4f8ccad044f16aedce0cc0e6afd3,http://doi.org/10.1179/JPT.2003.13.1.005,6bfae631-4e7b-44a9-bf1a-1b4404817339,2021-11-05T00:00:00Z,11
Q109417669,Reclaiming Caritas in a Hyper-masculine World,BF20129F-97C9-4854-9563-22A017522136,Q71850074,1,Jaco J. Hamman,d67d91d8c0642e8094c5828a1153d1c9f421bc09,http://doi.org/10.1179/JPT.2007.17.2.003,74f60a05-d5e0-45d0-b694-a99638a4524e,2021-11-05T00:00:00Z,11
Q109417670,Hegel's Self-Conscious Woman,49B7805C-CF7D-42A5-BFEA-855B817780CB,Q83389821,1,J. Geller,da7d7e8c28d39d8d38dfa83927f46ae844da560b,http://doi.org/10.1215/00267929-53-2-173,7f396464-a1dc-4a6b-8064-760071ce4768,2021-11-05T00:00:00Z,11
Q109417671,Judenzopf/Chinesenzopf: Of Jews and Queues,2151C786-4ED5-42EF-B8D0-807792A7F83E,Q83389821,1,J. Geller,3a838cad678de66f817ff679137056ce9ed7c526,http://doi.org/10.1215/10679847-2-3-500,9b193b5c-dd63-4f74-aca0-57dfeb92c848,2021-11-05T00:00:00Z,11
Q109417672,"Not SolelySola Scriptura, or, a Rejoinder to Brad S. Gregory'sThe Unintended Reformation",3EAF8A85-0536-4008-BA35-0D3D3241FBE8,Q53901122,1,Paul C. H. Lim,5fdc72e86a2223cf34f6ea19c7fc969653cdad52,http://doi.org/10.1215/10829636-3644038,2f3f533d-7881-4967-9817-25a332196593,2021-11-05T00:00:00Z,11
Q109417673,Con un pie a cada lado/With a Foot in Each Place,F4C48CB5-3F1D-4DFF-A3AF-E11FD688C4AD,Q7595851,2,Stacey M. Floyd-Thomas,058076a7beaa7f541156bcacbb3356ed0995d287,http://doi.org/10.1215/15366936-2.1.158,f5ca9ea4-da93-481d-b66d-e544b1a49cae,2021-11-05T00:00:00Z,11
Q109417674,An Intra-Ethnic Analysis of Social Affiliations Among Latinos in the United States,240A1B36-376F-433A-9E1C-60B6D9ED5CE0,Q67554073,1,Sandra L. Barnes,85645f8102df39874b84ac653f750d3c6d4c9f72,http://doi.org/10.1300/J134V11N01_05,3182b5a1-4b94-4c25-b025-32a1ff69cf26,2021-11-05T00:00:00Z,11
Q109417675,From the Co-editors' Keyboards,2639D54E-9D3E-4D5D-ABD9-5975B9B47725,Q83505844,2,John McClure,ad8609c2d16f1dfc2f89d606fda80253ef336435,http://doi.org/10.1300/J154V04N01_01,7d985254-4861-49e1-878f-84aef4b8b6eb,2021-11-05T00:00:00Z,11
Q109417941,Preface to The Wilkomirski Case: Fragments or Figments?,C918165A-A842-4DCB-8CED-57C01815F479,Q83389821,1,Jay Geller,fa674d90673f8d7182298624942b2229bafa4e59,http://doi.org/10.1353/AIM.2002.0016,d07ad85d-692f-4046-9878-4806b616a886,2021-11-05T00:00:00Z,11
Q109417943,The Wilkomirski Case: Fragments or Figments?,1C73CB99-0C38-4CB9-B0B9-656A1B20C001,Q83389821,1,Jay Geller,a074fa0758b59362247b7cc5c2c88ea4a1f9f5ad,http://doi.org/10.1353/AIM.2002.0017,a4ecfce1-2e40-4382-bca5-3c74b2569ec5,2021-11-05T00:00:00Z,11
Q109417944,Committed to Memory: Cultural Mediations of the Holocaust (review),0E852822-4BA4-47EE-B6F6-8473036350F5,Q83389821,1,Jay Geller,557eba8e10fa701b0564e844ec42271f4abb2d86,http://doi.org/10.1353/BIO.2004.0064,caa3fe14-3571-49e1-8a7d-22c90b0dff6e,2021-11-05T00:00:00Z,11
Q109417945,Space and Spatiality in Modern German-Jewish History eds. by Simone Lässig and Miriam Rürup,C0A985CD-C744-4529-89BA-5A42ACF65055,Q83389821,1,Jay Geller,5f7e2321928bb077aee7ddfa44710c1149723c72,http://doi.org/10.1353/GSR.2018.0117,670f05da-740c-43bd-af4b-66830898413f,2021-11-05T00:00:00Z,11
Q109417946,The Bible and the Politics of Exegesis: Essays in Honor of Norman K. Gottwald on His Sixty-Fifth Birthday (review),35A71B3B-C61B-45E1-9EEE-19FC69C49879,Q87480821,1,Douglas A. Knight,5e638380d8c51df286ebc7f53fed4c0fd081b30d,http://doi.org/10.1353/HBR.1994.0015,e7137aeb-8e56-493f-bd85-1057c8c67d1e,2021-11-05T00:00:00Z,11
Q109417948,A Cumulative Index to the Grammar and Syntax of Biblical Hebrew (review),B0BC3878-9120-4EE7-8BF4-B644C642CF4D,Q15379207,1,Choon-Leong Seow,b37bb8bdaac516846697fda316c4e053b7ce3ff5,http://doi.org/10.1353/HBR.1999.0007,d6e94b6a-5b49-4084-a2fd-a058dc9771d9,2021-11-05T00:00:00Z,11
Q109417949,An Exquisitely Poetic Introduction to the Psalter,682438BC-FEC3-416C-BAD2-4471C4958ABB,Q15379207,1,C. L. Seow,f4193622612859cc0e281f88d0f7df86a0ec08bb,http://doi.org/10.1353/JBL.2013.0032,20db6995-2409-4c82-ae1c-49f2f772d611,2021-11-05T00:00:00Z,11
Q109417950,Criticism in Critical Times: Reflections on Vision and Task,7EAFB7C5-C955-4602-82CC-92B24A243381,Q16122562,1,Fernando F. Segovia,ad0502c6186b416e9d31d0300a989314a1a1dce6,http://doi.org/10.1353/JBL.2015.0002,b94ce24b-d89f-4f87-a1d6-bbb8a8b60391,2021-11-05T00:00:00Z,11
Q109417951,Spinoza's Election of the Jews: The Problem of Jewish Persistence,E138564C-898D-44C4-98F0-A6DAB4FA072C,Q83389821,1,Jay Geller,7ba52a3c638a86d0a4797412eb965b831ad7fd0f,http://doi.org/10.1353/JSS.2006.0004,f055ef8d-3bbb-4564-9943-6a4babaa0f4b,2021-11-05T00:00:00Z,11
Q109417952,The Discipline of Philosophy and the Invention of Modern Jewish Thought by Willi Goetschel,E72E921C-19F8-452D-8D30-9F7B7A463247,Q83389821,1,Jay Geller,2a7dfe2b266f503389483ec7a9055b9f8bf7725e,http://doi.org/10.1353/PEW.2015.0077,03d8caf6-fb11-4300-8c7a-312404435645,2021-11-05T00:00:00Z,11
Q109417953,Got Ethics?: Envisioning and Evaluating the Future of Our Guild and Discipline,8202E2C6-4A30-43F0-8639-27575C7E98C6,Q7595851,1,Stacey M. Floyd-Thomas,d4c8f89c07381b142146eea97b5f13bc38554061,http://doi.org/10.1353/SCE.2016.0038,038607aa-4936-4d8e-a204-d1408d99b551,2021-11-05T00:00:00Z,11
Q109417954,"Remembering the Poor: Interfaith Collaboration, Neoliberalism, and an Anti-Imperial Gospel",AA7FF676-112B-4C06-A788-FD874E51CAA7,Q83505891,1,C. Melissa Snarr,0106df8aef89b6f8fdac28b356357405f2c24691,http://doi.org/10.1353/SCE.2017.0005,26d66332-3dde-483c-afcb-2d76d25d5136,2021-11-05T00:00:00Z,11
Q109417956,Jewish Women in Greco-Roman Palestine (review),7DF82344-93A0-494F-84FE-68E3F050DCF5,Q4749053,1,Amy-Jill Levine,634fc4456065f227c92ba942082c7703c791e62c,http://doi.org/10.1353/SHO.2000.0145,b879a054-671a-49f7-ad27-b598ea4d9a74,2021-11-05T00:00:00Z,11
Q109417957,The First Modern Jew: Spinoza and the History of an Image by Daniel B. Schwartz,8D87EEF9-4DD6-4B8A-B1D5-ED86DC13474C,Q83389821,1,Jay Geller,c94788f1c53f7d7342b3268fa4695d1077d408ba,http://doi.org/10.1353/SHO.2013.0121,0bcd9021-f722-4b19-8170-1cf1ceeaeafd,2021-11-05T00:00:00Z,11
Q109417958,Gott und die Ökonomie des Heiligen Geistes,78979049-38BA-421A-992A-6E839D0D17D5,Q83505989,1,M. Douglas Meeks,6d61282c79d43dfced86c8ccd6c8850b4f3893d7,http://doi.org/10.14315/EVTH-1980-0105,1905bb30-20f0-45bb-a0fe-72f63e5e899a,2021-11-05T00:00:00Z,11
Q109417959,Theologie predigen,11939243-A86C-4351-A29C-9D2C45905FFB,Q83505844,1,John S. McClure,c3176081d6817dc6f8698e6211c7827e02bd43ae,http://doi.org/10.14315/PRTH-2006-0209,12ea8d7f-c556-46d6-9eb5-b45a788b699b,2021-11-05T00:00:00Z,11
Q109417960,Pursuing the Intrinsic Relationship between Liturgy and Ethics: Practical-Theological Promise in Poverty of Spirit,157A84AF-D747-411D-9A0B-A416FF4513D2,Q83505860,1,Bruce T. Morrill,e71b4ab2a1de4fe2001b06a817718e86b3b12c6c,http://doi.org/10.14712/23363398.2020.45,f1c10b5d-d983-48f3-aa5b-ee5f9d35057b,2021-11-05T00:00:00Z,11
Q109417961,Toward Greater Understanding of Practical Theology,EAD69420-2E1A-4D3D-B64A-983D16FE36F8,Q63038665,1,Bonnie J. Miller-McLemore,df146010b2550bf9261dff2ac6174c566a58d2b5,http://doi.org/10.1515/IJPT-2012-0009,70016a4c-99a9-44e0-800b-e3621fc2b147,2021-11-05T00:00:00Z,11
Q109417963,Ter mundus accipit infinitum: The Dogmatic Coordinates of Schleiermacher's Trinitarian Treatise,08F3017A-63B2-42BD-9FA5-04E12990BCBC,Q83500325,1,Paul J. DeHart,5f918db8c98d0cb9b263fea3c5b73577462b0b1b,http://doi.org/10.1515/NZST.2010.003,9771758d-9073-4883-9ae2-88d466428373,2021-11-05T00:00:00Z,11
Q109417964,"John 13 1–20, The Footwashing in the Johannine Tradition",62AC07E2-E06B-4054-8798-74C8BBE3E1EC,Q16122562,1,Fernando F. Segovia,110e25e6eaaab2c3afa4ecf0159e235a16d95cec,http://doi.org/10.1515/ZNTW.1982.73.1-2.31,f01c910d-ac05-464c-bd48-f851ff5236aa,2021-11-05T00:00:00Z,11
Q109417965,The psychopathology of everyday Vienna: Psychoanalysis and Freud's familiars,58ABAB79-8DE3-4421-B0B1-5E31C594C510,Q83389821,1,Jay Geller,6dc1a2aa429b77408aef4c005e4942e3e662b107,http://doi.org/10.1516/QDNQ-D1F4-99CE-JUEF,92c0c27f-4d93-4daa-b217-d3afdc072099,2021-11-05T00:00:00Z,11
Q109417966,A Relatively New Discovery in the Modern West: #BlackLivesMatter and the Evolution of Black Humanism,31306290-EB8F-4FDA-B235-00DCD421A60F,Q83500331,1,Juan Floyd-Thomas,900f028f8078ef3c6c38fc32b7d4638a9d9c827f,http://doi.org/10.15367/KF.V4I1.140,f4ef1cfd-1d85-42fb-9f12-f0d10f6d927c,2021-11-05T00:00:00Z,11
Q109417967,'The Whole Story is What I'm After': Womanist Revolutions and Liberation Feminist Revelations through Biomythography and Emancipatory Historiography,306D1EB0-76BE-4931-ADCB-CDF77E2F958E,Q7595851,1,Stacey Floyd-Thomas,29d0fafbdef6b4369e56aed89aec9e51e64c7b8d,http://doi.org/10.1558/BLTH.3.2.176.65728,35c429c8-3f63-4f0b-ae64-f0b92fb31ca8,2021-11-05T00:00:00Z,11
Q109417968,"Hamid Reza Kusha,Islam in American Prisons: Black Muslims' Challenge to American Penology.",AD45A2FA-7A64-4086-8D3A-DD37CAB49457,Q83500331,1,Juan Floyd-Thomas,f85aaf379d77842c801222cc0761a99c06681327,http://doi.org/10.1558/BLTH.V10I2.216,4b8d9e4b-a433-4ae3-8ea8-3446d58b104a,2021-11-05T00:00:00Z,11
Q109417969,"Shirley Elizabeth Thompson, Exiles at Home: The Struggle to Become American in Creole New Orleans",436B970C-F856-4B4E-ACBE-26F94580C7E8,Q83500331,1,Juan Floyd-Thomas,792d923dd1f6bd0472d41a2050f5fe41a2e34845,http://doi.org/10.1558/BLTH.V8I1.118,068ca8ee-60f8-4591-ae2a-d425e027f68d,2021-11-05T00:00:00Z,11
Q109417970,More Than Conquerors: Just War Theory and the Need for a Black Christian Antiwar Movement,B9515A7C-3E50-4FCA-B2BC-5BE38ED7D3FD,Q83500331,1,Juan Floyd-Thomas,81ff312d46f6c97714fb0f63de17340d88eec6de,http://doi.org/10.1558/BLTH.V9I2.136,49da3fd6-57b2-43b3-97c0-0447b1b98042,2021-11-05T00:00:00Z,11
Q109417971,Mourning the Loss of Cultural Selfobjects: Black Embodiment and Religious Experience afer Trauma,5484EE30-6892-4648-812F-B57CDE07B4F7,Q83505887,1,Phillis Sheppard,fd6605eeda06826980e92e886fb91f6fdc2a57dd,http://doi.org/10.1558/PRTH.V1I2.233,81070d4a-55f9-462e-af42-5531dc9e12f3,2021-11-05T00:00:00Z,11
Q109417973,"W. E. B. Du Bois: American Prophet. By Edward J. Blum. (Philadelphia: University of Pennsylvania Press, 2007. viii, 273 pp. $39.95, ISBN 978-0-8122-4010-8.)",DC41023E-8634-42E0-BEC5-C68E7D6284A6,Q83500331,1,J. M. Floyd-Thomas,1cf53a1bce63029182a837154f3e5cb94bbfc8eb,http://doi.org/10.2307/25095546,10312578-4d78-45c6-8fb4-5db62729f16a,2021-11-05T00:00:00Z,11
Q109417975,Episcopalians and Race: Civil War to Civil Rights,BD3D8FFF-07C6-4098-821E-5244D2DF8019,Q83422314,1,James Hudnut-Beumler,7626ede3d896f6a44c27f781f6e788519d8d93a5,http://doi.org/10.2307/2692423,714dea19-3791-4fa2-b315-12ebb6f4f996,2021-11-05T00:00:00Z,11
Q109417976,"A Kingdom on Earth: Anglo-American Social Christianity, 1880-1940.",94B2ED45-0198-42DA-B662-9AC0D2D46F81,Q83422314,1,James Hudnut-Beumler,db2db226e09f033e2f74629b60d2511e99b36233,http://doi.org/10.2307/2952989,38c3bda9-2514-4023-9d1a-ba2e199855b1,2021-11-05T00:00:00Z,11
Q109417977,Thoughts of Zimri-Lim,D63B95E5-2DFA-4CD9-98E8-3AA5AAE58882,Q6113796,1,Jack M. Sasson,89dd055a0812b386e7ccceb9be54d3d0196cc813,http://doi.org/10.2307/3209891,9d9b1c34-9968-4d41-90ed-3e57d2b901ba,2021-11-05T00:00:00Z,11
Q109417978,The Theology and Provenance of John 15:1-17,8D7AFF3B-9120-43B6-B87D-F090852B2624,Q16122562,1,Fernando F. Segovia,72f637bba2d86e28a5ae699a49c38bd180c70258,http://doi.org/10.2307/3260444,ab24ffc4-d7a5-4587-897f-c13b23713ac3,2021-11-05T00:00:00Z,11
Q109417979,"The Structure, Tendenz, and Sitz im Leben of John 13:31-14:31",AE6E3BF4-D0A4-4B77-ADE7-BCB928006280,Q16122562,1,Fernando F. Segovia,f79e3ec1d7fc72bcff4a02fcdf8fc218ae4f2139,http://doi.org/10.2307/3260925,8c6bb13e-ff7c-4662-9085-47ef66efad88,2021-11-05T00:00:00Z,11
Q109417980,Johannine Polemic: The Role of Tradition and Theology,D81F1601-DFA0-4251-88E7-E9F8E48E2D78,Q16122562,1,Fernando F. Segovia,2769adeb3e267cbeabff4f65b8b17a73ec3f3c43,http://doi.org/10.2307/3260996,f270e40a-b0e6-4c86-b1fd-78effd2e0a41,2021-11-05T00:00:00Z,11
Q109417981,The Secret System: A Study in the Chronology of the Old Testament,419906FA-0E7B-4925-A338-EEF6726B225E,Q87480821,1,Douglas A. Knight,e141b22c250b8778cb1bd6691544285866ffd4cf,http://doi.org/10.2307/3265253,99fdd06e-be07-4813-a631-314976ef175d,2021-11-05T00:00:00Z,11
Q109418012,A Short Note on a 'Mayor' Subject,F06B37BF-D700-4EF3-BB14-E46AD48F96DD,Q6113796,1,Jack M. Sasson,a7883de2480292c558d266d82df9b5a43d7eac4b,http://doi.org/10.2307/3265838,b9e6f868-ac98-493d-8d9d-8c4ec24d6ea0,2021-11-05T00:00:00Z,11
Q109418013,Linguistic Evidence and the Dating of Qohelet,A0CE0D04-51C5-41B2-8292-5FDBBF4B75B6,Q15379207,1,C. L. Seow,dbc32e5899ecd054007c4c712352661eea6d2e24,http://doi.org/10.2307/3266347,f25ed61d-61fa-469f-9f36-95c0c07423ec,2021-11-05T00:00:00Z,11
Q109418014,The Word in the World: The Cosmological Tale in the Fourth Gospel,34B491E1-2F02-4FE7-86D1-94BA2D387B4F,Q16122562,1,Fernando F. Segovia,fab56366d5329feefb4b162c3f79f259dd0c09dd,http://doi.org/10.2307/3266615,86d781ed-3051-4740-8a73-15829d2089d3,2021-11-05T00:00:00Z,11
Q109418015,Divine War in the Old Testament and in the Ancient near East,96C497E7-3F07-4E27-AEC4-520C83C97FA7,Q15379207,1,C. L. Seow,3988cd22cf1ee170dc3e0a3985a5c100801aaec8,http://doi.org/10.2307/3267157,72deca40-5b26-48e6-bcec-c657724b1b01,2021-11-05T00:00:00Z,11
Q109418016,The Humanity of Jesus in the Fourth Gospel,AE397668-E126-4D6B-8706-3147F973760D,Q16122562,1,Fernando F. Segovia,df5daae90edaeb671fab9e87dcdae3d27cacb81d,http://doi.org/10.2307/3267212,b8b57459-6e07-4416-9d76-0f216e534b5b,2021-11-05T00:00:00Z,11
Q109418017,Linguistic Evidence for the Northern Origin of Selected Psalms,7E11E330-EC44-4C52-83D0-7B6100492231,Q15379207,1,C. L. Seow,fee3de1be2a2898db27c8ba0f1e7730c02786457,http://doi.org/10.2307/3267241,cbc9d061-49db-48ae-b9fa-b2a1c062bc26,2021-11-05T00:00:00Z,11
Q109418018,The People Called: The Growth of Community in the Bible,87F53987-D6EA-4A24-9C98-54E842FF1B18,Q87480821,1,Douglas A. Knight,91660c6470b44d22424037bfde9c003bd7e54440,http://doi.org/10.2307/3267584,d96d7ce4-eb86-46bf-b452-90152631d611,2021-11-05T00:00:00Z,11
Q109418019,Understanding the Fourth Gospel,E578FC92-3AF2-42FE-AD22-62CEF977CED5,Q16122562,1,Fernando F. Segovia,a9151592236d5b7fe578f226e593ee8905d4ff1a,http://doi.org/10.2307/3267888,6385f570-b40d-48b0-8706-97d563d6be41,2021-11-05T00:00:00Z,11
Q109418020,Qohelet's Eschalotological Poem,A7888B4E-366A-4795-9134-D6F77564C29E,Q15379207,1,C. L. Seow,a41ec428be3287473d61384468a0b90aa6048fce,http://doi.org/10.2307/3268004,48654e9e-e9a7-49d5-beee-1b2e6d3b698e,2021-11-05T00:00:00Z,11
Q109418021,Reading the Bible in the Global Village,BB5694BF-6FAD-4CC0-AEE7-B0F2254DE1FA,Q16122562,1,Fernando F. Segovia,8e627cc7ab1a2ebde92bcd041c151938d7749716,http://doi.org/10.2307/3268160,1960b1d3-677e-47af-bda2-81f2f641a2d8,2021-11-05T00:00:00Z,11
Q109418022,Social-Science Commentary on the Gospel of John,901ED43F-9904-4A33-8F93-4CCA02088790,Q16122562,1,Fernando F. Segovia,7b3aad133e7d3b08387a5675e7478591cd99b6ba,http://doi.org/10.2307/3268506,82354ae8-cbaa-45f2-90c9-263cd3a72d4e,2021-11-05T00:00:00Z,11
Q109418023,Treatment of Criminals at Mari: A Survey,55E9BD4F-E7BE-4DC9-AD9F-2C7A41B30BD4,Q6113796,1,Jack M. Sasson,7274a51968550abf4417675297bdd0726caeb390,http://doi.org/10.2307/3632052,1ba59897-bd5a-4dbb-9589-280d9c22178c,2021-11-05T00:00:00Z,11
Q109418025,Some Comments on Archive Keeping at Mari,20A5480C-86E2-4C06-B2D4-9361C7C71E64,Q6113796,1,J. M. Sasson,0c5c1828732381b8e63085f16f86bc7ac58704e7,http://doi.org/10.2307/4199931,375538af-886d-4f6f-bba0-770bca36935e,2021-11-05T00:00:00Z,11
Q109418026,Mari Dreams,137D8274-1BA0-4408-A794-F5C5C7767E86,Q6113796,1,Jack M. Sasson,e2022201dd49c8936c2d8ef6d373d5d11cff2dfb,http://doi.org/10.2307/601885,1d0b9c0e-cbd0-4f96-b7ff-dcf968ae6f25,2021-11-05T00:00:00Z,11
Q109418027,The Old Babylonian Tablets from Al-Rimah,6F8806B1-45F4-4DBF-9EEC-B9235FF4810E,Q6113796,1,Jack M. Sasson,932e92e683d1bc11e381c8f9122b38c170e02640,http://doi.org/10.2307/602090,00df9dfa-06a9-4f4b-b265-cdfdc889dff9,2021-11-05T00:00:00Z,11
Q109418028,The King and I a Mari King in Changing Perceptions,D822E3B3-E74E-4E59-AAAB-B134B6F6097F,Q6113796,1,Jack M. Sasson,344c03af857fdadb104cfc2c6dbee47dc8d7e005,http://doi.org/10.2307/604782,76d58506-014e-455a-89ec-8cac93fee5ff,2021-11-05T00:00:00Z,11
Q109418034,Teaching the Canon and Cannon Formation as Incarnation and Conjure: Dr. Katie Geneva Cannon as Womanist Mentor and Muse,C4D0263E-F033-4770-9718-3537AD812D1C,Q7595851,1,Stacey M. Floyd-Thomas,8358fe9fffd212b90c303f3fe25dc62fbced3adc,http://doi.org/10.31046/WABASHCENTER.V1I1.1585,8679ecd2-a7ee-4f71-8530-340348440d0e,2021-11-05T00:00:00Z,11
Q109418035,Introduction to Hugoye 13: A Double Issue on Philoxenos of Mabbug,162F0F71-0751-422E-81E3-D487596B4CBE,Q83260986,1,David A. Michelson,30269180df4631f64dca40c6e8eb6910590054fb,http://doi.org/10.31826/HUG-2011-130103,15da10ee-0735-46a0-ac0e-268de4a6ddbd,2021-11-05T00:00:00Z,11
Q109418036,A Biblographic Clavis to the Works of Philoxenos of Mabbug,F2DBEEE3-6FD8-497A-A329-C6501CBD4899,Q83260986,1,David A. Michelson,3199d5313c76eefa18e826288429134254d71e5e,http://doi.org/10.31826/HUG-2011-130116,a760601e-edde-4fe4-a9ce-ddd07d03853f,2021-11-05T00:00:00Z,11
Q109418037,Not aGeistof a Chance: Laying to Rest an 'Unlaid Ghost'?,AFAFCD7F-2EC8-49AA-AFF9-59ED9E4002A6,Q83389821,1,Jay Geller,7cea6e96f7e727291b5c431e815eca171af660ef,http://doi.org/10.3200/GERR.83.1.42-55,8fe602e3-e5a3-4c1e-8781-f41ebecdcf45,2021-11-05T00:00:00Z,11
Q109418038,"Some More Additional ‘Day Residues': The First Review of Studien Uber Hysterie, Ilona Weiss and the Dream of Irma's Injection",082C31C9-8C32-44DA-AD1F-5203FC4FFB85,Q83389821,1,Jay Geller,8e2e8fa4cedc81c2a66f0777202d29c0d630ff08,http://doi.org/10.3366/PAH.2000.2.1.61,2d474ac1-7952-4007-8c49-e421135ad35c,2021-11-05T00:00:00Z,11
Q109418039,"Postcolonial and Diasporic Criticism in Biblical Studies: Focus, Parameters, Relevance",7A9A6F69-5671-4C87-B7FB-1FC42AE58835,Q16122562,1,Fernando F. Segovia,27fd73549ba2a411e2778b239d418d306a595c67,http://doi.org/10.3366/SWC.1999.5.2.177,ec298b2c-90ee-4c1e-8c57-62f102308e06,2021-11-05T00:00:00Z,11
Q109418040,'It is for this reason that i have not come down to my lord ...' visit obligations and vassal pretexts in the Mari archives,15A5FE6A-49DB-4B87-B95B-81721C84D09E,Q6113796,1,Jack M. Sasson,3cb4f46d6c580ee73e2ea346a9d9f1a0001c98c4,http://doi.org/10.3917/ASSY.107.0119,0f0075f8-e887-4277-a558-858c55b42653,2021-11-05T00:00:00Z,11
Q109418041,La théologie des sacrements comme théologie fondamentale,EF508C0F-86BE-49D0-BE11-A75F86FF3CF8,Q83505860,1,Bruce T Morrill,fb98d34ef1256f37c85c3c1424c55e0875115525,http://doi.org/10.3917/TRANS.111.0159,1451ff62-6d09-4a10-8f91-e45f26e848e8,2021-11-05T00:00:00Z,11
Q109418042,"Robert Strivens, Philip Doddridge and the Shaping of Evangelical Dissent",071AFD0F-602C-4302-97CC-2F16AD136324,Q53901122,1,Paul Lim,ecd186da6e186355b0722c076695aa83ec3479fb,http://doi.org/10.4000/1718.779,47f612ab-decf-41f9-a110-534b44aa7dce,2021-11-05T00:00:00Z,11
Q109418043,Le péché contre le sang : la syphilis et la construction de l’identité juive,00A49A4F-9F50-4BDC-912D-32BD96610F3F,Q83389821,1,Jay Geller,dd2d1cc99803e55c2ef7a13b998a922096a261ae,http://doi.org/10.4000/RGI.562,976cd670-6243-49d0-96dd-1e6b3cf30953,2021-11-05T00:00:00Z,11
Q109418044,The theory–practice distinction and the complexity of practical knowledge,ECB9AD31-E349-44C6-85C4-3884D9BADA9A,Q63038665,1,Bonnie Miller-McLemore,9d2230e443a820101634d66724880ffd58b9950f,http://doi.org/10.4102/HTS.V72I4.3381,5be3da25-ac1b-4ee9-b95f-380201629149,2021-11-05T00:00:00Z,11
Q109418048,The Other Jewish QuestionIdentifying the Jew and Making Sense of Modernity,D399A7F8-8B07-45B2-9FAE-9A8B2245C798,Q83389821,1,Jay Geller,e7bbcab5b5797f7b67caa2fa582466679f24b166,http://doi.org/10.5422/FORDHAM/9780823233618.001.0001,88c4e88c-1f4d-4883-a954-c6a96428a16c,2021-11-05T00:00:00Z,11
Q109418049,Appropriation and Reciprocity in the Doing of Feminist and Womanist Ethics,D3CF3CC4-0E0F-47DD-9752-C6A099A2E4DA,Q29447340,1,Emilie M. Townes,38773343ff37c5bc4ab558b5e1166283163a3f6c,http://doi.org/10.5840/ASCE19931310,bf547b6d-141c-4317-8cd1-4ca83b070843,2021-11-05T00:00:00Z,11
Q109418050,To Be Called Beloved,EE1C26E8-37A9-423E-8D3D-D56E47FC2900,Q29447340,1,Emilie M. Townes,cdf0123ef8bd49d4a90d773cb704f159d5bc9bcd,http://doi.org/10.5840/ASCE1993136,460b2737-8503-4d31-8cb0-1ec07b1c5294,2021-11-05T00:00:00Z,11
Q109418051,"Response to 'Social Science, Christian Ethics and Democratic Politics: Issues of Poverty and Wealth' by Mary Jo Bane",FF7F8136-CEEF-4CDE-8728-C1FAFF7DE665,Q29447340,1,Emilie M. Townes,1a70f1e657b6bfce79451e8c9bc86d244dbda35b,http://doi.org/10.5840/ASCE2001214,2dc67593-eb4c-47f5-a73f-9c91e74663a1,2021-11-05T00:00:00Z,11
Q109418052,A New Discipline?,448B2270-E6EB-45B8-B63E-B27086429CC3,Q83505891,1,C. Melissa Snarr,e4aec501fb9c963f1b9de9506441df52e6f94b65,http://doi.org/10.5840/JSCE20052526,b383b781-04fe-435c-ae8e-e2ed9e7e2590,2021-11-05T00:00:00Z,11
Q109418053,Waging Religious Ethics,BA903CAF-D44F-4095-B6C8-9A7315D87CD4,Q83505891,1,C. Melissa Snarr,c5ff886dc528763a3601279d0fdf13597e993dba,http://doi.org/10.5840/JSCE200929130,e54355c0-f19f-4e71-a9dd-3d61efc00934,2021-11-05T00:00:00Z,11
Q109418054,‘Oh Say Can You See?’,0F3BD136-F4BD-450B-905F-AFEB0F307468,Q7595851,1,Stacey M. Floyd-Thomas,2ea8387cb6d811996ab54100fff7f83bbd4e53a3,http://doi.org/10.5840/JSCE201942210,1d208646-bb06-48d2-9cfb-03d782dd0e29,2021-11-05T00:00:00Z,11
Q109418055,Mary Marshall. The Portrayals of the Pharisees in the Gospels and Acts,63A62BD8-E645-410E-97BA-127B9F043FFF,Q4749053,1,Amy-Jill Levine,a3f326ca4f8380a53c6a95ca1d934104bc79a957,http://doi.org/10.6017/SCJR.V11I1.9330,3f1bb4d9-ca73-4355-b3a8-5b18171858a9,2021-11-05T00:00:00Z,11
Q109418056,Telling 'Short Stories by Jesus' – With Gratitude for the On-going Conversation,2B015CEF-2B09-454C-BE83-31A008C0B284,Q4749053,1,Amy-Jill Levine,6d197330afc3435288913c34f966827a31b8a212,http://doi.org/10.6017/SCJR.V12I1.9971,c9e27a83-7c42-49c8-9dd3-a06cc83a599c,2021-11-05T00:00:00Z,11
Q109418057,"Reflections on Reflections: Jesus, Judaism, and Jewish-Christian Relations",1B7FDDC5-BA9D-4668-BAE2-520B6C6A5B9B,Q4749053,1,Amy-Jill Levine,a8cba82b1e49afb1727f655ed4501f01c2757602,http://doi.org/10.6017/SCJR.V8I1.5179,b4b65133-a29d-4f77-a8da-4ea77bc1dce3,2021-11-05T00:00:00Z,11
Q109418059,"Between Athens and Berlin: The Theological Education Debate: By David H. Kelsey: Grand Rapids, Eerdmans, 1993. 235 pp. $18.99",9BD75396-A8F7-4F53-A944-B27BE498B922,Q83422314,1,James Hudnut-Beumler,c74965019d22f8ab3152ac8b2a884bb0eea95292,http://doi.org/DOI:10.1177/004057369405100126,afee2c84-8744-438d-92fe-8d2d2e180eef,2021-11-05T00:00:00Z,11
Q109417511,"Stefania Tutino . Thomas White and the Blackloists: Between Politics and Theology during the English Civil War . Burlington, Vt. : Ashgate Publishing Company . 2008 . Pp. xiv, 213. $99.95.",2764C2C2-6703-4EB2-BE6E-9B2F4A97FDA6,Q53901122,1,Paul C. H. Lim,e65860224f427f5ecdee06c892eff74d998b85d6,http://doi.org/10.1086/AHR.115.2.605,3c69ec96-b457-4a39-9ab7-d0db01f4cd7f,2021-11-05T00:00:00Z,11
Q109417940,'Of Snips . . . and Puppy Dog Tails': Freud's Sublimation of Judentum,E42C140D-BEBF-4556-9F14-1770DF8DA779,Q83389821,1,Jay Geller,33d1d3a73c5c3c70957b3906617009483bbafc3b,http://doi.org/10.1353/AIM.0.0049,456c8723-18ba-440d-9fd7-da3fb02fbc1f,2021-11-05T00:00:00Z,11
Q109418024,"Orthography, Textual Criticism, and the Poetry of Job",63D2DE35-A38E-45B0-9B76-663BB3B8F4AB,Q15379207,1,SEOW,a2014cbe3c2d9d342a65d5aa5c261f1bb229fe73,http://doi.org/10.2307/41304188,10408af1-33aa-47f3-b803-0c638841737d,2021-11-05T00:00:00Z,11
Q109418032,"Kevin R. Brine, Elena Ciletti and Henrike Lähnemann (eds.), The Sword of Judith: Judith Studies across the Disciplines",C25236E9-D7E3-4A4E-8D2A-181370655D0C,Q4749053,1,Levine,8c7bac22651c57d5d0aa3bcc6218696b5bf9c193,http://doi.org/10.2979/NASHIM.24.146,bd04e17e-673b-4d55-b56d-126b62882a95,2021-11-05T00:00:00Z,11
Q109418033,"'A Horse is a Horse, Of Course, Of Course,' or Some Nagging Suspicions about Some Jewish Writers",6187391B-9B99-422F-8E70-9236648D6AC0,Q83389821,1,Geller,973755116f0313045e41f48b8b3bacdf8a9aea5f,http://doi.org/10.2979/PROOFTEXTS.37.2.02,8fc93580-6d72-4573-a3a9-978d213508ca,2021-11-05T00:00:00Z,11
Q109418031,"Katie's Canon: Enfleshing Womanism, Mentoring, and the Soul of the Black Community",4136575D-8719-4766-BADD-7FBA0776C34C,Q7595851,1,Floyd-Thomas,f27306e9c478da344239c9a550c07c8631ec6189,http://doi.org/10.2979/JFEMISTUDRELI.35.1.12,108433da-1601-4b94-903a-f999979f0b65,2021-11-05T00:00:00Z,11
Q109418045,Gaining One's Definition,26093A18-1F05-4FD5-9718-9E9BBA3ED6CF,Q7595851,1,Floyd-Thomas,be0fe3493b6c09ed36d52bd802a6ea1182aab89b,http://doi.org/10.5325/JAFRIRELI.3.1.0044,977b5cce-eec7-48a2-9ec3-2fc97d473704,2021-11-05T00:00:00Z,11
Q109417955,"The Place of Christ in Liturgical Prayer: Trinity, Christology, and Liturgical Theology (review)",8B299908-E9ED-44FF-87A2-ABEB46AF888F,Q83505860,1,Bruce T. Morrill,7eb1f39a8a8926523f32cac4052e2dca982668da,http://doi.org/10.1353/SCS.0.0030,7530fb9c-262c-4341-8965-b386e485beaa,2021-11-05T00:00:00Z,11
Q109418046,An Examination of the Sexual Behavior of Middle-Class African American Female College Freshmen,333E07F5-3622-4183-972B-86B3B8ABC8C6,Q67554073,1,Sandra L. Barnes,57845a033538fb66167162758eb55430bd5e3e1c,http://doi.org/10.5406/BLACWOMEGENDFAMI.4.2.0001,6a620254-ac64-40e4-af5c-7cf57b3dfffe,2021-11-05T00:00:00Z,11
Q109418047,Black Megachurches and Gender Inclusivity,475684BE-5804-463F-8695-DE3584C15AA2,Q67554073,1,Barnes,95025996a21d7931940ac62a96bd17f16b82017f,http://doi.org/10.5406/WOMGENFAMCOL.3.2.0115,f045b507-b942-40b9-ab28-de6ecfb617e7,2021-11-05T00:00:00Z,11
Q109417537,The Trial of the Witnesses: The Rise and Decline of Postliberal Theology – By Paul DeHart,4E8B41AA-7364-488A-A72A-CBC8223C0120,Q17711337,1,William C. Placher,ae0908e00faae27f7e3e72b2f429b01a28f2dfd6,http://doi.org/10.1111/J.1479-2214.2007.00113.X,c6bf53a0-ea52-4943-b2c7-371d90bcba64,2021-11-05T00:00:00Z,11
Q109417604,"Subverting Forced Identities, Violent Acts, and the Narrativity of Race",7FA8C4E5-46F1-4BBB-809E-04005BD3B95B,Q92224966,2,Laura Gillman,ebf004396848e6ee9570852266f7b3765a95e250,http://doi.org/10.1177/002193470203200503,792542e7-19bc-40be-a185-3982894ad1e1,2021-11-05T00:00:00Z,11
Q109417615,Baptism and Identity Formation: Convergences in Ritual and Ethical Perspectives a Dialogue,FC0B9C7D-5E64-42FF-8376-4ABC621E1C2F,Q21294582,1,Philippe Bordeyne,238f1bd8868bca2696a511b7890e5146794fea84,http://doi.org/10.1177/0039320712042001-209,4a3927a7-7b48-46ea-8ed4-981985adfc7a,2021-11-05T00:00:00Z,11
Q109417967,'The Whole Story is What I'm After': Womanist Revolutions and Liberation Feminist Revelations through Biomythography and Emancipatory Historiography,DA6FC202-0FC8-4AA4-AF61-D326ADCF3AD5,Q92224966,2,Laura Gillman,29d0fafbdef6b4369e56aed89aec9e51e64c7b8d,http://doi.org/10.1558/BLTH.3.2.176.65728,9ac21375-48e8-44ab-8577-c723a279d12a,2021-11-05T00:00:00Z,11
Q109418049,Appropriation and Reciprocity in the Doing of Feminist and Womanist Ethics,AF3A0FAE-3964-4361-86BC-D7D7157529B5,Q6377445,2,Katie Geneva Cannon,38773343ff37c5bc4ab558b5e1166283163a3f6c,http://doi.org/10.5840/ASCE19931310,891174d3-a651-414d-bc5e-8d9b9758f715,2021-11-05T00:00:00Z,11
