qid,label_en,description_en,act_uuid,act,act_ref1_hash,act_ref1_retrieved_nodeId,act_ref1_retrieved_val,act_ref1_retrieved_prec,inventory_number_uuid,inventory_number,inventory_number_collection,inventory_number_ref1_hash,inventory_number_ref1_referenceUrl,inventory_number_ref1_retrieved_nodeId,inventory_number_ref1_retrieved_val,inventory_number_ref1_retrieved_prec,title_uuid,title,title_ref1_hash,title_ref1_referenceUrl,title_ref1_retrieved_nodeId,title_ref1_retrieved_val,title_ref1_retrieved_prec,creator_uuid,creator,creator_object_has_role,creator_ref1_hash,creator_ref1_referenceUrl,creator_ref1_retrieved_nodeId,creator_ref1_retrieved_val,creator_ref1_retrieved_prec,instance_of_uuid,instance_of,instance_of_ref1_hash,instance_of_ref1_referenceUrl,instance_of_ref1_retrieved_nodeId,instance_of_ref1_retrieved_val,instance_of_ref1_retrieved_prec,inception_uuid,inception_nodeId,inception_val,inception_prec,inception_earliest_date_nodeId,inception_earliest_date_val,inception_earliest_date_prec,inception_latest_date_nodeId,inception_latest_date_val,inception_latest_date_prec,inception_sourcing_circumstances,inception_ref1_hash,inception_ref1_referenceUrl,inception_ref1_retrieved_nodeId,inception_ref1_retrieved_val,inception_ref1_retrieved_prec,country_of_origin_uuid,country_of_origin,country_of_origin_ref1_hash,country_of_origin_ref1_referenceUrl,country_of_origin_ref1_retrieved_nodeId,country_of_origin_ref1_retrieved_val,country_of_origin_ref1_retrieved_prec,copyright_status_uuid,copyright_status,copyright_status_applies_to_jurisdiction,copyright_status_determination_method,copyright_status_ref1_hash,copyright_status_ref1_referenceUrl,copyright_status_ref1_retrieved_nodeId,copyright_status_ref1_retrieved_val,copyright_status_ref1_retrieved_prec,image_uuid,image,image_ref1_hash,image_ref1_referenceUrl,image_ref1_retrieved_nodeId,image_ref1_retrieved_val,image_ref1_retrieved_prec,collection_uuid,collection,collection_ref1_hash,collection_ref1_referenceUrl,collection_ref1_retrieved_nodeId,collection_ref1_retrieved_val,collection_ref1_retrieved_prec
,Joseph,painting by Guido Reni,,46511,,,2022-04-04,,,,,,,,,,,,,,,,,,Q109061,,,http://diglib.library.vanderbilt.edu/act-imagelink.pl?RC=46511,,2022-04-04,,,Q3305213,,http://diglib.library.vanderbilt.edu/act-imagelink.pl?RC=46511,,2022-04-04,,,,1641-01-01T00:00:00Z,9,,,,,,,,,http://diglib.library.vanderbilt.edu/act-imagelink.pl?RC=46511,,2022-04-04,,,Q38,,http://diglib.library.vanderbilt.edu/act-imagelink.pl?RC=46511,,2022-04-04,,,Q19652,Q60332278,Q29940705,,,,,,,Guido Reni 042.jpg,,http://diglib.library.vanderbilt.edu/act-imagelink.pl?RC=46511,,2022-04-04,,,Q2266081,,https://commons.wikimedia.org/wiki/File:Guido_Reni_042.jpg,,2022-04-04,
,The Death of Christ,painting by Bernard van Orley,,46609,,,2022-04-04,,,,,,,,,,,,,,,,,,Q454678,,,,,,,,Q3305213,,https://commons.wikimedia.org/wiki/File:Bernaerd_van_Orley_006.jpg,,2022-04-04,,,,1525-01-01T00:00:00Z,9,,1500-01-01T00:00:00Z,9,,1550-01-01T00:00:00Z,9,Q5727902,,http://diglib.library.vanderbilt.edu/act-imagelink.pl?RC=46609,,2022-04-04,,,Q31,,http://diglib.library.vanderbilt.edu/act-imagelink.pl?RC=46609,,2022-04-04,,,Q19652,Q60332278,Q29940705,,,,,,,Bernaerd van Orley 006.jpg,,http://diglib.library.vanderbilt.edu/act-imagelink.pl?RC=46609,,2022-04-04,,,,,,,,
,Jacob,painting by Georges du Mesnil de La Tour,,46624,,,2022-04-04,,,,,,,,,,,,,,,,,,Q203371,,,http://diglib.library.vanderbilt.edu/act-imagelink.pl?RC=46624,,2022-04-04,,,Q3305213,,https://commons.wikimedia.org/wiki/File:Georges_de_La_Tour_047.jpg,,2022-04-04,,,,1637-01-01T00:00:00Z,9,,1625-01-01T00:00:00Z,9,,1650-01-01T00:00:00Z,9,,,http://diglib.library.vanderbilt.edu/act-imagelink.pl?RC=46624,,2022-04-04,,,Q142,,http://diglib.library.vanderbilt.edu/act-imagelink.pl?RC=46624,,2022-04-04,,,Q19652,Q60332278,Q29940705,,,,,,,Georges de La Tour 047.jpg,,http://diglib.library.vanderbilt.edu/act-imagelink.pl?RC=46624,,2022-04-04,,,,,,,,
,John the Evangelist,painting by Jacopo da Pontormo,,49484,,,2022-04-04,,,,,,,,,,,,,,,,,,Q207929,,,http://diglib.library.vanderbilt.edu/act-imagelink.pl?RC=49484,,2022-04-04,,,Q3305213,,https://commons.wikimedia.org/wiki/File:Jacopo_Pontormo_067.jpg,,2022-04-04,,,,1527-01-01T00:00:00Z,9,,,,,,,,,http://diglib.library.vanderbilt.edu/act-imagelink.pl?RC=49484,,2022-04-04,,,Q38,,http://diglib.library.vanderbilt.edu/act-imagelink.pl?RC=49484,,2022-04-04,,,Q19652,Q60332278,Q29940705,,http://diglib.library.vanderbilt.edu/act-imagelink.pl?RC=49484,,2022-04-04,,,Jacopo Pontormo 067.jpg,,http://diglib.library.vanderbilt.edu/act-imagelink.pl?RC=49484,,2022-04-04,,,,,,,,
,Luke the Evangelist,painting by Jacopo da Pontormo,,49485,,,2022-04-04,,,,,,,,,,,,,,,,,,Q207929,,,http://diglib.library.vanderbilt.edu/act-imagelink.pl?RC=49485,,2022-04-04,,,Q3305213,,https://commons.wikimedia.org/wiki/File:Jacopo_Pontormo_068.jpg,,2022-04-04,,,,1527-01-01T00:00:00Z,9,,,,,,,,,http://diglib.library.vanderbilt.edu/act-imagelink.pl?RC=49485,,2022-04-04,,,Q38,,http://diglib.library.vanderbilt.edu/act-imagelink.pl?RC=49485,,2022-04-04,,,Q19652,Q60332278,Q29940705,,http://diglib.library.vanderbilt.edu/act-imagelink.pl?RC=49485,,2022-04-04,,,Jacopo Pontormo 068.jpg,,http://diglib.library.vanderbilt.edu/act-imagelink.pl?RC=49485,,2022-04-04,,,,,,,,
,Altar of the Mystical Lamb - Prophet Zechariah,painting by Hubert van Eyck,,49622,,,2022-04-04,,,,,,,,,,,,,,,,,,Q364350,,,http://diglib.library.vanderbilt.edu/act-imagelink.pl?RC=49622,,2022-04-04,,,Q3305213,,https://commons.wikimedia.org/wiki/File:Hubert_van_Eyck_008.jpg,,2022-04-04,,,,1429-01-01T00:00:00Z,9,,,,,,,,,http://diglib.library.vanderbilt.edu/act-imagelink.pl?RC=49622,,2022-04-04,,,Q31,,http://diglib.library.vanderbilt.edu/act-imagelink.pl?RC=49622,,2022-04-04,,,Q19652,,,,http://diglib.library.vanderbilt.edu/act-imagelink.pl?RC=49622,,2022-04-04,,,Hubert van Eyck 008.jpg,,http://diglib.library.vanderbilt.edu/act-imagelink.pl?RC=49622,,2022-04-04,,,,,,,,
,Agape Meal,fresco by artist unknown,,49629,,,2022-04-04,,,,,,,,,,,,,,,,,,_:,Q4233718,,https://commons.wikimedia.org/wiki/File:Agape_feast_03.jpg,,2022-04-04,,,Q22669139,,http://diglib.library.vanderbilt.edu/act-imagelink.pl?RC=49629,,2022-04-04,,,,0350-01-01T00:00:00Z,7,,,,,,,,,http://diglib.library.vanderbilt.edu/act-imagelink.pl?RC=49629,,2022-04-04,,,Q38,,http://diglib.library.vanderbilt.edu/act-imagelink.pl?RC=49629,,2022-04-04,,,Q19652,,,,http://diglib.library.vanderbilt.edu/act-imagelink.pl?RC=49629,,2022-04-04,,,Agape feast 03.jpg,,http://diglib.library.vanderbilt.edu/act-imagelink.pl?RC=49629,,2022-04-04,,,,,,,,
,Cross,sculpture by Fabienkhan,,49952,,,2022-04-04,,,,,,,,,,,,,,,,,,,,,,,,,,Q860861,,,,,,,,1850-01-01T00:00:00Z,7,,,,,,,,,http://diglib.library.vanderbilt.edu/act-imagelink.pl?RC=49952,,2022-04-04,,,Q794,,http://diglib.library.vanderbilt.edu/act-imagelink.pl?RC=49952,,2022-04-04,,,,,,,,,,,,Detail croix qara kelisa iran.jpg,,http://diglib.library.vanderbilt.edu/act-imagelink.pl?RC=49952,,2022-04-04,,,,,,,,
,Apotheosis of St. Ignatius,fresco by Andrea Pozzo,,49977,,,2022-04-04,,,,,,,,,,,,,,,,,,Q380103,,,http://diglib.library.vanderbilt.edu/act-imagelink.pl?RC=49977,,2022-04-04,,,Q22669139,,http://diglib.library.vanderbilt.edu/act-imagelink.pl?RC=49977,,2022-04-04,,,,1697-01-01T00:00:00Z,9,,1685-01-01T00:00:00Z,9,,1709-01-01T00:00:00Z,9,,,http://diglib.library.vanderbilt.edu/act-imagelink.pl?RC=49977,,2022-04-04,,,Q38,,http://diglib.library.vanderbilt.edu/act-imagelink.pl?RC=49977,,2022-04-04,,,Q19652,Q60332278,Q29940705,,,,,,,Sant'Ignazio - affresco soffitto -antmoose.jpg,,http://diglib.library.vanderbilt.edu/act-imagelink.pl?RC=49977,,2022-04-04,,,,,,,,
,Trees Sarcophagus,sculpture by artist unknown,,49978,,,2022-04-04,,,Ma 2981,Q19675,,"https://commons.wikimedia.org/wiki/File:Sarcophage_%C3%A0_arbres,_Louvre_00.JPG",,2022-04-04,,,,,,,,,,_:,Q4233718,,"https://commons.wikimedia.org/wiki/File:Sarcophage_%C3%A0_arbres,_Louvre_00.JPG",,2022-04-04,,,Q860861,,,,,,,,0325-01-01T00:00:00Z,9,,0300-01-01T00:00:00Z,9,,0350-01-01T00:00:00Z,9,,,http://diglib.library.vanderbilt.edu/act-imagelink.pl?RC=49978,,2022-04-04,,,Q142,,http://diglib.library.vanderbilt.edu/act-imagelink.pl?RC=49978,,2022-04-04,,,,,,,,,,,,"Sarcophage à arbres, Louvre 00.JPG",,http://diglib.library.vanderbilt.edu/act-imagelink.pl?RC=49978,,2022-04-04,,,Q19675,,"https://commons.wikimedia.org/wiki/File:Sarcophage_%C3%A0_arbres,_Louvre_00.JPG",,2022-04-04,
,Eve,painting by Anna Lea Merritt,,50216,,,2022-04-04,,,,,,,,,,,,,,,,,,Q2850565,,,http://diglib.library.vanderbilt.edu/act-imagelink.pl?RC=50216,,2022-04-04,,,Q3305213,,https://commons.wikimedia.org/wiki/File:Merritt_Anna_Lea_Eve_1885_Oil_On_Canvas-large.jpg,,2022-04-04,,,,1885-01-01T00:00:00Z,9,,,,,,,,,http://diglib.library.vanderbilt.edu/act-imagelink.pl?RC=50216,,2022-04-04,,,,,,,,,,,,,,,,,,,Merritt Anna Lea Eve 1885 Oil On Canvas-large.jpg,,http://diglib.library.vanderbilt.edu/act-imagelink.pl?RC=50216,,2022-04-04,,,,,,,,
,The First Four Articles of the Creed,taperstry by artist unknown,,50218,,,2022-04-04,,,,,,,,,,,,,,,,,,_:,Q4233718,,https://commons.wikimedia.org/wiki/File:First_Four_Articles_of_the_Creed_tapestry.jpg,,2022-04-04,,,Q184296,,,,,,,,1487-01-01T00:00:00Z,9,,1475-01-01T00:00:00Z,9,,1500-01-01T00:00:00Z,9,Q5727902,,http://diglib.library.vanderbilt.edu/act-imagelink.pl?RC=50218,,2022-04-04,,,,,,,,,,,,,,,,,,,First Four Articles of the Creed tapestry.jpg,,http://diglib.library.vanderbilt.edu/act-imagelink.pl?RC=50218,,2022-04-04,,,,,,,,
,"Jesus, Judas, and the Others",sculpture by artist unknown,,54139,,,2022-04-04,,,,,,,,,,,,,,,,,,_:,Q4233718,,,,,,,Q860861,,http://diglib.library.vanderbilt.edu/act-imagelink.pl?RC=54139,,2022-04-04,,,,1515-01-01T00:00:00Z,9,,1500-01-01T00:00:00Z,9,,1530-01-01T00:00:00Z,9,,,http://diglib.library.vanderbilt.edu/act-imagelink.pl?RC=54139,,2022-04-04,,,Q30,,http://diglib.library.vanderbilt.edu/act-imagelink.pl?RC=54139,,2022-04-04,,,Q19652,,,,https://commons.wikimedia.org/wiki/File:The_Last_Supper_MET_sf32-100-143s1.jpg,,2022-04-04,,,The Last Supper MET sf32-100-143s1.jpg,,http://diglib.library.vanderbilt.edu/act-imagelink.pl?RC=54139,,2022-04-04,,,,,,,,
,Paradise,painting by Jan Bruegel,,54171,,,2022-04-04,,,,,,,,,,,,,,,,,,Q209050,,,http://diglib.library.vanderbilt.edu/act-imagelink.pl?RC=54171,,2022-04-04,,,Q3305213,,http://diglib.library.vanderbilt.edu/act-imagelink.pl?RC=54171,,2022-04-04,,,,1650-01-01T00:00:00Z,9,,,,,,,Q5727902,,http://diglib.library.vanderbilt.edu/act-imagelink.pl?RC=54171,,2022-04-04,,,Q183,,http://diglib.library.vanderbilt.edu/act-imagelink.pl?RC=54171,,2022-04-04,,,Q19652,Q60332278,Q29940705,,,,,,,Jan Brueghel the Younger Paradise.jpg,,http://diglib.library.vanderbilt.edu/act-imagelink.pl?RC=54171,,2022-04-04,,,,,,,,
,Esther and Haman before Ahasuerus,painting by Jan Victors,,54179,,,2022-04-04,,,WRM 1016,Q700959,,https://commons.wikimedia.org/wiki/File:Jan_Victors_-_Esther_en_Haman_voor_Ahasverus.jpg,,2022-04-04,,,,,,,,,,Q1357477,,,http://diglib.library.vanderbilt.edu/act-imagelink.pl?RC=54179,,2022-04-04,,,Q3305213,,http://diglib.library.vanderbilt.edu/act-imagelink.pl?RC=54179,,2022-04-04,,,,1638-01-01T00:00:00Z,9,,1635-01-01T00:00:00Z,9,,1640-01-01T00:00:00Z,9,,,http://diglib.library.vanderbilt.edu/act-imagelink.pl?RC=54179,,2022-04-04,,,Q183,,http://diglib.library.vanderbilt.edu/act-imagelink.pl?RC=54179,,2022-04-04,,,Q19652,Q60332278,Q29940705,,,,,,,Jan Victors - Esther en Haman voor Ahasverus.jpg,,http://diglib.library.vanderbilt.edu/act-imagelink.pl?RC=54179,,2022-04-04,,,Q700959,,https://commons.wikimedia.org/wiki/File:Jan_Victors_-_Esther_en_Haman_voor_Ahasverus.jpg,,2022-04-04,
,Temptation in the Desert,watercolor by James Tissot,,54304,,,2022-04-04,,,,,,,,,,,,,,,,,,Q381248,,,http://diglib.library.vanderbilt.edu/act-imagelink.pl?RC=54304,,2022-04-04,,,Q3305213,,http://diglib.library.vanderbilt.edu/act-imagelink.pl?RC=54304,,2022-04-04,,,,1890-01-01T00:00:00Z,9,,1886-01-01T00:00:00Z,9,,1894-01-01T00:00:00Z,9,,,http://diglib.library.vanderbilt.edu/act-imagelink.pl?RC=54304,,2022-04-04,,,Q30,,http://diglib.library.vanderbilt.edu/act-imagelink.pl?RC=54304,,2022-04-04,,,Q19652,Q60332278,Q29940705,,,,,,,Brooklyn Museum - Jesus Tempted in the Wilderness (Jésus tenté dans le désert) - James Tissot - overall.jpg,,http://diglib.library.vanderbilt.edu/act-imagelink.pl?RC=54304,,2022-04-04,,,,,,,,
,Lost Coin,painting by Domenico Fetti,,54793,,,2022-04-04,,,,,,,,,,,,,,,,,,Q551695,,,http://diglib.library.vanderbilt.edu/act-imagelink.pl?RC=54793,,2022-04-04,,,Q3305213,,https://commons.wikimedia.org/wiki/File:Parable_of_the_Lost_Drachma_by_Fetti.jpg,,2022-04-04,,,,1620-01-01T00:00:00Z,9,,1618-01-01T00:00:00Z,9,,1622-01-01T00:00:00Z,9,,,http://diglib.library.vanderbilt.edu/act-imagelink.pl?RC=54793,,2022-04-04,,,Q183,,http://diglib.library.vanderbilt.edu/act-imagelink.pl?RC=54793,,2022-04-04,,,Q19652,Q60332278,Q29940705,,https://commons.wikimedia.org/wiki/File:Parable_of_the_Lost_Drachma_by_Fetti.jpg,,2022-04-04,,,Parable of the Lost Drachma by Fetti.jpg,,http://diglib.library.vanderbilt.edu/act-imagelink.pl?RC=54793,,2022-04-04,,,,,,,,
,Sacrifice of Isaac,painting by Jerónimo Jacinto de Espinosa,,54810,,,2022-04-04,,,,,,,,,,,,,,,,,,Q3496858,,,http://diglib.library.vanderbilt.edu/act-imagelink.pl?RC=54810,,2022-04-04,,,Q3305213,,http://diglib.library.vanderbilt.edu/act-imagelink.pl?RC=54810,,2022-04-04,,,,1644-01-01T00:00:00Z,9,,1621-01-01T00:00:00Z,9,,1667-01-01T00:00:00Z,9,,,http://diglib.library.vanderbilt.edu/act-imagelink.pl?RC=54810,,2022-04-04,,,Q29,,http://diglib.library.vanderbilt.edu/act-imagelink.pl?RC=54810,,2022-04-04,,,Q19652,Q60332278,Q29940705,,,,,,,Espinosa-sacrificiodeisaac.jpg,,http://diglib.library.vanderbilt.edu/act-imagelink.pl?RC=54810,,2022-04-04,,,,,,,,
,Sacrifice of Isaac,painting by Juan de Valdés Leal,,54813,,,2022-04-04,,,,,,,,,,,,,,,,,,Q518898,,,http://diglib.library.vanderbilt.edu/act-imagelink.pl?RC=54813,,2022-04-04,,,Q3305213,,"https://commons.wikimedia.org/wiki/File:Juan_de_Vald%C3%A9s_Leal_,_Sacrifice_of_Isaac_01.jpg",,2022-04-04,,,,1658-01-01T00:00:00Z,9,,,,,,,,,http://diglib.library.vanderbilt.edu/act-imagelink.pl?RC=54813,,2022-04-04,,,,,,,,,,Q19652,Q60332278,Q29940705,,,,,,,"Juan de Valdés Leal , Sacrifice of Isaac 01.jpg",,http://diglib.library.vanderbilt.edu/act-imagelink.pl?RC=54813,,2022-04-04,,,,,,,,
,Parable of the Rich Man and Lazarus,painting by Bartholomeus van Bassen,,54986,,,2022-04-04,,,,,,,,,,,,,,,,,,Q613336,,,http://diglib.library.vanderbilt.edu/act-imagelink.pl?RC=54986,,2022-04-04,,,Q3305213,,,,,,,,1625-01-01T00:00:00Z,9,,1620-01-01T00:00:00Z,9,,1630-01-01T00:00:00Z,9,Q5727902,,http://diglib.library.vanderbilt.edu/act-imagelink.pl?RC=54986,,2022-04-04,,,,,,,,,,Q19652,Q60332278,Q29940705,,,,,,,"Bartholomeus van Bassen, The Parable of the Rich Man and Lazarus, ca. 1620-30..jpg",,http://diglib.library.vanderbilt.edu/act-imagelink.pl?RC=54986,,2022-04-04,,,,,,,,
,Landscape with the parable of the Good Samaritan,painting by Henri Bles,,55020,,,2022-04-04,,,,,,,,,,,,,,,,,,Q677006,,,,,,,,Q3305213,,http://diglib.library.vanderbilt.edu/act-imagelink.pl?RC=55020,,2022-04-04,,,,,,,,,,,,,,,,,,,Q38,,http://diglib.library.vanderbilt.edu/act-imagelink.pl?RC=55020,,2022-04-04,,,,,,,,,,,,Met-de-bles-2.jpg,,http://diglib.library.vanderbilt.edu/act-imagelink.pl?RC=55020,,2022-04-04,,,,,,,,
,Sarah Leading Hagar to Abraham,painting by Matthias Stomer,,55118,,,2022-04-04,,,,,,,,,,,,,,,,,,Q949627,,,,,,,,Q3305213,,http://diglib.library.vanderbilt.edu/act-imagelink.pl?RC=55118,,2022-04-04,,,,1638-01-01T00:00:00Z,9,,,,,,,,,http://diglib.library.vanderbilt.edu/act-imagelink.pl?RC=55118,,2022-04-04,,,Q183,,http://diglib.library.vanderbilt.edu/act-imagelink.pl?RC=55118,,2022-04-04,,,,,,,,,,,,Matthias Stom - Sarah Leading Hagar to Abraham - WGA21803.jpg,,http://diglib.library.vanderbilt.edu/act-imagelink.pl?RC=55118,,2022-04-04,,,,,,,,
,"January - God creates the heavens and the earth, from the Grandes Heures de Rohan",manuscript by 15th cent. Rohan Master,,55134,,,2022-04-04,,,,,,,,,,,,,,,,,,Q744415,,,,,,,,Q87167,,http://diglib.library.vanderbilt.edu/act-imagelink.pl?RC=55134,,2022-04-04,,,,1422-01-01T00:00:00Z,9,,1418-01-01T00:00:00Z,9,,1425-01-01T00:00:00Z,9,,,http://diglib.library.vanderbilt.edu/act-imagelink.pl?RC=55134,,2022-04-04,,,Q142,,http://diglib.library.vanderbilt.edu/act-imagelink.pl?RC=55134,,2022-04-04,,,,,,,,,,,,Maitre de Rohan january.jpg,,http://diglib.library.vanderbilt.edu/act-imagelink.pl?RC=55134,,2022-04-04,,,,,,,,
,Pentecost,manuscript by 15th cent. Rohan Master,,55168,,,2022-04-04,,,,,,,,,,,,,,,,,,Q744415,,,,,,,,Q87167,,http://diglib.library.vanderbilt.edu/act-imagelink.pl?RC=55168,,2022-04-04,,,,1422-01-01T00:00:00Z,9,,1418-01-01T00:00:00Z,9,,1425-01-01T00:00:00Z,9,,,http://diglib.library.vanderbilt.edu/act-imagelink.pl?RC=55168,,2022-04-04,,,Q142,,http://diglib.library.vanderbilt.edu/act-imagelink.pl?RC=55168,,2022-04-04,,,,,,,,,,,,Maitre de Rohan (pentecost).jpg,,http://diglib.library.vanderbilt.edu/act-imagelink.pl?RC=55168,,2022-04-04,,,,,,,,
,Augustine baptized by Ambrose,painting by Niccolò di Pietro Gerini,,55208,,,2022-04-04,,,,,,,,,,,,,,,,,,Q1077403,,,http://diglib.library.vanderbilt.edu/act-imagelink.pl?RC=55208,,2022-04-04,,,Q3305213,,http://diglib.library.vanderbilt.edu/act-imagelink.pl?RC=55208,,2022-04-04,,,,1414-01-01T00:00:00Z,9,,1413-01-01T00:00:00Z,9,,1415-01-01T00:00:00Z,9,,,http://diglib.library.vanderbilt.edu/act-imagelink.pl?RC=55208,,2022-04-04,,,,,,,,,,Q19652,Q60332278,Q29940705,,,,,,,"8 Nicolo di Pietro,1413-15. The Saint Augustine Baptized by Saint Ambrose. Pinacoteca, Vatican..jpg",,http://diglib.library.vanderbilt.edu/act-imagelink.pl?RC=55208,,2022-04-04,,,Q774940,,"https://commons.wikimedia.org/wiki/File:8_Nicolo_di_Pietro,1413-15._The_Saint_Augustine_Baptized_by_Saint_Ambrose._Pinacoteca,_Vatican..jpg",,2022-04-04,
,Old Testament stories, Illuminated manuscript by Ferrer Bassa,,55261,,,2022-04-04,,,,,,,,,,,,,,,,,,Q769717,,,,,,,,Q48498,,,,,,,,,,,,,,,,,,,,,,,Q142,,http://diglib.library.vanderbilt.edu/act-imagelink.pl?RC=55261,,2022-04-04,,,,,,,,,,,,Saltiri anglocatalà f93r.jpg,,http://diglib.library.vanderbilt.edu/act-imagelink.pl?RC=55261,,2022-04-04,,,,,,,,
,Pilate's First Interrogation of Christ,painting by di Buoninsegna Duccio,,55283,,,2022-04-04,,,,,,,,,,,,,,,,,,Q15792,,,,,,,,Q3305213,,http://diglib.library.vanderbilt.edu/act-imagelink.pl?RC=55283,,2022-04-04,,,,1309-01-01T00:00:00Z,9,,1308-01-01T00:00:00Z,9,,1311-01-01T00:00:00Z,9,Q5727902,,http://diglib.library.vanderbilt.edu/act-imagelink.pl?RC=55283,,2022-04-04,,,Q38,,http://diglib.library.vanderbilt.edu/act-imagelink.pl?RC=55283,,2022-04-04,,,Q19652,,,,https://commons.wikimedia.org/wiki/File:Duccio_di_Buoninsegna_-_Pilate%27s_First_Interrogation_of_Christ_-_WGA06803.jpg,,2022-04-04,,,Duccio di Buoninsegna - Pilate's First Interrogation of Christ - WGA06803.jpg,,http://diglib.library.vanderbilt.edu/act-imagelink.pl?RC=55283,,2022-04-04,,,,,,,,
,Stephen and the Dispute before Sanhedrin,fresco by fra Angelico,,55294,,,2022-04-04,,,,,,,,,,,,,,,,,,Q5664,,,http://diglib.library.vanderbilt.edu/act-imagelink.pl?RC=55294,,2022-04-04,,,Q22669139,,http://diglib.library.vanderbilt.edu/act-imagelink.pl?RC=55294,,2022-04-04,,,,1448-01-01T00:00:00Z,9,,,,,,,,,http://diglib.library.vanderbilt.edu/act-imagelink.pl?RC=55294,,2022-04-04,,,,,,,,,,Q19652,Q60332278,Q29940705,,"https://commons.wikimedia.org/wiki/File:Angelico,_niccolina_02.jpg",,2022-04-04,,,"Angelico, niccolina 02.jpg",,http://diglib.library.vanderbilt.edu/act-imagelink.pl?RC=55294,,2022-04-04,,,,,,,,
,Resurrection of Christ,painting by Andrea del Castagno,,55333,,,2022-04-04,,,,,,,,,,,,,,,,,,Q240737,,,http://diglib.library.vanderbilt.edu/act-imagelink.pl?RC=55333,,2022-04-04,,,Q3305213,,http://diglib.library.vanderbilt.edu/act-imagelink.pl?RC=55333,,2022-04-04,,,,1400-01-01T00:00:00Z,9,,1390-01-01T00:00:00Z,9,,1410-01-01T00:00:00Z,9,Q5727902,,http://diglib.library.vanderbilt.edu/act-imagelink.pl?RC=55333,,2022-04-04,,,Q30,,http://diglib.library.vanderbilt.edu/act-imagelink.pl?RC=55333,,2022-04-04,,,Q19652,Q60332278,Q29940705,,,,,,,Andrea di Bartolo - The Resurrection - Walters 37741.jpg,,http://diglib.library.vanderbilt.edu/act-imagelink.pl?RC=55333,,2022-04-04,,,,,,,,
,"Payment of the Tithes, or, The Tax-Collector",painting by 1564-1638 Workshop of Pieter Bruegel the Younger,,55413,,,2022-04-04,,,,,,,,,,,,,,,,,,,,,,,,,,Q3305213,,http://diglib.library.vanderbilt.edu/act-imagelink.pl?RC=55413,,2022-04-04,,,,1616-01-01T00:00:00Z,9,,,,,,,Q5727902,,http://diglib.library.vanderbilt.edu/act-imagelink.pl?RC=55413,,2022-04-04,,,,,,,,,,,,,,,,,,,Pieter Brueghel the Younger (or workshop) The Payment of the Tithes Bonhams.jpg,,http://diglib.library.vanderbilt.edu/act-imagelink.pl?RC=55413,,2022-04-04,,,,,,,,
,Fountain of Life and Four Rivers of Paradise,manuscript by van Delf Dirc,,55435,,,2022-04-04,,,,,,,,,,,,,,,,,,Q2361614,,,http://diglib.library.vanderbilt.edu/act-imagelink.pl?RC=55435,,2022-04-04,,,Q87167,,http://diglib.library.vanderbilt.edu/act-imagelink.pl?RC=55435,,2022-04-04,,,,1402-01-01T00:00:00Z,9,,,,,,,,,http://diglib.library.vanderbilt.edu/act-imagelink.pl?RC=55435,,2022-04-04,,,Q30,,http://diglib.library.vanderbilt.edu/act-imagelink.pl?RC=55435,,2022-04-04,,,Q19652,Q60332278,Q29940705,,,,,,,Dirc van Delft - Fountain of Life and the Four Rivers of Paradise - Walters W17119V - Full Page.jpg,,http://diglib.library.vanderbilt.edu/act-imagelink.pl?RC=55435,,2022-04-04,,,,,,,,
,Signs on the Door,painting by James Tissot,,55444,,,2022-04-04,,,,,,,,,,,,,,,,,,Q381248,,,http://diglib.library.vanderbilt.edu/act-imagelink.pl?RC=55444,,2022-04-04,,,Q3305213,,http://diglib.library.vanderbilt.edu/act-imagelink.pl?RC=55444,,2022-04-04,,,,1899-01-01T00:00:00Z,9,,1896-01-01T00:00:00Z,9,,1902-01-01T00:00:00Z,9,,,http://diglib.library.vanderbilt.edu/act-imagelink.pl?RC=55444,,2022-04-04,,,Q30,,http://diglib.library.vanderbilt.edu/act-imagelink.pl?RC=55444,,2022-04-04,,,Q19652,Q60332278,Q29940705,,,,,,,Tissot The Signs on the Door.jpg,,http://diglib.library.vanderbilt.edu/act-imagelink.pl?RC=55444,,2022-04-04,,,,,,,,
,Tormented Figure,carving by Master of the Furies,,55481,,,2022-04-04,,,,,,,,,,,,,,,,,,Q1474950,,,,,,,,Q97570030,,http://diglib.library.vanderbilt.edu/act-imagelink.pl?RC=55481,,2022-04-04,,,,1645-01-01T00:00:00Z,9,,1640-01-01T00:00:00Z,9,,1650-01-01T00:00:00Z,9,Q5727902,,http://diglib.library.vanderbilt.edu/act-imagelink.pl?RC=55481,,2022-04-04,,,Q30,,http://diglib.library.vanderbilt.edu/act-imagelink.pl?RC=55481,,2022-04-04,,,,,,,,,,,,The Master of the Furies - Tormented Figure - Walters 71435.jpg,,http://diglib.library.vanderbilt.edu/act-imagelink.pl?RC=55481,,2022-04-04,,,,,,,,
,Egyptian Slave,sculpture by artist unknown,,55488,,,2022-04-04,,,,,,,,,,,,,,,,,,_:,Q4233718,,https://commons.wikimedia.org/wiki/File:Egyptian_-_Slave_-_Walters_542372.jpg,,2022-04-04,,,Q860861,,http://diglib.library.vanderbilt.edu/act-imagelink.pl?RC=55488,,2022-04-04,,,,-0150-01-01T00:00:00Z,7,,,,,,,,,http://diglib.library.vanderbilt.edu/act-imagelink.pl?RC=55488,,2022-04-04,,,Q30,,http://diglib.library.vanderbilt.edu/act-imagelink.pl?RC=55488,,2022-04-04,,,,,,,,,,,,Egyptian - Slave - Walters 542372.jpg,,http://diglib.library.vanderbilt.edu/act-imagelink.pl?RC=55488,,2022-04-04,,,,,,,,
,God's Promise to Abram,drawing by James Tissot,,55535,,,2022-04-04,,,,,,,,,,,,,,,,,,Q381248,,,http://diglib.library.vanderbilt.edu/act-imagelink.pl?RC=55535,,2022-04-04,,,Q93184,,http://diglib.library.vanderbilt.edu/act-imagelink.pl?RC=55535,,2022-04-04,,,,1899-01-01T00:00:00Z,9,,1896-01-01T00:00:00Z,9,,1902-01-01T00:00:00Z,9,,,http://diglib.library.vanderbilt.edu/act-imagelink.pl?RC=55535,,2022-04-04,,,Q30,,http://diglib.library.vanderbilt.edu/act-imagelink.pl?RC=55535,,2022-04-04,,,Q19652,Q60332278,Q29940705,,,,,,,Tissot God's Promises to Abram.jpg,,http://diglib.library.vanderbilt.edu/act-imagelink.pl?RC=55535,,2022-04-04,,,,,,,,
,Crozier with Virgin and Child and Crucifixion,carving by artist unknown,,55544,,,2022-04-04,,,,,,,,,,,,,,,,,,_:,Q4233718,,"https://commons.wikimedia.org/wiki/File:French_-_Virgin_and_Child,_Crucifixion_-_Walters_71232_-_Side_B.jpg",,2022-04-04,,,Q97570030,,http://diglib.library.vanderbilt.edu/act-imagelink.pl?RC=55544,,2022-04-04,,,,1355-01-01T00:00:00Z,9,,1350-01-01T00:00:00Z,9,,1360-01-01T00:00:00Z,9,,,http://diglib.library.vanderbilt.edu/act-imagelink.pl?RC=55544,,2022-04-04,,,Q30,,http://diglib.library.vanderbilt.edu/act-imagelink.pl?RC=55544,,2022-04-04,,,,,,,,,,,,"French - Virgin and Child, Crucifixion - Walters 71232 - Side B.jpg",,http://diglib.library.vanderbilt.edu/act-imagelink.pl?RC=55544,,2022-04-04,,,,,,,,
,Domestic Argument,watercolor by Gesina ter Borch,,55586,,,2022-04-04,,,,,,,,,,,,,,,,,,Q1519218,,,http://diglib.library.vanderbilt.edu/act-imagelink.pl?RC=55586,,2022-04-04,,,Q3305213,,http://diglib.library.vanderbilt.edu/act-imagelink.pl?RC=55586,,2022-04-04,,,,1670-01-01T00:00:00Z,9,,1650-01-01T00:00:00Z,9,,1690-01-01T00:00:00Z,9,,,http://diglib.library.vanderbilt.edu/act-imagelink.pl?RC=55586,,2022-04-04,,,Q55,,http://diglib.library.vanderbilt.edu/act-imagelink.pl?RC=55586,,2022-04-04,,,Q19652,Q60332278,Q29940705,,,,,,,Gesina ter Borch - echtelijke ruzie.jpg,,http://diglib.library.vanderbilt.edu/act-imagelink.pl?RC=55586,,2022-04-04,,,,,,,,
,Contrasts,print by Ludwig Rullmann,,55605,,,2022-04-04,,,,,,,,,,,,,,,,,,Q1459212,,,http://diglib.library.vanderbilt.edu/act-imagelink.pl?RC=55605,,2022-04-04,,,Q11060274,,http://diglib.library.vanderbilt.edu/act-imagelink.pl?RC=55605,,2022-04-04,,,,1821-01-01T00:00:00Z,9,,1820-01-01T00:00:00Z,9,,1822-01-01T00:00:00Z,9,Q5727902,,http://diglib.library.vanderbilt.edu/act-imagelink.pl?RC=55605,,2022-04-04,,,,,,,,,,Q19652,Q60332278,Q29940705,,,,,,,Les Contrastes - 1820 - Ludwig Rullmann.jpg,,http://diglib.library.vanderbilt.edu/act-imagelink.pl?RC=55605,,2022-04-04,,,,,,,,
,Water-Lily Pond and Weeping Willow,painting by Claude Monet,,55639,,,2022-04-04,,,,,,,,,,,,,,,,,,Q296,,,http://diglib.library.vanderbilt.edu/act-imagelink.pl?RC=55639,,2022-04-04,,,Q3305213,,http://diglib.library.vanderbilt.edu/act-imagelink.pl?RC=55639,,2022-04-04,,,,1917-01-01T00:00:00Z,9,,1916-01-01T00:00:00Z,9,,1919-01-01T00:00:00Z,9,,,http://diglib.library.vanderbilt.edu/act-imagelink.pl?RC=55639,,2022-04-04,,,,,,,,,,,,,,,,,,,"Claude Monet, Water-Lily Pond and Weeping Willow.JPG",,http://diglib.library.vanderbilt.edu/act-imagelink.pl?RC=55639,,2022-04-04,,,,,,,,
,Wasted Gallantry,painting by James Hope,,55694,,,2022-04-04,,,,,,,,,,,,,,,,,,Q20746885,,,http://diglib.library.vanderbilt.edu/act-imagelink.pl?RC=55694,,2022-04-04,,,Q3305213,,http://diglib.library.vanderbilt.edu/act-imagelink.pl?RC=55694,,2022-04-04,,,,,,,,,,,,,,,,,,,Q30,,http://diglib.library.vanderbilt.edu/act-imagelink.pl?RC=55694,,2022-04-04,,,Q19652,Q60332278,Q29940705,,https://commons.wikimedia.org/wiki/File:Wasted_Gallantry_by_Captain_James_Hope.jpg,,2022-04-04,,,Wasted Gallantry by Captain James Hope.jpg,,http://diglib.library.vanderbilt.edu/act-imagelink.pl?RC=55694,,2022-04-04,,,,,,,,
,Apuleius advises the use of demons as mediators between mankind and the gods,manuscript by active 1468-1482 Maître François,,55703,,,2022-04-04,,,,,,,,,,,,,,,,,,Q57351408,,,,,,,,Q87167,,http://diglib.library.vanderbilt.edu/act-imagelink.pl?RC=55703,,2022-04-04,,,,,,,,,,,,,,,,,,,Q55,,http://diglib.library.vanderbilt.edu/act-imagelink.pl?RC=55703,,2022-04-04,,,,,,,,,,,,Apuleius advises the use of demons as mediators between mankind and the gods.jpg,,http://diglib.library.vanderbilt.edu/act-imagelink.pl?RC=55703,,2022-04-04,,,,,,,,
,Processional Banner,painting by Aretino Spinello,,55715,,,2022-04-04,,,,,,,,,,,,,,,,,,Q287934,,,,,,,,Q3305213,,https://commons.wikimedia.org/wiki/File:Spinello_Aretino_013.jpg,,2022-04-04,,,,1397-01-01T00:00:00Z,9,,1395-01-01T00:00:00Z,9,,1400-01-01T00:00:00Z,9,Q5727902,,http://diglib.library.vanderbilt.edu/act-imagelink.pl?RC=55715,,2022-04-04,,,,,,,,,,,,,,,,,,,Spinello Aretino 013.jpg,,http://diglib.library.vanderbilt.edu/act-imagelink.pl?RC=55715,,2022-04-04,,,,,,,,
,Shepherd,drawing by Jean François Millet,,55850,,,2022-04-04,,,,,,,,,,,,,,,,,,Q148458,,,http://diglib.library.vanderbilt.edu/act-imagelink.pl?RC=55850,,2022-04-04,,,Q93184,,http://diglib.library.vanderbilt.edu/act-imagelink.pl?RC=55850,,2022-04-04,,,,1873-01-01T00:00:00Z,9,,1872-01-01T00:00:00Z,9,,1874-01-01T00:00:00Z,9,,,http://diglib.library.vanderbilt.edu/act-imagelink.pl?RC=55850,,2022-04-04,,,Q30,,http://diglib.library.vanderbilt.edu/act-imagelink.pl?RC=55850,,2022-04-04,,,Q19652,Q60332278,Q29940705,,,,,,,Jean-Francois Millet - The Shepherd - Google Art Project.jpg,,http://diglib.library.vanderbilt.edu/act-imagelink.pl?RC=55850,,2022-04-04,,,,,,,,
,"Madonna Lactans, or the Nursing Madonna",painting by 1430?-1494 Attributed to Hans Memling,,55862,,,2022-04-04,,,,,,,,,,,,,,,,,,Q106851,,,,,,,,Q3305213,,http://diglib.library.vanderbilt.edu/act-imagelink.pl?RC=55862,,2022-04-04,,,,,,,,,,,,,,,,,,,,,,,,,,,,,,,,,,,"Hans Memling , The Virgin Mary nursing the Christ Child. Oil and gold on panel, circular, (17.4 cm.) diameter. Christie's.jpg",,http://diglib.library.vanderbilt.edu/act-imagelink.pl?RC=55862,,2022-04-04,,,,,,,,
,Study of a Flying Sparrow,painting by Giovanni da Udine,,55871,,,2022-04-04,,,,,,,,,,,,,,,,,,Q983350,,,http://diglib.library.vanderbilt.edu/act-imagelink.pl?RC=55871,,2022-04-04,,,Q3305213,,http://diglib.library.vanderbilt.edu/act-imagelink.pl?RC=55871,,2022-04-04,,,,,,,,,,,,,,,,,,,Q34,,http://diglib.library.vanderbilt.edu/act-imagelink.pl?RC=55871,,2022-04-04,,,Q19652,Q60332278,Q29940705,,https://commons.wikimedia.org/wiki/File:Giovanni_Da_Udine_-_Study_of_a_Flying_Sparrow_-_WGA09431.jpg,,2022-04-04,,,Giovanni Da Udine - Study of a Flying Sparrow - WGA09431.jpg,,http://diglib.library.vanderbilt.edu/act-imagelink.pl?RC=55871,,2022-04-04,,,,,,,,
,Story of Esau and Jacob,sculpture by Lorenzo Ghiberti,,55879,,,2022-04-04,,,,,,,,,,,,,,,,,,Q208125,,,http://diglib.library.vanderbilt.edu/act-imagelink.pl?RC=55879,,2022-04-04,,,Q860861,,http://diglib.library.vanderbilt.edu/act-imagelink.pl?RC=55879,,2022-04-04,,,,1438-01-01T00:00:00Z,9,,1425-01-01T00:00:00Z,9,,1452-01-01T00:00:00Z,9,,,http://diglib.library.vanderbilt.edu/act-imagelink.pl?RC=55879,,2022-04-04,,,Q38,,http://diglib.library.vanderbilt.edu/act-imagelink.pl?RC=55879,,2022-04-04,,,Q19652,Q60332278,Q29940705,,,,,,,Lorenzo Ghiberti - Esaú e Jacó - Porta do Paraíso.jpg,,http://diglib.library.vanderbilt.edu/act-imagelink.pl?RC=55879,,2022-04-04,,,,,,,,
,"Peter, the Apostle",enamel by Mosan Workshop,,55927,,,2022-04-04,,,,,,,,,,,,,,,,,,_:,Q4233718,,,,,,,Q79496108,,,,,,,,1170-01-01T00:00:00Z,9,,1160-01-01T00:00:00Z,9,,1180-01-01T00:00:00Z,9,Q5727902,,http://diglib.library.vanderbilt.edu/act-imagelink.pl?RC=55927,,2022-04-04,,,Q30,,http://diglib.library.vanderbilt.edu/act-imagelink.pl?RC=55927,,2022-04-04,,,,,,,,,,,,Mosan Workshop - Saint Peter - Walters 44101.jpg,,http://diglib.library.vanderbilt.edu/act-imagelink.pl?RC=55927,,2022-04-04,,,,,,,,
,Catching Quails,painting by C. C. A. (Carl Christian Anton) Christensen,,55967,,,2022-04-04,,,,,,,,,,,,,,,,,,Q2938881,,,http://diglib.library.vanderbilt.edu/act-imagelink.pl?RC=55967,,2022-04-04,,,Q3305213,,http://diglib.library.vanderbilt.edu/act-imagelink.pl?RC=55967,,2022-04-04,,,,1846-01-01T00:00:00Z,9,,,,,,,Q5727902,,http://diglib.library.vanderbilt.edu/act-imagelink.pl?RC=55967,,2022-04-04,,,Q30,,http://diglib.library.vanderbilt.edu/act-imagelink.pl?RC=55967,,2022-04-04,,,Q19652,Q60332278,Q29940705,,https://commons.wikimedia.org/wiki/File:Catching_Quails_by_C.C.A._Christensen.png,,2022-04-04,,,Catching Quails by C.C.A. Christensen.png,,http://diglib.library.vanderbilt.edu/act-imagelink.pl?RC=55967,,2022-04-04,,,,,,,,
,The Dance of the Golden Calf from the Hortus Deliciarum,manuscript by of Landsberg Herrad,,55985,,,2022-04-04,,,,,,,,,,,,,,,,,,Q257351,,,,,,,,Q87167,,http://diglib.library.vanderbilt.edu/act-imagelink.pl?RC=55985,,2022-04-04,,,,1176-01-01T00:00:00Z,9,,1167-01-01T00:00:00Z,9,,1185-01-01T00:00:00Z,9,,,http://diglib.library.vanderbilt.edu/act-imagelink.pl?RC=55985,,2022-04-04,,,,,,,,,,,,,,,,,,,"Hortus Deliciarum, Der Tanz um das goldene Kalb.JPG",,http://diglib.library.vanderbilt.edu/act-imagelink.pl?RC=55985,,2022-04-04,,,,,,,,
,China 1944: A destitute boy with a wicker basket in the Poor People's Refuge in Changsa,photograph by Cecil Beaton,,55992,,,2022-04-04,,,,,,,,,,,,,,,,,,Q697096,,,http://diglib.library.vanderbilt.edu/act-imagelink.pl?RC=55992,,2022-04-04,,,Q125191,,http://diglib.library.vanderbilt.edu/act-imagelink.pl?RC=55992,,2022-04-04,,,,1944-01-01T00:00:00Z,9,,,,,,,,,http://diglib.library.vanderbilt.edu/act-imagelink.pl?RC=55992,,2022-04-04,,,Q145,,http://diglib.library.vanderbilt.edu/act-imagelink.pl?RC=55992,,2022-04-04,,,,,,,,,,,,Cecil Beaton Photographs- General IB4152C.jpg,,http://diglib.library.vanderbilt.edu/act-imagelink.pl?RC=55992,,2022-04-04,,,,,,,,
,Deborah Beneath the Palm Tree,watercolor by James Tissot,,55998,,,2022-04-04,,,,,,,,,,,,,,,,,,Q381248,,,http://diglib.library.vanderbilt.edu/act-imagelink.pl?RC=55998,,2022-04-04,,,Q3305213,,http://diglib.library.vanderbilt.edu/act-imagelink.pl?RC=55998,,2022-04-04,,,,1899-01-01T00:00:00Z,9,,1896-01-01T00:00:00Z,9,,1902-01-01T00:00:00Z,9,,,http://diglib.library.vanderbilt.edu/act-imagelink.pl?RC=55998,,2022-04-04,,,Q30,,http://diglib.library.vanderbilt.edu/act-imagelink.pl?RC=55998,,2022-04-04,,,Q19652,Q60332278,Q29940705,,,,,,,Tissot Deborah Beneath the Palm Tree.jpg,,http://diglib.library.vanderbilt.edu/act-imagelink.pl?RC=55998,,2022-04-04,,,,,,,,
,Parable of the Talents,manuscript by anonimus,,56004,,,2022-04-04,,,,,,,,,,,,,,,,,,_:,Q4233718,,,,,,,Q87167,,http://diglib.library.vanderbilt.edu/act-imagelink.pl?RC=56004,,2022-04-04,,,,,,,,,,,,,,,,,,,,,,,,,,,,,,,,,,,Parable of the Talents.jpg,,http://diglib.library.vanderbilt.edu/act-imagelink.pl?RC=56004,,2022-04-04,,,,,,,,
,Angel,carving by artist unknown,,56037,,,2022-03-30,,,OA,Q19675,,https://commons.wikimedia.org/wiki/File:Angel_ivory_Louvre_OA5839213922.jpg,,2022-03-30,,,,,,,,,,_:,Q4233718,,,,,,,Q97570030,,http://diglib.library.vanderbilt.edu/act-imagelink.pl?RC=56037,,2022-03-30,,,,1255-01-01T00:00:00Z,9,,1250-01-01T00:00:00Z,9,,1260-01-01T00:00:00Z,9,,,http://diglib.library.vanderbilt.edu/act-imagelink.pl?RC=56037,,2022-03-30,,,Q142,,http://diglib.library.vanderbilt.edu/act-imagelink.pl?RC=56037,,2022-03-30,,,Q19652,,,,https://commons.wikimedia.org/wiki/File:Angel_ivory_Louvre_OA5839213922.jpg,,2022-03-30,,,Angel ivory Louvre OA5839213922.jpg,,http://diglib.library.vanderbilt.edu/act-imagelink.pl?RC=56037,,2022-03-30,,,Q19675,,https://commons.wikimedia.org/wiki/File:Angel_ivory_Louvre_OA5839213922.jpg,,2022-03-30,
,Peter's Denial,painting by Adam De Coster,,56127,,,2022-03-30,,,,,,,,,,,,,,,,,,Q1861631,,,http://diglib.library.vanderbilt.edu/act-imagelink.pl?RC=56127,,2022-03-30,,,Q3305213,,http://diglib.library.vanderbilt.edu/act-imagelink.pl?RC=56127,,2022-03-30,,,,,,,,,,,,,,,,,,,,,,,,,,Q19652,Q60332278,Q29940705,,,,,,,Adam de Coster - The Denial of Saint Peter.jpg,,http://diglib.library.vanderbilt.edu/act-imagelink.pl?RC=56127,,2022-03-30,,,,,,,,
,Peter's Denial,painting by Carl Heinrich Bloch,,56132,,,2022-03-30,,,,,,,,,,,,,,,,,,Q547055,,,http://diglib.library.vanderbilt.edu/act-imagelink.pl?RC=56132,,2022-03-30,,,Q3305213,,http://diglib.library.vanderbilt.edu/act-imagelink.pl?RC=56132,,2022-03-30,,,,,,,,,,,,,,,,,,,Q30,,http://diglib.library.vanderbilt.edu/act-imagelink.pl?RC=56132,,2022-03-30,,,Q19652,Q60332278,Q29940705,,,,,,,Carl Bloch 001.jpg,,http://diglib.library.vanderbilt.edu/act-imagelink.pl?RC=56132,,2022-03-30,,,,,,,,
,"Anointing the Feet of Jesus in the House of Simon, the Pharisee","painting by School of the Allgäu (Southern Germany), circa 1470-1480",,56158,,,2022-03-30,,,,,,,,,,,,,,,,,,_:,Q4233718,,,,,,,Q3305213,,http://diglib.library.vanderbilt.edu/act-imagelink.pl?RC=56158,,2022-03-30,,,,1475-01-01T00:00:00Z,9,,1470-01-01T00:00:00Z,9,,1480-01-01T00:00:00Z,9,Q5727902,,http://diglib.library.vanderbilt.edu/act-imagelink.pl?RC=56158,,2022-03-30,,,Q183,,http://diglib.library.vanderbilt.edu/act-imagelink.pl?RC=56158,,2022-03-30,,,,,,,,,,,,Christ in the House of Simon 1470s.jpg,,http://diglib.library.vanderbilt.edu/act-imagelink.pl?RC=56158,,2022-03-30,,,,,,,,
,Fall of Satan from Heaven,manuscript by van Delf Dirc,,56203,,,2022-03-30,,,,,,,,,,,,,,,,,,Q2361614,,,http://diglib.library.vanderbilt.edu/act-imagelink.pl?RC=56203,,2022-03-30,,,Q87167,,http://diglib.library.vanderbilt.edu/act-imagelink.pl?RC=56203,,2022-03-30,,,,1402-01-01T00:00:00Z,9,,1400-01-01T00:00:00Z,9,,1404-01-01T00:00:00Z,9,Q5727902,,http://diglib.library.vanderbilt.edu/act-imagelink.pl?RC=56203,,2022-03-30,,,Q30,,http://diglib.library.vanderbilt.edu/act-imagelink.pl?RC=56203,,2022-03-30,,,Q19652,Q60332278,Q29940705,,,,,,,Dirc van Delft - The Fall of Satan - Walters W17181V - Full Page.jpg,,http://diglib.library.vanderbilt.edu/act-imagelink.pl?RC=56203,,2022-03-30,,,,,,,,
,Christ in the House of Mary and Martha,painting by Vincent Adriaenssen,,56209,,,2022-03-30,,,,,,,,,,,,,,,,,,Q15281423,,,http://diglib.library.vanderbilt.edu/act-imagelink.pl?RC=56209,,2022-03-30,,,Q3305213,,http://diglib.library.vanderbilt.edu/act-imagelink.pl?RC=56209,,2022-03-30,,,,,,,,,,,,,,,,,,,,,,,,,,Q19652,Q60332278,Q29940705,,,,,,,Vincent Adriaenssen - Christ in the House of Mary and Martha.jpg,,http://diglib.library.vanderbilt.edu/act-imagelink.pl?RC=56209,,2022-03-30,,,,,,,,
,Christ and Nicodemus,drawing by 1606-1669 Rembrandt Harmenszoon van Rijn,,56267,,,2022-03-30,,,,,,,,,,,,,,,,,,Q5598,,,,,,,,Q93184,,http://diglib.library.vanderbilt.edu/act-imagelink.pl?RC=56267,,2022-03-30,,,,,,,,,,,,,,,,,,,Q55,,http://diglib.library.vanderbilt.edu/act-imagelink.pl?RC=56267,,2022-03-30,,,,,,,,,,,,Rembrandt 221.jpg,,http://diglib.library.vanderbilt.edu/act-imagelink.pl?RC=56267,,2022-03-30,,,,,,,,
,Christ Child as Good Shepherd,carving by artist unknown ,,56310,,,2022-03-30,,,,,,,,,,,,,,,,,,_:,Q4233718,,,,,,,Q97570030,,http://diglib.library.vanderbilt.edu/act-imagelink.pl?RC=56310,,2022-03-30,,,,1650-01-01T00:00:00Z,7,,,,,,,,,http://diglib.library.vanderbilt.edu/act-imagelink.pl?RC=56310,,2022-03-30,,,Q30,,http://diglib.library.vanderbilt.edu/act-imagelink.pl?RC=56310,,2022-03-30,,,,,,,,,,,,Indian - The Christ Child as Good Shepherd - Walters 71324.jpg,,http://diglib.library.vanderbilt.edu/act-imagelink.pl?RC=56310,,2022-03-30,,,,,,,,
,Working in the Garden,painting by Carl Massmann,,56333,,,2022-03-30,,,,,,,,,,,,,,,,,,Q43133969,,,,,,,,Q3305213,,http://diglib.library.vanderbilt.edu/act-imagelink.pl?RC=56333,,2022-03-30,,,,,,,,,,,,,,,,,,,,,,,,,,,,,,,,,,,Carl Massmann Gartenarbeit.jpg,,http://diglib.library.vanderbilt.edu/act-imagelink.pl?RC=56333,,2022-03-30,,,,,,,,
,Pharisee and the Publican,watercolor by James Tissot,,56474,,,2022-03-30,,,,,,,,,,,,,,,,,,Q381248,,,http://diglib.library.vanderbilt.edu/act-imagelink.pl?RC=56474,,2022-03-30,,,Q3305213,,http://diglib.library.vanderbilt.edu/act-imagelink.pl?RC=56474,,2022-03-30,,,,1890-01-01T00:00:00Z,9,,1886-01-01T00:00:00Z,9,,1894-01-01T00:00:00Z,9,,,http://diglib.library.vanderbilt.edu/act-imagelink.pl?RC=56474,,2022-03-30,,,Q30,,http://diglib.library.vanderbilt.edu/act-imagelink.pl?RC=56474,,2022-03-30,,,Q19652,Q60332278,Q29940705,,,,,,,Tissot The Pharisee and the publican Brooklyn.jpg,,http://diglib.library.vanderbilt.edu/act-imagelink.pl?RC=56474,,2022-03-30,,,,,,,,
,Palm Sunday,painting by Ferdinand Georg Waldmüller,,56499,,,2022-03-30,,,,,,,,,,,,,,,,,,Q186816,,,http://diglib.library.vanderbilt.edu/act-imagelink.pl?RC=56499,,2022-03-30,,,Q3305213,,http://diglib.library.vanderbilt.edu/act-imagelink.pl?RC=56499,,2022-03-30,,,,1852-01-01T00:00:00Z,9,,,,,,,,,http://diglib.library.vanderbilt.edu/act-imagelink.pl?RC=56499,,2022-03-30,,,Q213,,http://diglib.library.vanderbilt.edu/act-imagelink.pl?RC=56499,,2022-03-30,,,Q19652,Q60332278,Q29940705,,https://commons.wikimedia.org/wiki/File:Waldm%C3%BCller_-_Palmsonntag.jpeg,,2022-03-30,,,Waldmüller - Palmsonntag.jpeg,,http://diglib.library.vanderbilt.edu/act-imagelink.pl?RC=56499,,2022-03-30,,,,,,,,
,The Lamb,painitng by Paul Klee,,56576,,,2022-03-30,,,,,,,,,,,,,,,,,,Q44007,,,http://diglib.library.vanderbilt.edu/act-imagelink.pl?RC=56576,,2022-03-30,,,Q3305213,,,,,,,,1920-01-01T00:00:00Z,7,,,,,,,,,http://diglib.library.vanderbilt.edu/act-imagelink.pl?RC=56576,,2022-03-30,,,Q183,,http://diglib.library.vanderbilt.edu/act-imagelink.pl?RC=56576,,2022-03-30,,,,,,,,,,,,Paul Klee - The Lamb - Google Art Project.jpg,,http://diglib.library.vanderbilt.edu/act-imagelink.pl?RC=56576,,2022-03-30,,,,,,,,
,Christ Blessing the Children,painting by Lucas Cranach,,56640,,,2022-03-30,,,,,,,,,,,,,,,,,,Q170339,,,http://diglib.library.vanderbilt.edu/act-imagelink.pl?RC=56640,,2022-03-30,,,Q3305213,,http://diglib.library.vanderbilt.edu/act-imagelink.pl?RC=56640,,2022-03-30,,,,1547-01-01T00:00:00Z,9,,1545-01-01T00:00:00Z,9,,1550-01-01T00:00:00Z,9,,,http://diglib.library.vanderbilt.edu/act-imagelink.pl?RC=56640,,2022-03-30,,,,,,,,,,Q19652,Q60332278,Q29940705,,,,,,,Lucas Cranach d.J. - Christus segnet die Kinder (ca.1540).jpg,,http://diglib.library.vanderbilt.edu/act-imagelink.pl?RC=56640,,2022-03-30,,,,,,,,
,Creation of Adam and Eve,fresco by Giusto de’ Menabuoi,,56644,,,2022-03-30,,,,,,,,,,,,,,,,,,Q595354,,,,,,,,Q22669139,,http://diglib.library.vanderbilt.edu/act-imagelink.pl?RC=56644,,2022-03-30,,,,1378-01-01T00:00:00Z,9,,,,,,,Q5727902,,http://diglib.library.vanderbilt.edu/act-imagelink.pl?RC=56644,,2022-03-30,,,Q38,,http://diglib.library.vanderbilt.edu/act-imagelink.pl?RC=56644,,2022-03-30,,,Q19652,Q60332278,Q29940705,,,,,,,Creation of Eve by Giusto de Menabuoi (Padua baptistery).jpg,,http://diglib.library.vanderbilt.edu/act-imagelink.pl?RC=56644,,2022-03-30,,,,,,,,
,Elijah and the widow of Zarephath,painting by Jan Victors,,56669,,,2022-03-30,,,,,,,,,,,,,,,,,,Q1357477,,,http://diglib.library.vanderbilt.edu/act-imagelink.pl?RC=56669,,2022-03-30,,,Q3305213,,http://diglib.library.vanderbilt.edu/act-imagelink.pl?RC=56669,,2022-03-30,,,,1645-01-01T00:00:00Z,9,,1640-01-01T00:00:00Z,9,,1650-01-01T00:00:00Z,9,,,http://diglib.library.vanderbilt.edu/act-imagelink.pl?RC=56669,,2022-03-30,,,Q36,,http://diglib.library.vanderbilt.edu/act-imagelink.pl?RC=56669,,2022-03-30,,,Q19652,Q60332278,Q29940705,,,,,,,Victors Elijah and the widow of Zarephath.JPG,,http://diglib.library.vanderbilt.edu/act-imagelink.pl?RC=56669,,2022-03-30,,,,,,,,
,"Jesus Before Pilate, First Interview",watercolor by James Tissot,,56679,,,2022-03-30,,,,,,,,,,,,,,,,,,Q381248,,,http://diglib.library.vanderbilt.edu/act-imagelink.pl?RC=56679,,2022-03-30,,,Q3305213,,http://diglib.library.vanderbilt.edu/act-imagelink.pl?RC=56679,,2022-03-30,,,,1890-01-01T00:00:00Z,9,,1886-01-01T00:00:00Z,9,,1894-01-01T00:00:00Z,9,,,http://diglib.library.vanderbilt.edu/act-imagelink.pl?RC=56679,,2022-03-30,,,Q30,,http://diglib.library.vanderbilt.edu/act-imagelink.pl?RC=56679,,2022-03-30,,,Q19652,Q60332278,Q29940705,,,,,,,"Jesus Before Pilate, First Interview.jpg",,http://diglib.library.vanderbilt.edu/act-imagelink.pl?RC=56679,,2022-03-30,,,,,,,,
,Baptism of Christ,sculpture by Veit Stoss,,56761,,,2022-03-30,,,,,,,,,,,,,,,,,,Q163800,,,http://diglib.library.vanderbilt.edu/act-imagelink.pl?RC=56761,,2022-03-30,,,Q860861,,http://diglib.library.vanderbilt.edu/act-imagelink.pl?RC=56761,,2022-03-30,,,,1485-01-01T00:00:00Z,9,,1480-01-01T00:00:00Z,9,,1490-01-01T00:00:00Z,9,Q5727902,,http://diglib.library.vanderbilt.edu/act-imagelink.pl?RC=56761,,2022-03-30,,,Q30,,http://diglib.library.vanderbilt.edu/act-imagelink.pl?RC=56761,,2022-03-30,,,Q19652,Q60332278,Q29940705,,https://commons.wikimedia.org/wiki/File:Baptism_of_Christ_MET_DP144433.jpg,,2022-03-30,,,Baptism of Christ MET DP144433.jpg,,http://diglib.library.vanderbilt.edu/act-imagelink.pl?RC=56761,,2022-03-30,,,,,,,,
,Mourning Figures,drawing by George Romney,,56812,,,2022-03-30,,,,,,,,,,,,,,,,,,Q371280,,,http://diglib.library.vanderbilt.edu/act-imagelink.pl?RC=56812,,2022-03-30,,,Q93184,,http://diglib.library.vanderbilt.edu/act-imagelink.pl?RC=56812,,2022-03-30,,,,1774-01-01T00:00:00Z,9,,1773-01-01T00:00:00Z,9,,1775-01-01T00:00:00Z,9,,,http://diglib.library.vanderbilt.edu/act-imagelink.pl?RC=56812,,2022-03-30,,,Q30,,http://diglib.library.vanderbilt.edu/act-imagelink.pl?RC=56812,,2022-03-30,,,Q19652,Q60332278,Q29940705,,https://commons.wikimedia.org/wiki/File:Mourning_Figures-_possibly_a_copy_after_a_fresco_by_Cimabue_MET_DP804917.jpg,,2022-03-30,,,Mourning Figures- possibly a copy after a fresco by Cimabue MET DP804917.jpg,,http://diglib.library.vanderbilt.edu/act-imagelink.pl?RC=56812,,2022-03-30,,,,,,,,
,Repairing Bomb Damaged Housing Post WWII Britain,photograph by Ministry of Information Photo Division Photographer,,56815,,,2022-03-30,,,,,,,,,,,,,,,,,,_:,Q4233718,,,,,,,Q125191,,http://diglib.library.vanderbilt.edu/act-imagelink.pl?RC=56815,,2022-03-30,,,,1945-01-01T00:00:00Z,9,,,,,,,,,http://diglib.library.vanderbilt.edu/act-imagelink.pl?RC=56815,,2022-03-30,,,Q145,,http://diglib.library.vanderbilt.edu/act-imagelink.pl?RC=56815,,2022-03-30,,,,,,,,,,,,Post War Planning and Reconstruction in Britain- Repairing Bomb Damaged Housing D24218.jpg,,http://diglib.library.vanderbilt.edu/act-imagelink.pl?RC=56815,,2022-03-30,,,,,,,,
,Temptation of Christ,painting by Jacob Cornelisz Van Oostsanen,,56819,,,2022-03-30,,,,,,,,,,,,,,,,,,Q1029143,,,http://diglib.library.vanderbilt.edu/act-imagelink.pl?RC=56819,,2022-03-30,,,Q3305213,,http://diglib.library.vanderbilt.edu/act-imagelink.pl?RC=56819,,2022-03-30,,,,1527-01-01T00:00:00Z,9,,1525-01-01T00:00:00Z,9,,1530-01-01T00:00:00Z,9,,,http://diglib.library.vanderbilt.edu/act-imagelink.pl?RC=56819,,2022-03-30,,,Q183,,http://diglib.library.vanderbilt.edu/act-imagelink.pl?RC=56819,,2022-03-30,,,Q19652,Q60332278,Q29940705,,,,,,,"The temptation of Christ, by Jacob Cornelisz van Oostsanen.jpg",,http://diglib.library.vanderbilt.edu/act-imagelink.pl?RC=56819,,2022-03-30,,,,,,,,
,Women at the Empty Tomb,fresco by fra Angelico,,56872,,,2022-03-30,,,,,,,,,,,,,,,,,,Q5664,,,http://diglib.library.vanderbilt.edu/act-imagelink.pl?RC=56872,,2022-03-30,,,Q22669139,,http://diglib.library.vanderbilt.edu/act-imagelink.pl?RC=56872,,2022-03-30,,,,1441-01-01T00:00:00Z,9,,1439-01-01T00:00:00Z,9,,1444-01-01T00:00:00Z,9,,,http://diglib.library.vanderbilt.edu/act-imagelink.pl?RC=56872,,2022-03-30,,,Q38,,http://diglib.library.vanderbilt.edu/act-imagelink.pl?RC=56872,,2022-03-30,,,Q19652,Q60332278,Q29940705,,https://commons.wikimedia.org/wiki/File:Fra_Angelico_-_Resurrection_of_Christ_and_Women_at_the_Tomb_(Cell_8)_-_WGA00542.jpg,,2022-03-30,,,Fra Angelico - Resurrection of Christ and Women at the Tomb (Cell 8) - WGA00542.jpg,,http://diglib.library.vanderbilt.edu/act-imagelink.pl?RC=56872,,2022-03-30,,,Q13453137,,https://commons.wikimedia.org/wiki/File:Fra_Angelico_-_Resurrection_of_Christ_and_Women_at_the_Tomb_(Cell_8)_-_WGA00542.jpg,,2022-03-30,
,"Wisdom, Prudence, and Knowledge",manuscript by active 1400-1415 Master of the Cité des Dames,,56953,,,2022-03-30,,,,,,,,,,,,,,,,,,_:,Q4233718,,,,,,,Q87167,,http://diglib.library.vanderbilt.edu/act-imagelink.pl?RC=56953,,2022-03-30,,,,1412-01-01T00:00:00Z,9,,1410-01-01T00:00:00Z,9,,1415-01-01T00:00:00Z,9,Q5727902,,http://diglib.library.vanderbilt.edu/act-imagelink.pl?RC=56953,,2022-03-30,,,Q145,,http://diglib.library.vanderbilt.edu/act-imagelink.pl?RC=56953,,2022-03-30,,,,,,,,,,,,Othea's Epistle (Queen's Manuscript) 02.jpg,,http://diglib.library.vanderbilt.edu/act-imagelink.pl?RC=56953,,2022-03-30,,,,,,,,
,"Praying Hands, or Study of the Hands of an Apostle",drawing by Albrecht Dürer,,56999,,,2022-03-30,,,,,,,,,,,,,,,,,,Q5580,,,http://diglib.library.vanderbilt.edu/act-imagelink.pl?RC=56999,,2022-03-30,,,Q93184,,http://diglib.library.vanderbilt.edu/act-imagelink.pl?RC=56999,,2022-03-30,,,,1508-01-01T00:00:00Z,9,,,,,,,,,http://diglib.library.vanderbilt.edu/act-imagelink.pl?RC=56999,,2022-03-30,,,Q40,,http://diglib.library.vanderbilt.edu/act-imagelink.pl?RC=56999,,2022-03-30,,,Q19652,Q60332278,Q29940705,,,,,,,Praying Hands - Albrecht Durer.png,,http://diglib.library.vanderbilt.edu/act-imagelink.pl?RC=56999,,2022-03-30,,,,,,,,
,Winged Altarpiece Shaped Like a Heart,painting by Lucas Cranach,,57010,,,2022-03-30,,,,,,,,,,,,,,,,,,Q191748,,,http://diglib.library.vanderbilt.edu/act-imagelink.pl?RC=57010,,2022-03-30,,,Q3305213,,http://diglib.library.vanderbilt.edu/act-imagelink.pl?RC=57010,,2022-03-30,,,,1584-01-01T00:00:00Z,9,,,,,,,,,http://diglib.library.vanderbilt.edu/act-imagelink.pl?RC=57010,,2022-03-30,,,Q183,,http://diglib.library.vanderbilt.edu/act-imagelink.pl?RC=57010,,2022-03-30,,,Q19652,Q60332278,Q29940705,,,,,,,"Lucas Cranach, Heart shaped altar, Nuremberg.jpg",,http://diglib.library.vanderbilt.edu/act-imagelink.pl?RC=57010,,2022-03-30,,,,,,,,
,Woman with an Infirmity of Eighteen Years,watercolor by James Tissot,,57031,,,2022-03-30,,,,,,,,,,,,,,,,,,Q381248,,,http://diglib.library.vanderbilt.edu/act-imagelink.pl?RC=57031,,2022-03-30,,,Q3305213,,http://diglib.library.vanderbilt.edu/act-imagelink.pl?RC=57031,,2022-03-30,,,,1891-01-01T00:00:00Z,9,,1886-01-01T00:00:00Z,9,,1896-01-01T00:00:00Z,9,,,http://diglib.library.vanderbilt.edu/act-imagelink.pl?RC=57031,,2022-03-30,,,Q30,,http://diglib.library.vanderbilt.edu/act-imagelink.pl?RC=57031,,2022-03-30,,,Q19652,Q60332278,Q29940705,,,,,,,HealWomanSabbath.jpg,,http://diglib.library.vanderbilt.edu/act-imagelink.pl?RC=57031,,2022-03-30,,,,,,,,
,Ten Lepers Call Out to Jesus,painting by Gebhard Fugel,,57165,,,2022-03-30,,,,,,,,,,,,,,,,,,Q1496893,,,http://diglib.library.vanderbilt.edu/act-imagelink.pl?RC=57165,,2022-03-30,,,Q3305213,,http://diglib.library.vanderbilt.edu/act-imagelink.pl?RC=57165,,2022-03-30,,,,,,,,,,,,,,,,,,,Q183,,http://diglib.library.vanderbilt.edu/act-imagelink.pl?RC=57165,,2022-03-30,,,Q19652,,,,https://commons.wikimedia.org/wiki/File:Gebhard_Fugel_Christus_und_die_Auss%C3%A4tzigen_c1920.jpg,,2022-03-30,,,Gebhard Fugel Christus und die Aussätzigen c1920.jpg,,http://diglib.library.vanderbilt.edu/act-imagelink.pl?RC=57165,,2022-03-30,,,,,,,,
,Solomon and Sheba,painting by Giovanni Demin,,57277,,,2022-03-30,,,,,,,,,,,,,,,,,,Q3767109,,,http://diglib.library.vanderbilt.edu/act-imagelink.pl?RC=57277,,2022-03-30,,,Q3305213,,http://diglib.library.vanderbilt.edu/act-imagelink.pl?RC=57277,,2022-03-30,,,,,,,,,,,,,,,,,,,,,,,,,,Q19652,Q60332278,Q29940705,,,,,,,Sheba demin.jpg,,http://diglib.library.vanderbilt.edu/act-imagelink.pl?RC=57277,,2022-03-30,,,,,,,,
,Christ in the Garden of Gethsemane,painting by di Paolo Giovanni,,57341,,,2022-03-30,,,,,,,,,,,,,,,,,,Q946420,,,http://diglib.library.vanderbilt.edu/act-imagelink.pl?RC=57341,,2022-03-30,,,Q3305213,,http://diglib.library.vanderbilt.edu/act-imagelink.pl?RC=57341,,2022-03-30,,,,,,,,,,,,,,,,,,,,,,,,,,,,,,,,,,,Christus im garten Giovanni di Paolo.Vatican.jpg,,http://diglib.library.vanderbilt.edu/act-imagelink.pl?RC=57341,,2022-03-30,,,,,,,,
,Arrest of Christ,painting by Albrecht Altdorfer,,57349,,,2022-03-30,,,,,,,,,,,,,,,,,,Q153746,,,http://diglib.library.vanderbilt.edu/act-imagelink.pl?RC=57349,,2022-03-30,,,Q3305213,,http://diglib.library.vanderbilt.edu/act-imagelink.pl?RC=57349,,2022-03-30,,,,,,,,,,,,,,,,,,,Q40,,http://diglib.library.vanderbilt.edu/act-imagelink.pl?RC=57349,,2022-03-30,,,Q19652,Q60332278,Q29940705,,,,,,,Albrecht Altdorfer - The Arrest of Christ - WGA00224.jpg,,http://diglib.library.vanderbilt.edu/act-imagelink.pl?RC=57349,,2022-03-30,,,,,,,,
,Cleansing of the Temple,painting by Pieter Aertsen,,57352,,,2022-03-30,,,,,,,,,,,,,,,,,,Q326548,,,,,,,,Q3305213,,http://diglib.library.vanderbilt.edu/act-imagelink.pl?RC=57352,,2022-03-30,,,,1550-01-01T00:00:00Z,7,,,,,,,,,http://diglib.library.vanderbilt.edu/act-imagelink.pl?RC=57352,,2022-03-30,,,,,,,,,,,,,,,,,,,Pieter Aertsen Christ cleansing the Temple.png,,http://diglib.library.vanderbilt.edu/act-imagelink.pl?RC=57352,,2022-03-30,,,,,,,,
,Sheep of His Pasture,print by Edward Calvert,,57375,,,2022-03-30,,,,,,,,,,,,,,,,,,Q3719940,,,http://diglib.library.vanderbilt.edu/act-imagelink.pl?RC=57375,,2022-03-30,,,Q11060274,,http://diglib.library.vanderbilt.edu/act-imagelink.pl?RC=57375,,2022-03-30,,,,1828-01-01T00:00:00Z,9,,,,,,,Q5727902,,http://diglib.library.vanderbilt.edu/act-imagelink.pl?RC=57375,,2022-03-30,,,Q30,,http://diglib.library.vanderbilt.edu/act-imagelink.pl?RC=57375,,2022-03-30,,,Q19652,Q60332278,Q29940705,,,,,,,Edward Calvert - The Sheep of His Pasture - Google Art Project.jpg,,http://diglib.library.vanderbilt.edu/act-imagelink.pl?RC=57375,,2022-03-30,,,,,,,,
,Hagar and the Angel in the Desert,watercolor by James Tissot,,57393,,,2022-03-30,,,,,,,,,,,,,,,,,,Q381248,,,http://diglib.library.vanderbilt.edu/act-imagelink.pl?RC=57393,,2022-03-30,,,Q3305213,,http://diglib.library.vanderbilt.edu/act-imagelink.pl?RC=57393,,2022-03-30,,,,1899-01-01T00:00:00Z,9,,1896-01-01T00:00:00Z,9,,1902-01-01T00:00:00Z,9,Q5727902,,http://diglib.library.vanderbilt.edu/act-imagelink.pl?RC=57393,,2022-03-30,,,Q30,,http://diglib.library.vanderbilt.edu/act-imagelink.pl?RC=57393,,2022-03-30,,,Q19652,Q60332278,Q29940705,,,,,,,Tissot Hagar and the Angel in the Desert.jpg,,http://diglib.library.vanderbilt.edu/act-imagelink.pl?RC=57393,,2022-03-30,,,,,,,,
,Passover in the Holy Family: Gathering Bitter Herbs,watercolor by Dante Gabriel Rossetti,,57581,,,2022-03-30,,,,,,,,,,,,,,,,,,Q186748,,,http://diglib.library.vanderbilt.edu/act-imagelink.pl?RC=57581,,2022-03-30,,,Q3305213,,http://diglib.library.vanderbilt.edu/act-imagelink.pl?RC=57581,,2022-03-30,,,,1856-01-01T00:00:00Z,9,,,,,,,,,http://diglib.library.vanderbilt.edu/act-imagelink.pl?RC=57581,,2022-03-30,,,Q145,,http://diglib.library.vanderbilt.edu/act-imagelink.pl?RC=57581,,2022-03-30,,,Q19652,Q60332278,Q29940705,,,,,,,Dante Gabriel Rossetti - The Passover in the Holy Family.jpg,,http://diglib.library.vanderbilt.edu/act-imagelink.pl?RC=57581,,2022-03-30,,,,,,,,
,Crossing of the Red Sea,manuscript by of Landsberg Herrad,,57585,,,2022-03-30,,,,,,,,,,,,,,,,,,Q257351,,,,,,,,Q87167,,http://diglib.library.vanderbilt.edu/act-imagelink.pl?RC=57585,,2022-03-30,,,,1176-01-01T00:00:00Z,9,,1167-01-01T00:00:00Z,9,,1185-01-01T00:00:00Z,9,,,http://diglib.library.vanderbilt.edu/act-imagelink.pl?RC=57585,,2022-03-30,,,,,,,,,,Q19652,,,,"https://commons.wikimedia.org/wiki/File:Hortus_Deliciarum,_Moses_f%C3%BChrt_das_Volk_Israel_durch_das_Rote_Meer.JPG",,2022-03-30,,,"Hortus Deliciarum, Moses führt das Volk Israel durch das Rote Meer.JPG",,http://diglib.library.vanderbilt.edu/act-imagelink.pl?RC=57585,,2022-03-30,,,,,,,,
,Parable of the Workers in the Vineyard,painting by Christian Wilhelm Ernst Dietrich,,57593,,,2022-03-30,,,,,,,,,,,,,,,,,,Q536581,,,http://diglib.library.vanderbilt.edu/act-imagelink.pl?RC=57593,,2022-03-30,,,Q3305213,,http://diglib.library.vanderbilt.edu/act-imagelink.pl?RC=57593,,2022-03-30,,,,1752-01-01T00:00:00Z,9,,,,,,,Q5727902,,http://diglib.library.vanderbilt.edu/act-imagelink.pl?RC=57593,,2022-03-30,,,Q36,,http://diglib.library.vanderbilt.edu/act-imagelink.pl?RC=57593,,2022-03-30,,,Q19652,Q60332278,Q29940705,,,,,,,Dietrich Workers in the vineyard.jpg,,http://diglib.library.vanderbilt.edu/act-imagelink.pl?RC=57593,,2022-03-30,,,,,,,,
,Job and His Friends,fresco by anonimous,,57633,,,2022-03-30,,,,,,,,,,,,,,,,,,_:,Q4233718,,,,,,,Q22669139,,http://diglib.library.vanderbilt.edu/act-imagelink.pl?RC=57633,,2022-03-30,,,,,,,,,,,,,,,,,,,Q159,,http://diglib.library.vanderbilt.edu/act-imagelink.pl?RC=57633,,2022-03-30,,,,,,,,,,,,Job Blagoveshenskiy sobor.jpg,,http://diglib.library.vanderbilt.edu/act-imagelink.pl?RC=57633,,2022-03-30,,,,,,,,
,Job on the Ash Heap,painting by Jusepe de Ribera,,57634,,,2022-03-30,,,,,,,,,,,,,,,,,,Q297838,,,http://diglib.library.vanderbilt.edu/act-imagelink.pl?RC=57634,,2022-03-30,,,Q3305213,,http://diglib.library.vanderbilt.edu/act-imagelink.pl?RC=57634,,2022-03-30,,,,1632-01-01T00:00:00Z,9,,,,,,,Q5727902,,http://diglib.library.vanderbilt.edu/act-imagelink.pl?RC=57634,,2022-03-30,,,,,,,,,,Q19652,Q60332278,Q29940705,,,,,,,JOB ON THE ASH HEAP.png,,http://diglib.library.vanderbilt.edu/act-imagelink.pl?RC=57634,,2022-03-30,,,,,,,,
,God Fishing for Leviathan,manuscript by of Landsberg Herrad,,57645,,,2022-03-30,,,,,,,,,,,,,,,,,,Q257351,,,,,,,,Q87167,,http://diglib.library.vanderbilt.edu/act-imagelink.pl?RC=57645,,2022-03-30,,,,1176-01-01T00:00:00Z,9,,1167-01-01T00:00:00Z,9,,1185-01-01T00:00:00Z,9,,,http://diglib.library.vanderbilt.edu/act-imagelink.pl?RC=57645,,2022-03-30,,,,,,,,,,,,,,,,,,,Hortus deliciarum Jesse tree.jpg,,http://diglib.library.vanderbilt.edu/act-imagelink.pl?RC=57645,,2022-03-30,,,,,,,,
,Comforters of Job,print by William Blake,,57718,,,2022-03-30,,,,,,,,,,,,,,,,,,Q41513,,,http://diglib.library.vanderbilt.edu/act-imagelink.pl?RC=57718,,2022-03-30,,,Q11060274,,http://diglib.library.vanderbilt.edu/act-imagelink.pl?RC=57718,,2022-03-30,,,,1825-01-01T00:00:00Z,9,,,,,,,,,http://diglib.library.vanderbilt.edu/act-imagelink.pl?RC=57718,,2022-03-30,,,,,,,,,,Q19652,Q60332278,Q29940705,,https://commons.wikimedia.org/wiki/File:Blake_Job_7.jpg,,2022-03-30,,,Blake Job 7.jpg,,http://diglib.library.vanderbilt.edu/act-imagelink.pl?RC=57718,,2022-03-30,,,,,,,,
,Despair of Job,print by William Blake,,57719,,,2022-03-30,,,,,,,,,,,,,,,,,,Q41513,,,http://diglib.library.vanderbilt.edu/act-imagelink.pl?RC=57719,,2022-03-30,,,Q11060274,,http://diglib.library.vanderbilt.edu/act-imagelink.pl?RC=57719,,2022-03-30,,,,1825-01-01T00:00:00Z,9,,,,,,,,,http://diglib.library.vanderbilt.edu/act-imagelink.pl?RC=57719,,2022-03-30,,,,,,,,,,Q19652,Q60332278,Q29940705,,https://commons.wikimedia.org/wiki/File:Blake_Job_8.jpg,,2022-03-30,,,Blake Job 8.jpg,,http://diglib.library.vanderbilt.edu/act-imagelink.pl?RC=57719,,2022-03-30,,,,,,,,
,Evil Dreams of Job,print by William Blake,,57722,,,2022-03-30,,,,,,,,,,,,,,,,,,Q41513,,,http://diglib.library.vanderbilt.edu/act-imagelink.pl?RC=57722,,2022-03-30,,,Q11060274,,http://diglib.library.vanderbilt.edu/act-imagelink.pl?RC=57722,,2022-03-30,,,,1825-01-01T00:00:00Z,9,,,,,,,,,http://diglib.library.vanderbilt.edu/act-imagelink.pl?RC=57722,,2022-03-30,,,,,,,,,,Q19652,Q60332278,Q29940705,,https://commons.wikimedia.org/wiki/File:Blake_Job_A11.jpg,,2022-03-30,,,Blake Job A11.jpg,,http://diglib.library.vanderbilt.edu/act-imagelink.pl?RC=57722,,2022-03-30,,,,,,,,
,Sacrifice of Job,print by William Blake,,57729,,,2022-03-30,,,,,,,,,,,,,,,,,,Q41513,,,http://diglib.library.vanderbilt.edu/act-imagelink.pl?RC=57729,,2022-03-30,,,Q11060274,,http://diglib.library.vanderbilt.edu/act-imagelink.pl?RC=57729,,2022-03-30,,,,1825-01-01T00:00:00Z,9,,,,,,,,,http://diglib.library.vanderbilt.edu/act-imagelink.pl?RC=57729,,2022-03-30,,,,,,,,,,Q19652,Q60332278,Q29940705,,https://commons.wikimedia.org/wiki/File:Blake_Job_18.jpg,,2022-03-30,,,Blake Job 18.jpg,,http://diglib.library.vanderbilt.edu/act-imagelink.pl?RC=57729,,2022-03-30,,,,,,,,
,Every Man Also Gave Him a Piece of Money,print by William Blake,,57730,,,2022-03-30,,,,,,,,,,,,,,,,,,Q41513,,,http://diglib.library.vanderbilt.edu/act-imagelink.pl?RC=57730,,2022-03-30,,,Q11060274,,http://diglib.library.vanderbilt.edu/act-imagelink.pl?RC=57730,,2022-03-30,,,,1825-01-01T00:00:00Z,9,,,,,,,,,http://diglib.library.vanderbilt.edu/act-imagelink.pl?RC=57730,,2022-03-30,,,,,,,,,,Q19652,Q60332278,Q29940705,,https://commons.wikimedia.org/wiki/File:Blake_Job_19.jpg,,2022-03-30,,,Blake Job 19.jpg,,http://diglib.library.vanderbilt.edu/act-imagelink.pl?RC=57730,,2022-03-30,,,,,,,,
,Folds from Ethiopian Processional Icon,painting by artist unknown,,57758,,,2022-03-30,,,,,,,,,,,,,,,,,,_:,Q4233718,,https://commons.wikimedia.org/wiki/File:Ethiopian_-_Folding_Processional_Icon_in_the_Shape_of_a_Fan_-_Walters_369_-_Open.jpg,,2022-03-30,,,Q3305213,,http://diglib.library.vanderbilt.edu/act-imagelink.pl?RC=57758,,2022-03-30,,,,1475-01-01T00:00:00Z,9,,1450-01-01T00:00:00Z,9,,1500-01-01T00:00:00Z,9,Q5727902,,http://diglib.library.vanderbilt.edu/act-imagelink.pl?RC=57758,,2022-03-30,,,Q30,,http://diglib.library.vanderbilt.edu/act-imagelink.pl?RC=57758,,2022-03-30,,,,,,,,,,,,Ethiopian - Folding Processional Icon in the Shape of a Fan - Walters 369 - Open.jpg,,http://diglib.library.vanderbilt.edu/act-imagelink.pl?RC=57758,,2022-03-30,,,,,,,,
,Seven Acts of Mercy,painting by Pieter Bruegel,,57786,,,2022-03-30,,,,,,,,,,,,,,,,,,Q255828,,,http://diglib.library.vanderbilt.edu/act-imagelink.pl?RC=57786,,2022-03-30,,,Q3305213,,http://diglib.library.vanderbilt.edu/act-imagelink.pl?RC=57786,,2022-03-30,,,,,,,,,,,,,,,,,,,,,,,,,,Q19652,Q60332278,Q29940705,,,,,,,Brueghel-Umkreis Werke der Barmherzigkeit.jpg,,http://diglib.library.vanderbilt.edu/act-imagelink.pl?RC=57786,,2022-03-30,,,,,,,,
,Sermon on the Mount,painting by Friedrich Karl Hermann von Uhde,,57789,,,2022-03-30,,,,,,,,,,,,,,,,,,Q210201,,,http://diglib.library.vanderbilt.edu/act-imagelink.pl?RC=57789,,2022-03-30,,,Q3305213,,http://diglib.library.vanderbilt.edu/act-imagelink.pl?RC=57789,,2022-03-30,,,,,,,,,,,,,,,,,,,Q28,,http://diglib.library.vanderbilt.edu/act-imagelink.pl?RC=57789,,2022-03-30,,,Q19652,Q60332278,Q29940705,,,,,,,Fritz von Uhde Bergpredigt.jpg,,http://diglib.library.vanderbilt.edu/act-imagelink.pl?RC=57789,,2022-03-30,,,,,,,,
,Encounter,painting by Adolf Hölzel,,58020,,,2022-03-30,,,,,,,,,,,,,,,,,,Q362498,,,http://diglib.library.vanderbilt.edu/act-imagelink.pl?RC=58020,,2022-03-30,,,Q3305213,,http://diglib.library.vanderbilt.edu/act-imagelink.pl?RC=58020,,2022-03-30,,,,1907-01-01T00:00:00Z,9,,1907-01-01T00:00:00Z,9,,1908-01-01T00:00:00Z,9,,,http://diglib.library.vanderbilt.edu/act-imagelink.pl?RC=58020,,2022-03-30,,,,,,,,,,Q19652,,,,https://commons.wikimedia.org/wiki/File:Adolf-hoelzel-begegnung.jpg,,2022-03-30,,,Adolf-hoelzel-begegnung.jpg,,http://diglib.library.vanderbilt.edu/act-imagelink.pl?RC=58020,,2022-03-30,,,,,,,,
,Sowing,painting by William H. Johnson,,58037,,,2022-03-30,,,,,,,,,,,,,,,,,,Q1883000,,,http://diglib.library.vanderbilt.edu/act-imagelink.pl?RC=58037,,2022-03-30,,,Q3305213,,http://diglib.library.vanderbilt.edu/act-imagelink.pl?RC=58037,,2022-03-30,,,,1941-01-01T00:00:00Z,9,,1940-01-01T00:00:00Z,9,,1942-01-01T00:00:00Z,9,Q5727902,,http://diglib.library.vanderbilt.edu/act-imagelink.pl?RC=58037,,2022-03-30,,,Q30,,http://diglib.library.vanderbilt.edu/act-imagelink.pl?RC=58037,,2022-03-30,,,,,,,,,,,,"Sowing, by William H. Johnson.jpg",,http://diglib.library.vanderbilt.edu/act-imagelink.pl?RC=58037,,2022-03-30,,,,,,,,
,Posthumous Portrait of Dred Scott,painting by Louis Schultze,,58089,,,2022-03-30,,,,,,,,,,,,,,,,,,Q112180501,,,,,,,,Q3305213,,http://diglib.library.vanderbilt.edu/act-imagelink.pl?RC=58089,,2022-03-30,,,,1887-01-01T00:00:00Z,9,,,,,,,,,http://diglib.library.vanderbilt.edu/act-imagelink.pl?RC=58089,,2022-03-30,,,Q30,,http://diglib.library.vanderbilt.edu/act-imagelink.pl?RC=58089,,2022-03-30,,,,,,,,,,,,DredScott.jpg,,http://diglib.library.vanderbilt.edu/act-imagelink.pl?RC=58089,,2022-03-30,,,,,,,,
,"Woman, Why Weepest Thou?",painting by Fritz von Uhde,,58161,,,2022-03-30,,,,,,,,,,,,,,,,,,Q210201,,,http://diglib.library.vanderbilt.edu/act-imagelink.pl?RC=58161,,2022-03-30,,,Q3305213,,http://diglib.library.vanderbilt.edu/act-imagelink.pl?RC=58161,,2022-03-30,,,,1893-01-01T00:00:00Z,9,,1892-01-01T00:00:00Z,9,,1894-01-01T00:00:00Z,9,,,http://diglib.library.vanderbilt.edu/act-imagelink.pl?RC=58161,,2022-03-30,,,Q30,,http://diglib.library.vanderbilt.edu/act-imagelink.pl?RC=58161,,2022-03-30,,,Q19652,Q60332278,Q29940705,,,,,,,"Fritz von Uhde - Weib, warum weinest du (1892-94).jpg",,http://diglib.library.vanderbilt.edu/act-imagelink.pl?RC=58161,,2022-03-30,,,,,,,,
,"Trinity, Book of Hours, Royal 2 B XV f. 10v",manuscript by artist unknown,,58383,,,2022-03-30,,,,,,,,,,,,,,,,,,_:,Q4233718,,,,,,,Q87167,,http://diglib.library.vanderbilt.edu/act-imagelink.pl?RC=58383,,2022-03-30,,,,1500-01-01T00:00:00Z,9,,,,,,,,,http://diglib.library.vanderbilt.edu/act-imagelink.pl?RC=58383,,2022-03-30,,,Q145,,http://diglib.library.vanderbilt.edu/act-imagelink.pl?RC=58383,,2022-03-30,,,,,,,,,,,,BLRoyal2BXVFol010vTrinity.jpg,,http://diglib.library.vanderbilt.edu/act-imagelink.pl?RC=58383,,2022-03-30,,,,,,,,
,"Slave pen, Alexandria, Va",photograph by Civil War Glass Negatives,,58425,,,2022-03-30,,,,,,,,,,,,,,,,,,_:,Q4233718,,,,,,,Q125191,,http://diglib.library.vanderbilt.edu/act-imagelink.pl?RC=58425,,2022-03-30,,,,1863-01-01T00:00:00Z,9,,1861-01-01T00:00:00Z,9,,1865-01-01T00:00:00Z,9,,,http://diglib.library.vanderbilt.edu/act-imagelink.pl?RC=58425,,2022-03-30,,,Q30,,http://diglib.library.vanderbilt.edu/act-imagelink.pl?RC=58425,,2022-03-30,,,,,,,,,,,,"Slave pen, Alexandria, Va LCCN2013651888.jpg",,http://diglib.library.vanderbilt.edu/act-imagelink.pl?RC=58425,,2022-03-30,,,,,,,,
,Hannah at Prayer,painting by Wilhelm Wachtel,,58453,,,2022-03-30,,,,,,,,,,,,,,,,,,Q9374535,,,http://diglib.library.vanderbilt.edu/act-imagelink.pl?RC=58453,,2022-03-30,,,Q3305213,,http://diglib.library.vanderbilt.edu/act-imagelink.pl?RC=58453,,2022-03-30,,,,,,,,,,,,,,,,,,,,,,,,,,,,,,,,,,,Wilhelm Wachtel - Hannah at prayer.jpg,,http://diglib.library.vanderbilt.edu/act-imagelink.pl?RC=58453,,2022-03-30,,,,,,,,
,Naomi and Ruth,painting by Jacob Symonsz (1592-1650) Pynas,,58479,,,2022-03-30,,,,,,,,,,,,,,,,,,Q221131,,,,,,,,Q3305213,,http://diglib.library.vanderbilt.edu/act-imagelink.pl?RC=58479,,2022-03-30,,,,,,,,,,,,,,,,,,,,,,,,,,,,,,,,,,,Jacob Symonsz Pynas Ruth beschliesst mit Naomi nach Bethlehem zu ziehen.jpg,,http://diglib.library.vanderbilt.edu/act-imagelink.pl?RC=58479,,2022-03-30,,,,,,,,
,Resurrected Christ Appearing to Mary Magdalene in the Garden,textile by artist unknown,,58644,,,2022-03-30,,,,,,,,,,,,,,,,,,_:,Q4233718,,http://diglib.library.vanderbilt.edu/act-imagelink.pl?RC=58644,,2022-03-30,,,Q28823,,http://diglib.library.vanderbilt.edu/act-imagelink.pl?RC=58644,,2022-03-30,,,,1510-01-01T00:00:00Z,9,,1500-01-01T00:00:00Z,9,,1520-01-01T00:00:00Z,9,Q5727902,,http://diglib.library.vanderbilt.edu/act-imagelink.pl?RC=58644,,2022-03-30,,,Q30,,http://diglib.library.vanderbilt.edu/act-imagelink.pl?RC=58644,,2022-03-30,,,Q19652,,,,https://commons.wikimedia.org/wiki/File:The_Resurrected_Christ_Appearing_to_Mary_Magdelene_in_the_Garden_MET_sf56-47d2.jpg,,2022-03-30,,,The Resurrected Christ Appearing to Mary Magdelene in the Garden MET sf56-47d2.jpg,,http://diglib.library.vanderbilt.edu/act-imagelink.pl?RC=58644,,2022-03-30,,,,,,,,
,Christ and the Rich Young Man,manuscript by Master of Antwerp,,58669,,,2022-03-30,,,,,,,,,,,,,,,,,,Q1275195,,,,,,,,Q87167,,http://diglib.library.vanderbilt.edu/act-imagelink.pl?RC=58669,,2022-03-30,,,,1488-01-01T00:00:00Z,9,,1485-01-01T00:00:00Z,9,,1491-01-01T00:00:00Z,9,,,http://diglib.library.vanderbilt.edu/act-imagelink.pl?RC=58669,,2022-03-30,,,,,,,,,,,,,,,,,,,"Christus en de rijke jongeman, RP-P-1961-729.jpg",,http://diglib.library.vanderbilt.edu/act-imagelink.pl?RC=58669,,2022-03-30,,,,,,,,
,Elijah Fed by an Angel,painting by Ferdinand Bol,,58673,,,2022-03-30,,,,,,,,,,,,,,,,,,Q374039,,,http://diglib.library.vanderbilt.edu/act-imagelink.pl?RC=58673,,2022-03-30,,,Q3305213,,http://diglib.library.vanderbilt.edu/act-imagelink.pl?RC=58673,,2022-03-30,,,,1661-01-01T00:00:00Z,9,,1660-01-01T00:00:00Z,9,,1663-01-01T00:00:00Z,9,,,http://diglib.library.vanderbilt.edu/act-imagelink.pl?RC=58673,,2022-03-30,,,,,,,,,,Q19652,Q60332278,Q29940705,,,,,,,Ferdinand Bol - Elijah Fed by an Angel - WGA2360.jpg,,http://diglib.library.vanderbilt.edu/act-imagelink.pl?RC=58673,,2022-03-30,,,,,,,,
,Christ Washing the Feet of the Disciples,painting by 1528-1588 Paolo Veronese,,58690,,,2022-03-30,,,,,,,,,,,,,,,,,,Q9440,,,,,,,,Q3305213,,http://diglib.library.vanderbilt.edu/act-imagelink.pl?RC=58690,,2022-03-30,,,,1584-01-01T00:00:00Z,9,,1580-01-01T00:00:00Z,9,,1589-01-01T00:00:00Z,9,,,http://diglib.library.vanderbilt.edu/act-imagelink.pl?RC=58690,,2022-03-30,,,Q213,,http://diglib.library.vanderbilt.edu/act-imagelink.pl?RC=58690,,2022-03-30,,,,,,,,,,,,Paolo Veronese - Christ Washing the Feet of the Disciples - WGA24846.jpg,,http://diglib.library.vanderbilt.edu/act-imagelink.pl?RC=58690,,2022-03-30,,,,,,,,
,Disputation with the Doctors,painting by di Buoninsegna Duccio,,58762,,,2022-03-30,,,,,,,,,,,,,,,,,,Q15792,,,,,,,,Q3305213,,http://diglib.library.vanderbilt.edu/act-imagelink.pl?RC=58762,,2022-03-30,,,,1309-01-01T00:00:00Z,9,,1308-01-01T00:00:00Z,9,,1311-01-01T00:00:00Z,9,,,http://diglib.library.vanderbilt.edu/act-imagelink.pl?RC=58762,,2022-03-30,,,Q38,,http://diglib.library.vanderbilt.edu/act-imagelink.pl?RC=58762,,2022-03-30,,,Q19652,,,,https://commons.wikimedia.org/wiki/File:Duccio_di_Buoninsegna_-_Disputation_with_the_Doctors_-_WGA06768.jpg,,2022-03-30,,,Duccio di Buoninsegna - Disputation with the Doctors - WGA06768.jpg,,http://diglib.library.vanderbilt.edu/act-imagelink.pl?RC=58762,,2022-03-30,,,,,,,,
,Visit of the Queen of Sheba to Solomon,painting by Jacopo Tintoretto,,58823,,,2022-03-30,,,,,,,,,,,,,,,,,,Q9319,,,http://diglib.library.vanderbilt.edu/act-imagelink.pl?RC=58823,,2022-03-30,,,Q3305213,,http://diglib.library.vanderbilt.edu/act-imagelink.pl?RC=58823,,2022-03-30,,,,1545-01-01T00:00:00Z,9,,1545-01-01T00:00:00Z,9,,1546-01-01T00:00:00Z,9,Q5727902,,http://diglib.library.vanderbilt.edu/act-imagelink.pl?RC=58823,,2022-03-30,,,Q30,,http://diglib.library.vanderbilt.edu/act-imagelink.pl?RC=58823,,2022-03-30,,,Q19652,Q60332278,Q29940705,,,,,,,Tintoretto - The Visit of the Queen of Sheba to Solomon.gif,,http://diglib.library.vanderbilt.edu/act-imagelink.pl?RC=58823,,2022-03-30,,,,,,,,
,St. Albans Psalter Initial S,manuscript by artist unknown,,58847,,,2022-03-30,,,,,,,,,,,,,,,,,,_:,Q4233718,,,,,,,Q87167,,http://diglib.library.vanderbilt.edu/act-imagelink.pl?RC=58847,,2022-03-30,,,,1125-01-01T00:00:00Z,9,,1120-01-01T00:00:00Z,9,,1130-01-01T00:00:00Z,9,,,http://diglib.library.vanderbilt.edu/act-imagelink.pl?RC=58847,,2022-03-30,,,Q183,,http://diglib.library.vanderbilt.edu/act-imagelink.pl?RC=58847,,2022-03-30,,,Q19652,,,,https://commons.wikimedia.org/wiki/File:Psalm_136_Initial_S.jpg,,2022-03-30,,,Psalm 136 Initial S.jpg,,http://diglib.library.vanderbilt.edu/act-imagelink.pl?RC=58847,,2022-03-30,,,,,,,,
