key,reason,item_type,isbn,issn,publication_title,publication_year,author,title
JAEN5NTF,Article or chapter without published_in.,bookSection,978-1-4039-8296-4,,"Practicing Catholic: Ritual, Body, and Contestation in Catholic Faith",2006,"Morrill, B.T.; Ziegler, J.E.; Rodgers, S.",Introduction
ZWDBJDP8,Unknown work type.,webpage,,,Ministry Matters,2015,"Pennel, Jr., Joe E.",Chargeable Offenses and Complaints
6QKSXN7Q,Article or chapter without published_in.,bookSection,978-0-8358-1330-3,,The Upper Room Disciplines 2017,2016,"Pennel, Jr., Joe E.; Pennel, Jr., Joe E.",The God Who Searches for Us
K5W62HTL,Article or chapter without published_in.,bookSection,,,The Upper Room Disciplines 2013,2012,"Pennel, Joe; Pennel, Joe",A Vision for Peace
FXU3QRGA,Unknown work type.,report,,,,1982,"Pennel, Joe E.; Richardson, C. Faith; Schreiber, John L.; Waltz, Alan K.; Wynne, Ed; United Methodist Church (U.S.)",A Connectional Community: The Organization of the United Methodist Church in Overhead Transparencies
LN6P7SFH,Unknown work type.,blogPost,,,Justice Blog,2019,"Quigley, Jennifer A.","Why names matter, or, it’s not all about Paul."
SXCFX4CZ,Unknown work type.,blogPost,,,Yale University Press Blog,2021,"Quigley, Jennifer A.",Doing Business with the Gods in the Ancient World
USC6HN2G,Unknown work type.,blogPost,,,Justice Blog,2019,"Quigley, Jennifer A.",The Costs of Our Theologies
3WA3QFU3,Unknown work type.,blogPost,,,Justice Blog,2019,"Quigley, Jennifer A.",Teaching about Gender and Sexuality in the Bible: Reflections from a Seminary Classroom for Congregations
7FWVPM4C,Article or chapter without published_in.,bookSection,978-1-5018-9663-7,,"The Abingdon preaching annual, 2021: planning sermons and services for fifty-two Sundays",2020,"Quigley, Jennifer","March 28, 2021: Sixth Sunday in Lent"
XQU5ZJN4,Article or chapter without published_in.,bookSection,978-1-5018-9663-7,,"The Abingdon preaching annual, 2021: planning sermons and services for fifty-two Sundays",2020,"Quigley, Jennifer","January 3, 2021: Second Sunday after Christmas Day"
LCUS26W6,Article or chapter without published_in.,journalArticle,,,The Bible & Critical Theory,2022,"Quigley, Jennifer","Teaching and touches across time: queer historiography, pedagogy, and appalling bodies"
5JZXRSC9,Unknown work type.,webpage,,,Bible Odyssey,,"Quigley, Jennifer",Welfare and 2 Thessalonians 3:6–14
8M3ADPP5,Unknown work type.,document,,,,2015,"Quigley, Jennifer; Nasrallah, Laura S.; Davis, Zachary","Course Report: Early Christianity: The Letters of Paul, Launched January – February 2014"
FLGTSBS2,Article or chapter without published_in.,bookSection,,,Oxford Encyclopedias of the Bible: Digital Collection,2022,"Quigley, Jennifer A.",Philippi
JL8URVEG,Unknown work type.,webpage,,,Ancient Jew Review,2017,Quigley,Book Note | The People Beside Paul: The Philippian Assembly and History from Below
U6GBD8M7,Unknown work type.,webpage,,,Ancient Jew Review,2018,"Quigley, Jennifer",Book Note | A Spiritual Economy: Gift Exchange in the Letters of Paul of Tarsus
EYDXJ7BN,Unknown work type.,webpage,,,Ancient Jew Review,2019,"Quigley, Jennifer",Book Note | Paul: The Pagans’ Apostle
2MGSIMW3,Unknown work type.,webpage,,,Ancient Jew Review,2019,"Quigley, Jennifer",Dissertation Spotlight | Divine Accounting: Theo-Economics in the Letter to the Philippians
9U44GNWJ,Unknown work type.,webpage,,,Political Theology Network,2020,"Quigley, Jennifer",Assembling New Possibilities from the Christ collectives in Philippi
FB46XEJ6,Article or chapter without published_in.,bookSection,,,Oxford bibliographies. Biblical studies;,2021,"Quigley, Jennifer A.; Porter, Sarah F.","Archaeology, Greco-Roman"
3UEL7ZVF,Article or chapter without published_in.,bookSection,,,The struggle over class: socioeconomic analysis of ancient Christian texts,2021,"Quigley, Jennifer",Class-ifying the Gods: The Christ Commodity in Philippians 3
74KWE7FZ,Article or chapter without published_in.,bookSection,,,"Philippi, from Colonia Augusta to Communitas Christiana: religion and society in transition",2022,"Quigley, Jennifer; Nasrallah, Laura",Cost and abundance in Roman Philippi: the letter to the Philippians in its context
RJFPKF5W,Article or chapter without published_in.,bookSection,,,"Ancient manuscripts in digital culture: visualisation, data mining, communication",2019,"Marguerat, Alessandra; Quigley, Jennifer Aileen; Nasrallah, Laura Salah",HarvardX’s early Christianity: the letters of Paul: a retrospective on online teaching and learning
XEGE6G8U,Article or chapter without published_in.,bookSection,978-1-57607-238-7,,"Religion and American Cultures: An Encyclopedia of Traditions, Diversity, and Popular Expressions",2003,"Reside, Graham",Prayer in America
P3I3UW3D,Article or chapter without published_in.,bookSection,,,Cultures of Call: Exploring Vocational Habits and Practices in Congregations,2004,"Reside, Graham",Modeling the Way: The Grantham Church
MU85DEIH,Article or chapter without published_in.,bookSection,,,Cultures of Call: Exploring Vocational Habits and Practices in Congregations,2004,"Reside, Graham; Okoro, Enuma","Regular and Remarkable Family, Community and Call at Zebulon Baptist Church"
69M29L6Y,Article or chapter without published_in.,journalArticle,,,Podium,2002,"Rieger, Jeorg",Was bedeutet Heimat heute?
82YZX88K,Article or chapter without published_in.,bookSection,,,Faith Communities and Social Movements Facing Globalization: International and Interfaith Colloquium 2000 on Faith-Theology-Economy,2002,"Rieger, Jeorg",How Can People Take Their Economic Lives into Their Own Hands?
UI7XXAB6,Article or chapter without published_in.,bookSection,,,The Quality of the Resurrection Faith,2003,"Rieger, Jeorg",Freedom and Service to Neighbor
CVCN6523,Article or chapter without published_in.,bookSection,978-0-8272-3001-9,,Postcolonial Theologies: Divinity and Empire,2004,"Rieger, Jeorg",Liberating God-Talk: Postcolonialism and the Challenge of the Margins
3NBHX6U5,Article or chapter without published_in.,encyclopediaArticle,978-0-19-522393-4,,Encyclopedia of Christianity,2005,"Rieger, Joerg",Methodism
TGHLTBA3,Article or chapter without published_in.,bookSection,978-0-567-02890-7,,Interpreting the postmodern: responses to 'radical orthodoxy',2006,"Rieger, Joerg",'That's not fair': upside-down justice in the midst of empire
UQRIP2FV,Article or chapter without published_in.,journalArticle,,,Estudos de Religião,2008,"Rieger, Jeorg",Libertando o discurso sobre Deus: Pós-colonialismo e o desafio das margens
AYXDEQXV,Article or chapter without published_in.,journalArticle,,,Revista Caminhando,2008,"Rieger, Jeorg",Methodism and Empire: The Beginnings
RA4SI64W,Article or chapter without published_in.,journalArticle,,,The Clergy Journal,2011,"Rieger, Jeorg","Theology, Economics, and the Future"
LNS27SN3,Article or chapter without published_in.,bookSection,978-0-7391-3705-5,,Alienation and Connection: Suffering in a Global Age,2011,"Rieger, Joerg","Globalization, Empire, and Beyond: The Challenges of Globalizing Christianity and Religion"
PBV7BK4I,Article or chapter without published_in.,bookSection,978-0-230-11975-8,,"The subject, capitalism, and religion: horizons of hope in complex societies",2011,"Rieger, Joerg","Faith Communities, Labor, and Desire - Introduction"
MMDCCFTC,Article or chapter without published_in.,bookSection,978-0-8232-6844-3,,"Common goods: economy, ecology, and political theology",2015,"Rieger, Jeorg",Reconfiguring the Common Good and Religion in the Context of Capitalism: Abrahamic Alternatives
GHIMGEPL,Article or chapter without published_in.,journalArticle,,,Peace Studies Journal,2012,"Rieger, Jeorg",Occupy Wall Street and Everything Else: Lessons for the Study and Praxis of Religion
MNXDLDYN,Article or chapter without published_in.,bookSection,978-1-4267-2977-5,,Abingdon Theological Companion to the Lectionary: Preaching Year C,2012,"Rieger, Jeorg",Proper 21-26 [26-31]
G2J9WZGD,Article or chapter without published_in.,journalArticle,,0342-9423,Interkulturelle Theologie,2012,"Rieger, Joerg",Theologie und die Macht der Ränder in einer postmodernen Welt
LPJCHX4S,Article or chapter without published_in.,bookSection,978-0-7391-7318-3,,"God loves diversity and justice: progressive scholars speak about faith, politics, and the world",2013,"Rieger, Jeorg",Celebrating Diversity is Not What It’s All About: A Progressive While Male German American Theologian Speaks
F92C9HGA,Article or chapter without published_in.,bookSection,978-0-7391-7533-0,,"Across borders: Latin perspectives in the Americas reshaping religion, theology, and life",2013,"Rieger, Joerg",Crossing Borders in the Postcolonial Empire: On Deep Solidarity in the Americas
4RUWKUFK,Article or chapter without published_in.,bookSection,978-0-334-03130-7,,"Christianity, consumerism and the market",2014,"Rieger, Jeorg",Reshaping Desire at Deeper Levels
XXSBXRVX,Article or chapter without published_in.,journalArticle,,,"The Ecumenist: A Journal of Theology, Culture, and Society",2015,"Rieger, Jeorg",Why Both Race and Class Matter in Religion: Taking the Long View
RXXVUIYA,Article or chapter without published_in.,bookSection,978-0-664-23167-5,,The Lord and giver of life: perspectives on constructive pneumatology,2008,"Rieger, Joerg; Jensen,",Resistance Spirit: The Holy Spirit and Empire
EQY9IJUB,Article or chapter without published_in.,bookSection,978-1-932792-50-8,,The Hope of Liberation in World Religions,2008,,Protestantism
7XJNWTXC,Article or chapter without published_in.,bookSection,,,"Liberating the Future: God, Mammon, and Theology",1998,"Rieger, Jeorg",Introduction: Watch the Money & Developing a Common Interest Theology from the Underside
9LM9XEEB,Article or chapter without published_in.,bookSection,,,Theology from the Belly of the Whale: A Frederick Herzog Reader,1999,"Rieger, Jeorg",Introduction: Whaling Our Way into the Twenty-First Century
SVEI4556,Article or chapter without published_in.,journalArticle,,,Evangelische Kommentare,1999,"Rieger, Jeorg",Im Banne der Macht: Wie theologische Autorität neue Legitimation gewinnt
9RQGKRRM,Article or chapter without published_in.,bookSection,,,Finishing the Journey: Questions and Answers from United Methodists of Conviction,2000,"Rieger, Jeorg",Is Homosexuality a Sin?
65HERHWL,Article or chapter without published_in.,journalArticle,,,Unterwegs,2001,"Rieger, Jeorg",Was tut Jesus heute?
2W8SQ6G5,Article or chapter without published_in.,bookSection,978-0-9819921-5-0,,"Faith and the Common Good: The Best of Zion's Herald and The Progressive Christian, 2000-2011",2014,"Rieger, Jeorg",Class Struggle and Religion
B68B4F4V,Unknown work type.,webpage,,,Aeon,2012,"Rieger, Jeorg",Jesus was a worker. He would have joined Occupy – Joerg Rieger | Aeon Essays
NJ8BAEM2,Article or chapter without published_in.,bookSection,978-1-137-31182-5,,The reemergence of liberation theologies: models for the twenty-first century,2013,"Rieger, Jeorg",Context is What Hurts: Rethinking Contextual Theology in Light of Empire and Economics
QI9GPJDC,Article or chapter without published_in.,bookSection,978-1-62698-311-3,,Unsettling the word: biblical experiments in decolonization,2018,"Rieger, Joerg",Reclaiming People Power
ML7CJVHH,Article or chapter without published_in.,bookSection,978-1-945935-26-8,,Missio Dei and the United States: toward a faithful United Methodist witness : study guide.,2018,"Rieger, Joerg",Reaching Out and Reaching In: Reflections on Mission in a Postcolonial Age
PTZNN8VI,Unknown work type.,podcast,,,,,"Rieger, Joerg; Debo, David; Debo, Ann","Faith And Reason 360 | Jesus Vs. Caesar Part 3: Religion, Materialism, and Rapture Theology | Episode 22"
KS77JY2I,Unknown work type.,podcast,,,,,"Rieger, Joerg; Debo, David; Debo, Ann","Faith And Reason 360 | Jesus Vs. Caesar Part 2: Religion, Politics, & Modernity, with Joerg Rieger | Episode 21"
S5N825U5,Article or chapter without published_in.,journalArticle,,,Council for World Mission,2019,"Rieger, Joerg","Empire, Deep Solidarity, and the Future of Resistance"
ECQK6FKK,Unknown work type.,newspaperArticle,,,People’s Reporter: A Form of Current Affairs,2019,"Rieger, Joerg; Rosemaire Henkel-Rieger",Deep Solidarity Beyond Charity and Advocacy: This Changes Everything
GEQZGK2A,Unknown work type.,podcast,,,,,"Posadas, Jeremy; Klein, Jonathan; Rieger, Joerg; Rosemaire Henkel-Rieger; Ward, Kate",ASSEMBLY Ep 03: Economic Justice (cont.)
H9MH3ASN,Unknown work type.,podcast,,,,,"Posadas, Jeremy; Klein, Jonathan; Rieger, Joerg; Rosemaire Henkel-Rieger; Ward, Kate",ASSEMBLY Ep 02: Economic Justice
2ECTYSQA,Article or chapter without published_in.,bookSection,,,Wiley Blackwell Companion to Political Theology,2019,Joerg Rieger,Grassroots Social Movements and Political Theology
CW2YKXPG,Unknown work type.,podcast,,,,,"Rieger, Joerg; Debo, David; Debo, Ann","Faith And Reason 360 | Jesus Vs. Caesar Part 1: Emperor God or Servant God, with Joerg Rieger | Episode 20"
2JD3MGCP,Article or chapter without published_in.,journalArticle,,,Contemporary Marxian Philosophy Studies,2016,"Rieger, Jeorg",From Mechanic to Organic Thinking and Beyond
ISQT4L3L,Article or chapter without published_in.,bookSection,,,Socialism in Process,2017,"Rieger, Jeorg",Why Movements Matter Most: A Conversation with the New Materialism
V9VRIB9Q,Article or chapter without published_in.,bookSection,978-3-946426-01-1,,Reforming Theology – Migrating Church – Transforming Society: A Compendium for Ecumenical Education,2017,"Rieger, Jeorg",Theology of the Multitude
IY7FI65B,Unknown work type.,blogPost,,,Syndicate,,,The Executed God—Syndicate Theology
SC4TWW3U,Article or chapter without published_in.,bookSection,,,Faith and resistance in the age of Trump,2017,"Rieger, Jeorg",National Capitalism: Religious Resonances and Alternatives
PE2DHCTK,Article or chapter without published_in.,bookSection,978-3-631-72956-4,,Demokratie. Ein interdisziplinäres Forschungsprojekt. Salzburger Interdisziplinäre Diskurse,2017,"Rieger, Jeorg",Theologie der Multitude
STZ5C2W8,the editors and authors are wrong,book,,,,,,"Encyclopedia of activism and social justice Gary Anderson and Kathryn Herr, eds."
ZEFXJN83,Article or chapter without published_in.,bookSection,978-3-89965-790-6,,"""Alle Verhältnisse umzuwerfen ... und die Mächtigen vom Thron zu stürzen"": das gemeinsame Erbe von Christen und Marx",2018,"Ramminger, Michael; Segbers, Franz; Institut für Theologie und Politik; Rosa-Luxemburg-Stiftung; Rieger, Joerg","Die Christen, Marx und die USA"
NZR5PRQK,Article or chapter without published_in.,bookSection,,,The Sunday after Tuesday : college pulpits respond to 9/11,2002,"Rieger, Joerg",A Sermon
528VN46J,Article or chapter without published_in.,bookSection,97891900000000,,Between Capital and Cathedral: Essays on Church-State relationships - Vanderbilt University,2012,"Rieger, Jeorg",Being a Christian in a ‘Christian Country’: Theological Reflections
J6ZAAYWC,Article or chapter without published_in.,bookSection,978-90-04-33604-9,,"Contesting religious identities: transformations, disseminations and mediations",2017,"Reiger, Jeorg",Beyond Blind Faith: Religious Identities Under the Conditions of Late Capitalism
VQIG4IZT,Article or chapter without published_in.,bookSection,978-1-137-35137-1,,"Religion, Theology, and Class: Fresh Engagements After Long Silence",2013,"Rieger, Jeorg",Why Class Matters in Religious Studies and Theology
PKZWNVAR,Article or chapter without published_in.,bookSection,978-1-875053-97-1,,"Living on the edge: essays in honour of Steve de Gruchy, activist & theologian",2012,"Rieger, Jeorg","Theology, Development and Liberation: New Challenges in a Globalizing World."
THM8UUWH,Article or chapter without published_in.,bookSection,978-0-8006-6215-8,,Empire and the Christian Tradition: New Readings of Classical Theologians,2015,"Rieger, Jeorg",Theology and Empires & Friedrich Schleiermacher
4IYS7XFF,Article or chapter without published_in.,bookSection,978-1-60947-087-6,,Holy Imagination: Rethinking Social Holiness,2015,"Rieger, Jeorg",Speaking Truth to Power—with a Twist: Reenvisioning the Task of Theology and the Academy.
XDU7VRW9,Article or chapter without published_in.,journalArticle,,,The Asbury Journal,2006,"Rieger, Jeorg","Resistance and Theological Ethics by Ronald H. Stone and Robert L. Stivers, eds"
SD3CR5IC,Article or chapter without published_in.,journalArticle,,,"Sightings, The University of Chicago Divinity School",2014,"Rieger, Jeorg","Religion, Class, and Denominationalism in the US"
Y6APQHF2,Article or chapter without published_in.,bookSection,,,Godly heretics: essays on alternative Christianity in literature and popular culture,2013,"Rieger, Jeorg","Reclaiming the Relation of Religion, Politics, and Economics"
9P5SPK84,Article or chapter without published_in.,bookSection,978-0-8028-6440-6,,An Eerdmans reader in contemporary political theology,2012,"Rieger, Jeorg",Post-Colonial Challenges: Introduction
LH8XND6Q,Article or chapter without published_in.,bookSection,,,Colloquium 2000: Glaubensgemeinschaften und soziale Bewegungen im Streit mit der Globalisierung,2000,"Rieger, Jeorg",Ökonomische Angelegenheiten selbst in die Hand nehmen: Reflektionen von der Unterseite
5F47ID3V,Article or chapter without published_in.,bookSection,978-3-89965-656-5,,"""Diese Wirtschaft tötet"": (Papst Franziskus) Kirchen gegen Kapitalismus",2015,"Rieger, Jeorg",Occupray! Theologie für die 99 Prozent.
3TL7LQ3F,Article or chapter without published_in.,journalArticle,,,Perkins Perspective,1997,"Rieger, Jeorg",Meeting God in West Dallas
A9ME4IEN,Article or chapter without published_in.,bookSection,978-3-932810-35-0,,Das Imperium kehrt zurück: Das Imperium in der Bibel und als Herausforderung für die Ökumene heute,2006,"Rieger, Joerg",Imperium und die christliche Tradition
QUMBGT7T,Article or chapter without published_in.,bookSection,978-3-7022-2554-4,,"Oikos Europa zwischen Oikonomia und Oikumene: Globale Marktwirtschaft, EU-Erweiterung und christliche Verantwortung",2004,"Rieger, Jeorg",Gott und die globale Marktwirtschaf & Ein ‘Streitgespräch
PEIV9LH6,Article or chapter without published_in.,journalArticle,,,"General Board of Higher Education and Ministry of the United Methodist Church, Occasional Papers",2008,"Rieger, Joerg","Globalization, Empire, and Beyond: The Pitfalls and Promises of a Global Church"
FFZ42EY7,Article or chapter without published_in.,bookSection,978-0-8006-3794-1,,"Theology that matters: ecology, economy and God",2006,"Rieger, Joerg","God and power, prophets, and native lands"
Y3Q6KD6F,Article or chapter without published_in.,bookSection,978-987-33-5304-8,,"Con la mirada en el mesías, de la mano del pueblo",2014,"Rieger, Jeorg",Freedom vs. Liberation: Reflections from the United States and Europe in Conversation with Latin America.
5TVZYXCW,Article or chapter without published_in.,dictionaryEntry,,,The Dictionary of Modern American Philosophers,2005,"Rieger, Jeorg",Frederick Herzog
TWS4PSPG,Article or chapter without published_in.,dictionaryEntry,,,The Cambridge Dictionary of Christianity Bibliography,2010,"Rieger, Jeorg",Decolonizing Theology and Postmodernism and Liberation Theologies
VXC49SB5,Article or chapter without published_in.,journalArticle,,,Syndicate,2014,"Rieger, Jeorg",A Response to Reviews of Occupy Religion
EAGZQKEI,Unknown work type.,webpage,,,"Marginalia, A Los Angeles Review of Books Channel",,"Rieger, Jeorg",Imagining Life Beyond Capital: Joerg Rieger on Thomas Piketty’s Capital in the Twenty-First Century
H6CW4ED5,Unknown work type.,webpage,,,Reading Religion: A Publication of the American Academy of Religion,,"Rieger, Jeorg",A Palestinian Theology of Liberation | Reading Religion
6M84AC6D,Article or chapter without published_in.,bookSection,,,The poor and the people called Methodists : 1729-1999,2002,"Rieger, Joerg","Contemporary Issues and Models of Ministry with the Poor, the Underrepresented, and the Ignored: Introductory Comments"
QRK3K9BZ,Article or chapter without published_in.,bookSection,,,The poor and the people called Methodists : 1729-1999,2002,"Rieger, Joerg",Between God and the Poor: Rethinking the Means of Grace in the Wesleyan Tradition
YYLFVBT2,Article or chapter without published_in.,encyclopediaArticle,978-0-415-92472-6,,Encyclopedia of Protestantism Vol. 3 & 4,2004,"Rieger, Joerg",Twentieth-Century Theology
2DZWL56L,Article or chapter without published_in.,encyclopediaArticle,978-0-415-92472-6,,Encyclopedia of Protestantism Vol. 3 & 4,2004,"Rieger, Joerg",Political Theology
YWLXXQZA,Article or chapter without published_in.,encyclopediaArticle,978-0-415-92472-6,,Encyclopedia of Protestantism Vol. 3 & 4,2004,"Rieger, Joerg",Liberation Theology
66RYY6EM,Article or chapter without published_in.,bookSection,978-3-89725-062-8,,Lass deines Geistes Wirken sehn: Beiträge zur Erneuerung der Kirche aus wesleyanischer Sicht,2003,"Rieger, Jörg",Ausgebrannte Christen? Die neue Schöpfung und die Ökonomie der Gnade im globalen Kaptalismus
AIVWRKE2,Article or chapter without published_in.,bookSection,,,El silbo ecuménico del Espíritu. Festschrift for José Míguez Bonino,2004,"Rieger, Jeorg",Economics and Postmodernism: Beyond Deep-Seated Divisions of Labor in Theology and Religious Studies
A4EKPQTE,Article or chapter without published_in.,bookSection,978-0-8006-3683-8,,"Constructive theology: a contemporary approach to classical themes, with CD-ROM",2005,"Rieger, Jeorg",Christ’s Offices Reconsidered
3SWC6EL9,Article or chapter without published_in.,encyclopediaArticle,,,Encyclopedia of Religion and Nature,2005,"Rieger, Joerg",Dualism
4NDPGZEP,Article or chapter without published_in.,encyclopediaArticle,,,Encyclopedia of Religion and Nature,2005,"Rieger, Joerg","Economics, Religion, and Nature"
8G33W77E,Article or chapter without published_in.,bookSection,978-0-8006-6215-8,,Empire and the Christian tradition: new readings of classical theologians,2007,,Schleiermacher and Empire
RCEQ89C4,Article or chapter without published_in.,bookSection,978-0-687-64503-9,,The Wesley Study Bible,2009,"Rieger, Jeorg",Liberty
ZNTHYZET,Article or chapter without published_in.,bookSection,978-0-687-64503-9,,The Wesley Study Bible,2009,"Rieger, Jeorg",Law Established through Faith
7GLAJGUG,Article or chapter without published_in.,bookSection,978-0-687-64503-9,,The Wesley Study Bible,2009,"Rieger, Jeorg",Original Sin
N7LKQXTP,Article or chapter without published_in.,bookSection,978-1-84553-389-2,,Out of place: doing theology on the crosscultural brink,2011,"Rieger, Joerg",Alternative Images of God in the Global Economy
4V2LFQEC,Article or chapter without published_in.,dictionaryEntry,,,The Cambridge dictionary of Christian theology,2011,"Rieger, Jeorg",Materialism
CUGAWRGX,Article or chapter without published_in.,dictionaryEntry,,,The Cambridge dictionary of Christian theology,2011,"Rieger, Jeorg",Sanctification
G44BLD7A,Article or chapter without published_in.,bookSection,978-0-9703028-1-6,,Courage to Think Differently,2013,"Rieger, Joerg",Remember the Poor
J6H7T29A,Article or chapter without published_in.,bookSection,978-1-137-56843-4,,"Religious experience and new materialism: movement matters / Waggoner, Edward, ; editor.",2016,"Rieger, Joerg",Why Movements Matter Most: Rethinking the New Materialism for Religion and Theology
WVBA5CXL,Article or chapter without published_in.,bookSection,978-0-02-866352-4,,Religion: Just Religion,2016,"Rieger, Jeorg",Religion and Class: Ongoing Concerns and Issues
EFALS77Q,Unknown work type.,webpage,,,,,,Why Consumerism Is Not the Problem: Reshaping Desire from the Bottom Up
W3MDHWP8,Unknown work type.,webpage,,,,,"Rieger, Joerg",From Charity to Advocacy and Deep Solidarity
DYYVATD4,Unknown work type.,audioRecording,,,,,"Rieger, Joerg",Joerg Rieger on Jesus vs. Caesar
A8ATARMN,Unknown work type.,podcast,,,,,,"029 | Malignant Faith, Class Struggle, and Social Justice with Joerg Rieger"
QBUJYRFI,Unknown work type.,webpage,,,Joerg Rieger,,"Rieger, Joerg",Listen to the latest interview with Dr. Rieger on The Quest!
TSMNC24L,Unknown work type.,webpage,,,The Wendland-Cook Program in Religion and Justice,,"Rieger, Joerg",Liberating People and the Planet Webinars
KIM8RFWR,Unknown work type.,webpage,,,The Wendland-Cook Program in Religion and Justice,,"Rieger, Joerg; Hung, Betty; Brower, KB",Religion and Labor Webinars
7FWASZGR,Unknown work type.,audioRecording,,,,,"Rieger, Joerg",Faith Panel | The Christian Left
3EL764FU,Unknown work type.,podcast,,,,,"Fuller, Tripp; Rieger Jeorg",Tripp Fuller - Joerg Rieger: Jesus vs Caesar
7SJMYRHY,Unknown work type.,webpage,,,United Methodist Insight,2020,"Rieger, Joerg",The Ugly Truth of a Pandemic and the Logic of Downturn
L8DHYJD8,Unknown work type.,podcast,,,,,"Rieger, Joerg","Fooling Americans is Becoming More Difficult: COVID-19, Black Lives, Matter, and What Is and Isn’t Essential"
UV3T7QLA,Unknown work type.,podcast,,,,,"Rieger, Joerg",For the Transformation of the World: Worker Cooperatives and Faith Communities
QBIYJZVI,Unknown work type.,blogPost,,,The Wendland-Cook Program in Religion and Justice,,"Rieger, Joerg",What Have Socialism and Christianity to Do With Each Other
9YXGRK85,Unknown work type.,webpage,,,The Wendland-Cook Program in Religion and Justice,,"Rieger, Joerg",Liberating Christmas 2020
MLHXHAIE,Article or chapter without published_in.,journalArticle,,,Reading Religion: A Publication of the American Academy of Religion,2018,"Rieger, Jeorg","Book Review of A Palestinian Theology of Liberation: The Bible, Justice, and the Palestine-Israel Conflict"
TEZ8T596,Article or chapter without published_in.,journalArticle,,,Neue Wege,2018,"Rieger, Joerg",Kein Imperium ist Endgültig
R6VLRALU,Article or chapter without published_in.,bookSection,978-1-978703-54-4 978-1-978703-56-8,,Religion and power,2019,"Rieger, Joerg","Empire, Deep Solidarity, and the Future of Resistance"
Y7R97XYN,Unknown work type.,blogPost,,,,,"Rieger, Joerg","Socialism, Religion, and That Pesky Working Class"
K4NI9JV8,Article or chapter without published_in.,bookSection,978-1-978707-08-5,,"Theologies on the move: religion, migration, and pilgrimage in the world of neoliberal capital",2020,"Rieger, Joerg",Reclaiming Theology and Religious Traditions in the Tensions of Neoliberal Globalization: The Challenges of Pilgrimage and Migration
UHHYU76R,Article or chapter without published_in.,bookSection,978-1-72525-716-0 978-1-72525-717-7,,"Faith, class, and labor: intersectional approaches in a global context",2020,"Rieger, Joerg","The Multiple Intersections of Faith, Labor, and Class"
PKFPCRVP,Article or chapter without published_in.,bookSection,978-1-72525-716-0 978-1-72525-717-7,,"Faith, class, and labor: intersectional approaches in a global context",2020,"Rieger, Joerg",Introduction
VEPTEHVV,Article or chapter without published_in.,journalArticle,,,United Methodist Insight,2021,"Rieger, Joerg",The Ill-Fated Impasse of United Methodist Theology
ZRLI7XHU,Unknown work type.,webpage,,,The Conversation,,"Rieger, Joerg",Slavery was the ultimate labor distortion – empowering workers today would be a form of reparations
5Y8YM3J9,Unknown work type.,webpage,,,The Wendland-Cook Program in Religion and Justice,,"Rieger, Joerg",Interventions Forum Climate Change and Capitalism
9MRQDV3G,Article or chapter without published_in.,journalArticle,,,"Kerala, India",2020,"Rieger, Joerg",National Capitalism and Religion in the United States: Challenges and Opportunities.”
UKN5CQAA,Article or chapter without published_in.,bookSection,978-2-8254-1755-3,,Faith(s) Seeking Justice World Council of Churches,,"Rieger, Joerg",Interreligious Dialogue beyond Dialogue: Revisiting Truth and Power from a Christian Perspective under the Conditions of Empire
8R5VQ6XA,Article or chapter without published_in.,bookSection,978-1-62698-442-4,,"Faith and reckoning after Trump / Miguel A. De La Torre, editor.",2021,"Rieger, Joerg","Divide and Conquer: Cutting Taxes, Religion, and Relationships of Race and Class"
HZWARCY5,Article or chapter without published_in.,bookSection,978-3-9819845-8-3,,Kapitalismus: Kult einer t??dlichen Verschuldung : Walter Benjamins prophetisches Erbe,2021,"Rieger, Joerg","Kapitalismus, Christentum, und die Zukunft der Religion in den USA und Europa: Fragen des zwanzigsten Jahrhunderts im Einundzwanzigsten"
RD87SQ9D,Article or chapter without published_in.,journalArticle,,15501140,Sojourners Magazine,2022,"Henkel-Rieger, Rosemarie; Rieger, Joerg",The Cooperative Way to Fix the Supply Chain
YWQAIAVC,Article or chapter without published_in.,bookSection,,,"Religion, theology, and class: fresh engagements after long silence",2013,"Rieger, Joerg","Preface: Religion, theology, and class: fresh engagements after long silence"
DCIFV9G6,Article or chapter without published_in.,bookSection,,,T & T Clark handbook of Christian theology and climate change,2020,"Rieger, Joerg; Rieger, Annika",Chapter 1.3. Working with environmental economists: T & T Clark handbook of Christian theology and climate change
FCWZLHTQ,check manually,journal article,,,Review discussion,,,
993W9XMG,check manually,,,,,,,Afterword
E8RBZFJR,Article or chapter without published_in.,encyclopediaArticle,978-0-687-10761-2,,Dictionary of Pastoral Care and Counseling,1990,"Rogers-Vaughn, Bruce",Poimenics
5XN5EDKA,Article or chapter without published_in.,encyclopediaArticle,978-0-687-10761-2,,Dictionary of Pastoral Care and Counseling,1990,"Rogers-Vaughn, Bruce",Pastoral Office
WBDA3G54,Article or chapter without published_in.,journalArticle,,,"Sacred Spaces, eJournal of the American Association of Pastoral Counseling",2013,"Rogers-Vaughn, Bruce","Pastoral Counseling in the Neoliberal Age: Hello Best Practices, Goodbye  Theology"
W6JLAXZN,Article or chapter without published_in.,bookSection,978-1-119-29256-2,,Pastoral Theology and Care: Critical Trajectories in Theory and Practice,2018,"Rogers-Vaughn, Bruce",Class Power and Human Suffering: Resisting the Idolatry of the Market in Religious Practice and Pastoral Theology
DWMUK4I9,Unknown work type.,webpage,,,,,"Rogers-Vaughn, Bruce",Women in (Class) Conflict - by Bruce Rogers-Vaughn | Reflections
7NRZGQSK,Unknown work type.,podcast,,,,,"Rogers-Vaughn, Bruce",Bruce Rogers-Vaughn: the Neo-Liberal Attack on the Soul
M2ISEFGV,Article or chapter without published_in.,bookSection,978-1-137-55339-3,,Caring for Souls in a Neoliberal Age,2016,"Rogers-Vaughn, Bruce",Introduction: Preface to a Post-Capitalist Pastoral Theology
CDD35V7C,Article or chapter without published_in.,bookSection,,,Language in the ancient Near East : proceedings of the 53e Rencontre assyriologique international,2010,"Sasson, Jack M.",Where angels fearlessly tread: Mari insights on Genesis 19
S3UW42CI,Article or chapter without published_in.,journalArticle,,,The Biblical Archaeologist,1993,"Sasson, Jack M.",Albright as an Orientalist
622HATF5,Article or chapter without published_in.,encyclopediaArticle,0-02-864608-8 978-0-02-864608-4 0-02-864859-5 978-0-02-864859-0 0-02-864860-9 978-0-02-864860-6,,Encyclopedia of Women and World Religion,1999,"Sasson, Jack M.","Canaan-Phoenicia, Religions of,” and “Inanna"
CFRQ39AS,Article or chapter without published_in.,bookSection,3-7666-8805-7,,Orient and Occident. Essays presented to Cyrus H. Gordon on the occasion of his sixty-fifth birthday,1973,"Sasson, Jack M.",The Worship of the Golden Calf
2HGCKK5X,Article or chapter without published_in.,bookSection,978-0-931464-61-4,,"""Sha'Arei Talmon"": Studies in the Bible, Qumran, and the Ancient Near East Presented to Shemaryahu Talmon",1992,"Sasson, Jack M.",Time…to Begin
4BZQUNMV,Article or chapter without published_in.,bookSection,3-7666-8909-6 978-3-7666-8909-2 3-7887-0471-3 978-3-7887-0471-1,,Kramer anniversary volume: cuneiform studies in honor of Samuel Noah Kramer,1976,"Sasson, Jack M.",The ENGAR/ikkarum at Mari
776ZRJKQ,Article or chapter without published_in.,bookSection,3-7887-0560-4 978-3-7887-0560-2 3-7666-9073-6 978-3-7666-9073-9,,Studies in honor of Tom B. Jones,1979,"Sasson, Jack M.",The Calendar and Festivals of Mari during the time of Zimri-Lim
6664XCCV,Article or chapter without published_in.,bookSection,0-931464-07-2 978-0-931464-07-2,,Ugarit in retrospect: fifty years of Ugarit and Ugaritic,1981,"Sasson, Jack M.","Literary Criticism, Folklore Scholarship and Ugaritic Literature"
VWQTGBAB,Article or chapter without published_in.,bookSection,978-0-567-16646-3,,In the shelter of Elyon essays on ancient Palestinian life and literature in honour of G.W. Ahlström,1984,"Sasson, Jack M.",The Biographic Mode in Hebrew Historiography
96TG7XVH,Article or chapter without published_in.,bookSection,,,Miscellanea Babylonica : mélanges offerts à Maurice Birot,1985,"Sasson, Jack M.",Yarim-Lim’s War Declaration
GJXU8CVS,Article or chapter without published_in.,bookSection,0-9651704-2-X 978-0-9651704-2-0 0-9651704-0-3 978-0-9651704-0-6,,Near Eastern and Aegean texts from the third to the first millennia BC,1996,"Sasson, Jack M.",Akkadian Documents from Mari and Babylonia (Old Babylonian Period)
HUPBB6IU,Article or chapter without published_in.,bookSection,1-883053-32-3,,Crossing boundaries and linking horizons : studies in honor of Michael C. Astour on his 80th birthday,1997,"Sasson, Jack M.","The Vow of Mutiya, King of Shekhna"
9ZMIUSSS,Article or chapter without published_in.,bookSection,3-11-016519-8 978-3-11-016519-7,,Rethinking the foundations: historiography in the ancient world and in the Bible : essays in honour of John Van Seters,2000,"Sasson, Jack M.","The Lord of Hosts, Seated over the Cherubs"
W8GIKFFC,Article or chapter without published_in.,bookSection,1-930675-01-1 978-1-930675-01-8,,"""A wise and discerning mind"": essays in honor of Burke O. Long",2000,"Sasson, Jack M.",The Mother of All… Etiologies
8HVIHUB9,Article or chapter without published_in.,bookSection,90-6258-091-2,,Veenhof anniversary volume: studies presented to Klaas R. Veenhof on the occasion of his sixty-fifth birthday,2001,"Sasson, Jack M.",Ancestors Divine
QJKI74KZ,Article or chapter without published_in.,bookSection,1-57506-061-2 978-1-57506-061-3,,Riches hidden in secret places: ancient Near Eastern studies in memory of Thorkild Jacobsen,2002,"Sasson, Jack M.",The Burden of Scribes
GVDFV2XX,Article or chapter without published_in.,bookSection,978-1-58839-295-4,,"Beyond Babylon: art, trade, and diplomacy in the second millennium B.C.",2008,"Sasson, Jack M.","Texts, Trade and Travelers"
6QMKCHJA,Article or chapter without published_in.,bookSection,,,Veysel Donbaz'a Sunulan Yazılar DUB.SAR É.DUB.BA.A Studies presented in honour of Veysel Donbaz,2010,"Sasson, Jack M.","On the ‘Išḫi-Addu’ Seal from Qatna, with Comments on Qatna Personal Names in OB Period"
Z2E54MXQ,Article or chapter without published_in.,bookSection,978-90-04-18656-9,,Opening the tablet box Near Eastern studies in honor of Benjamin R. Foster,2010,"Sasson, Jack M.",Coherence and Fragments: Reflections on the SKL and the Book of Judges
G5PVBEZA,Article or chapter without published_in.,bookSection,978-0-567-65628-5,,Focusing Biblical Studies: The Crucial Nature of the Persian and Hellenistic Periods: Essays in Honor of Douglas A. Knight,2012,"Sasson, Jack M.",Another look at the tenth commandment
7I8TC7PJ,Article or chapter without published_in.,bookSection,,,Studi epigrafici e linguistici sul Vicino Oriente antico.,1988,"Sasson, Jack M.",The Numerical Progression in Keret I:15-20: Yet Another Suggestion
IB7BUMAT,Article or chapter without published_in.,journalArticle,,,NABU: Nouvelles assyriologiques Brèves et Utilitaires,1992,"Sasson, Jack M.",Marriage entre grandes familles
QQWEAMVH,Article or chapter without published_in.,bookSection,88-435-4438-1,,"L' Eufrate e il tempo : le civiltà del medio Eufrate e della Gezira siriana : [guida alla mostra] / a cura di Maria Grazia Masetti-Rouault, con la collaborazione di Paolo Pasini.",1993,"Sasson, Jack M.","La cultura de Mari, crocevia per molti popoli"
R3N3MZH4,Article or chapter without published_in.,bookSection,,,Florilegium marianum II : recueil d'études à la mémoire de Maurice Birot / textes réunis par Dominique Charpin et Jean-Marie Durand.,1994,"Sasson, Jack M.",The posting of letters with divine messages
PPX66NID,Article or chapter without published_in.,bookSection,0-931464-93-5 978-0-931464-93-5,,"Solving riddles and untying knots: biblical, epigraphic, and Semitic studies in honor of Jonas C. Greenfield",1995,"Sasson, Jack M.",Water beneath Straw. Adventures of a Prophetic Phrase in the Mari Archives
CI7CSG37,Article or chapter without published_in.,journalArticle,,,The Spire,2001,"Sasson, Jack M.",The Road to Vanderbilt
CFNTU2PJ,Article or chapter without published_in.,bookSection,1-84127-257-4 978-1-84127-257-3,,The land that I will show you: essays on the history and archaeology of the ancient Near East in honor of J. Maxwell Miller,2001,"Sasson, Jack M.",Absalom’s Daughter: An Essay in Vestige Historiography
Z5KGTW74,Article or chapter without published_in.,bookSection,978-2-86538-251-4,,"Mari, Ebla, et les Hourrites: Dix ans de travaux : actes du colloque international, Paris, mai 1993",1996,"Sasson, Jack M.",On Reading the Diplomatic Letters in the Mari Archives
ZD3V68UX,Article or chapter without published_in.,bookSection,978-1-57506-054-5,,"Sacred Time, Sacred Place: Archaeology and the Religion of Israel",2002,"Sasson, Jack M.",On the Use of Images in Israel and the Ancient Near East
KRFSTHBZ,Article or chapter without published_in.,bookSection,978-0-567-04569-0,,Inspired Speech: Prophecy in the Ancient Near East Essays in Honor of Herbert B. Huffmon,2004,"Sasson, Jack M.",The Eyes of Eli: An Essay in Motif Accretion
T5JHU6H8,Article or chapter without published_in.,bookSection,978-1-57506-079-8,,"Hittite Studies in Honor of Harry A. Hoffner, Jr: On the Occasion of His 65th Birthday",2003,"Sasson, Jack M.",Forcing Morals on Mesopotamian Society?
BJ9PUDEX,Article or chapter without published_in.,journalArticle,,,Bible Review,2005,"Sasson, Jack M.",Of Time & Immortality: How Genesis Created Them
PWHV3RUD,Article or chapter without published_in.,bookSection,978-1-4051-8838-8,,A Companion to Ancient Epic,2008,"Sasson, Jack M.",Comparative Observations on the Near Eastern Epic Traditions
DNVZ37WE,Article or chapter without published_in.,bookSection,,,Studies in Ancient Near Eastern World View and Society presented to Marten Stol on the occasion of his 65th birthday,2008,"Sasson, Jack M.",Another wrinkle on Old Adapa
GVVPXTIV,Article or chapter without published_in.,bookSection,978-1-57506-154-2,,"Birkat Shalom: studies in the Bible, ancient Near Eastern literature, and postbiblical Judaism presented to Shalom M. Paul on the occasion of his seventieth birthday",2008,"Sasson, Jack M.",Oracle Inquiries in Judges
9UIKWUAM,Article or chapter without published_in.,encyclopediaArticle,0-385-19360-2,,Anchor Bible dictionary,1992,,Gilgamesh Epic
43II9TWW,Article or chapter without published_in.,encyclopediaArticle,978-1-4443-3838-6,,"The encyclopedia of ancient history edited by Roger S. Bagnall, Kai Brodersen, Craige B. Champion, Andrew Erskine, and Sabine R. Huebner.",2012,"Sasson, Jack M.","Adapa, Halab, Zimri-Lim"
Q9HIJFKI,Article or chapter without published_in.,journalArticle,,,NABU: Nouvelles assyriologiques Brèves et Utilitaires,1989,"Sasson, Jack M.",Zimri-Lim’s Letter to Tish-ulme
F4N3QI8N,Article or chapter without published_in.,encyclopediaArticle,978-0-02-909700-7,,Encyclopedia of religion,1986,"Sasson, Jack M.",Ruth and Naomi
TBGG6N2P,Article or chapter without published_in.,journalArticle,,,NABU: Nouvelles assyriologiques Brèves et Utilitaires,1987,"Sasson, Jack M.",Yasmakh-Addu’s letter to God (ARM I:3)
7KI9ZJ5G,Article or chapter without published_in.,journalArticle,,,NABU: Nouvelles assyriologiques Brèves et Utilitaires,1987,"Sasson, Jack M.",ARM X 97
3K5EUSTE,Article or chapter without published_in.,journalArticle,,,NABU: Nouvelles assyriologiques Brèves et Utilitaires,1987,"Sasson, Jack M.","ARM IV, 20"
QAKIIKSU,Article or chapter without published_in.,journalArticle,,,NABU: Nouvelles assyriologiques Brèves et Utilitaires,1987,"Sasson, Jack M.",A Satisfying Oath
DPC9E4KC,Article or chapter without published_in.,bookSection,978-0-674-72540-9,,The literary guide to the Bible edited by Robert Alter and Frank Kermode.,1987,"Sasson, Jack M.",Ruth
B3TQVWXF,Article or chapter without published_in.,bookSection,978-0-674-72540-9,,The literary guide to the Bible edited by Robert Alter and Frank Kermode.,1987,"Sasson, Jack M.",Esther
SM7KUASS,Article or chapter without published_in.,bookSection,,,"Papers on Ancient Literatures: Greece, Rome and the Near East Proceedings of the “Advanced Seminar in the Humanities”, Venice International University 2004-2005",2008,"Sasson, Jack M.",Time and Mortality: Creation Narratives in Ancient Israel and in Mesopotamia
QX9F6Q2M,Article or chapter without published_in.,journalArticle,,,Mari: Annales de Recherches Interdisciplinaires,1987,"Sasson, Jack M.",`Year: Zimri-Lim Dedicated his Statue to the God Addu of Halab’: Locating a Year in the Reign of Zimri-Lim
8PTKKRPH,Article or chapter without published_in.,bookSection,,,Homeland and Exile Biblical and Ancient Near Eastern Studies in Honour of Bustenay Oded,2009,"Sasson, Jack M.",Ethically Cultured Interpretations: The Case of Eglon’s Murder (Judges 3)
VGHZ6FRS,Article or chapter without published_in.,bookSection,,,Reconstruyendo el Pasado Remoto Estudios sobre el P.O.A. en homenaje a Jorge R. Silva Castillo Edited by D.A. Barreyra Fracaroli and G. del Olmo Lete,2009,"Sasson, Jack M.",The Trouble with Nūr-Sin: Zimri-Lim’s Purchase of Alaḫtum
E7KWQNVM,Article or chapter without published_in.,journalArticle,,,Mari: Annales de Recherches Interdisciplinaires,1985,"Sasson, Jack M.",`Year: Zimri-Lim Offered a Throne to Shamash of Mahanum’; An Overview of One year at Mari. Part I: The Presence of the King
N5IF54Q5,Article or chapter without published_in.,dictionaryEntry,978-0-06-069862-1,,Harper's Bible dictionary,1985,"Sasson, Jack M.",Waters of bitterness
92B75B2I,Article or chapter without published_in.,dictionaryEntry,978-0-06-069862-1,,Harper's Bible dictionary,1985,"Sasson, Jack M.",Mari
JE6C5ARE,Article or chapter without published_in.,dictionaryEntry,978-0-06-069862-1,,Harper's Bible dictionary,1985,"Sasson, Jack M.",Mara
EE4I5RSC,Article or chapter without published_in.,dictionaryEntry,978-0-06-069862-1,,Harper's Bible dictionary,1985,"Sasson, Jack M.",Mahlon
BSWJN272,Article or chapter without published_in.,dictionaryEntry,978-0-06-069862-1,,Harper's Bible dictionary,1985,"Sasson, Jack M.",Eliphelet
PAPGGWG2,Article or chapter without published_in.,dictionaryEntry,978-0-06-069862-1,,Harper's Bible dictionary,1985,"Sasson, Jack M.",Elimelech
HVXMQEWQ,Article or chapter without published_in.,dictionaryEntry,978-0-06-069862-1,,Harper's Bible dictionary,1985,"Sasson, Jack M.",Chilion
Q355HQHR,Article or chapter without published_in.,dictionaryEntry,978-0-06-069862-1,,Harper's Bible dictionary,1985,"Sasson, Jack M.",Chileab
BTS4GQM3,Article or chapter without published_in.,dictionaryEntry,978-0-06-069862-1,,Harper's Bible dictionary,1985,"Sasson, Jack M.",boundary stones
FF7ZN2RZ,Article or chapter without published_in.,dictionaryEntry,978-0-06-069862-1,,Harper's Bible dictionary,1985,"Sasson, Jack M.",Boaz
ACAZ46MC,Article or chapter without published_in.,journalArticle,,,Henoch,1984,"Sasson, Jack M.",On the Jonah’s Two Missions
WBZQXINU,Article or chapter without published_in.,journalArticle,,,Journal of the American Oriental Society,1983,"Sasson, Jack M.",Musical Settings for Cuneiform Literature: A Discography
D4QJPKB7,2nd edition,book,,,,,,Ruth : a new translation with a philological commentary and a formalist-folklorist interpretation / Jack M. Sasson.
P97U7NJ7,Article or chapter without published_in.,journalArticle,,,Mari: Annales de Recherches Interdisciplinaires,1982,"Sasson, Jack M.",An Apocalyptic vision from Mari? Speculations on ARM X:9
T3WK6Q53,Article or chapter without published_in.,bookSection,0-931464-88-9,,"""I studied inscriptions before the Flood""",1994,"Sasson, Jack M.","The ""Tower of Babel"" as a clue to the redactional structuring of the primeval history (Genesis 1:1-11:9)"
D8N3D6X4,Article or chapter without published_in.,bookSection,,,Cultures in Contact: From Mesopotamia to the Mediterranean in the Second Millennium B.C.,2013,"Sasson, Jack M.",Beyond Babylon: closing remarks
8NIF8I9X,Article or chapter without published_in.,bookSection,978-1-907534-33-1,,A Critical Engagement: Essays on the Hebrew Bible in Honour of J. Cheryl Exum,2011,"Sasson, Jack M.",Breeder or two for each leader: On Mothers in Judges 4 and 5
RPBPI9UX,Article or chapter without published_in.,bookSection,978-90-429-2662-2,,"The Ancient Near East, A Life!: Festschrift Karel Van Lerberghe",2012,"Sasson, Jack M.",Nothing so swift as Calumny: Slander and justification at the Mari court
GAVJ5G2E,Article or chapter without published_in.,dictionaryEntry,,,The Anchor Bible dictionary,1992,"Sasson, Jack M.",Gilgamesh Epic
973E3TKI,Article or chapter without published_in.,journalArticle,,,Interpretation,1976,"Sasson, Jack M.",Divine Providence or Human Plan?
GT354QRE,Article or chapter without published_in.,bookSection,1-55540-502-9,,Lingering over words : studies in ancient Near Eastern literature in honor of William L. Moran,1990,"Sasson, Jack M.",Mari Historiography and the Yakhdun-Lim Disc Inscription
2HZUTN9J,Article or chapter without published_in.,bookSection,978-0-299-97071-0,,Investigating Artistic Environments in the Ancient Near East,1990,"Sasson, Jack M.",Artisans…Artists: Documentary Perspectives from Mari
KQ2UGTZ4,Article or chapter without published_in.,journalArticle,,,Vetus Testamentum,1976,"Sasson, Jack M.",Isaiah Lxvi 3-4a
PCTGD7KF,Article or chapter without published_in.,dictionaryEntry,0-687-19269-2 978-0-687-19269-4,,The Interpreter's dictionary of the Bible: supplementary volume,1976,"Sasson, Jack M.",Wordplay in the OT
VP8IMJPQ,Article or chapter without published_in.,dictionaryEntry,0-687-19269-2 978-0-687-19269-4,,The Interpreter's dictionary of the Bible: supplementary volume,1976,"Sasson, Jack M.",Twins
GZREP238,Article or chapter without published_in.,dictionaryEntry,0-687-19269-2 978-0-687-19269-4,,The Interpreter's dictionary of the Bible: supplementary volume,1976,"Sasson, Jack M.",Mari
PP9WPICE,Article or chapter without published_in.,dictionaryEntry,0-687-19269-2 978-0-687-19269-4,,The Interpreter's dictionary of the Bible: supplementary volume,1976,"Sasson, Jack M.",Generation; seventh
7DE7ACBN,Article or chapter without published_in.,dictionaryEntry,0-687-19269-2 978-0-687-19269-4,,The Interpreter's dictionary of the Bible: supplementary volume,1976,"Sasson, Jack M.",Ass
4JWV3KDQ,Article or chapter without published_in.,journalArticle,,,Ugarit-Forschungen,1974,"Sasson, Jack M.",Hurrians and Hurrian Personal Names in the Mari Texts
F4UA6CWP,Article or chapter without published_in.,bookSection,978-1-937040-11-6,,Beyond Hatti: A Tribute to Gary Beckman,2013,"Sasson, Jack M.",Prologues and poets: on the opening lines of the Gilgamesh Epic
WIJBJDH3,Article or chapter without published_in.,bookSection,,,"Literature as Politics, Politics as Literature: Essays on the Ancient Near East in Honor of Peter Machinist (Eds. D. S. Vanderhooft and A. Winitzer)",2013,"Sasson, Jack M.",Jephthah: Chutzpah and overreach in a Hebrew judge
4GXSANTG,Article or chapter without published_in.,journalArticle,,,History Today,1968,"Sasson, Jack M.",An Early King of Assyria: Shamsi-Adad
MW36MJD2,Article or chapter without published_in.,bookSection,90-6831-727-X 978-90-6831-727-5,,Immigration and emigration within the ancient Near East: Festschrift E. Lipiński,1995,"Sasson, Jack M.",Mari Apocalypticism Revisited
K4IH7VF2,Article or chapter without published_in.,bookSection,,,Ancient Near Eastern studies in memory of Blahoslav Hruška,2011,"Sasson, Jack M.",Mari Theomorphism: Intimation of Sacrality in the Royal Correspondence
QRBVG2XE,Article or chapter without published_in.,journalArticle,,,"Scriptura: International Journal of Bible, Religion and Theology in Southern Africa 3 [Festschrift Yehoshua Gitay]",2004,"Sasson, Jack M.",Doeg's Job
VTXT8WC4,Article or chapter without published_in.,bookSection,,,"Orientalism, Assyriology and the Bible",2006,"Sasson, Jack M.",Mari and the Holy Grail
H4QMCKRG,Article or chapter without published_in.,bookSection,,,Krieg und Frieden im Alten Vorderasien,2006,"Sasson, Jack M.",Casus Belli in the Mari archives
STFFAFRI,Article or chapter without published_in.,bookSection,978-88-901286-8-4,,Food and Identity in the Ancient World,2004,"Sasson, Jack M.",The King’s Table: Food and Fealty in Old Babylonian Mari
KNT4Q34D,Article or chapter without published_in.,bookSection,,,Utopia and Dystopia in Prophetic Literature,2006,"Sasson, Jack M.",Utopian and Dystopian Images in Mari Prophetic Texts
QK8R67UT,Article or chapter without published_in.,bookSection,0-931464-08-0 978-0-931464-08-9 0-931464-67-6 978-0-931464-67-6,,Studies on the civilization and culture of Nuzi and the Hurrians,1981,"Sasson, Jack M.","Idrimi and Šarruwa, the Scribe"
B8XRQRE5,Article or chapter without published_in.,journalArticle,,,Journal of the American Oriental Society,1966,"Sasson, Jack M.",Canaanite Maritime Involvement in the Second Millennium B. C.
CBFNAJDC,Article or chapter without published_in.,journalArticle,,,Aššur,1979,"Sasson, Jack M.",Hurrian Personal Names in the Rimaḥ Archives
47U34WV2,Article or chapter without published_in.,journalArticle,,,NABU: Nouvelles assyriologiques Brèves et Utilitaires,1989,"Sasson, Jack M.",Zimri-Lim's Letter to Tish-ulme
UF7UK9R6,Article or chapter without published_in.,journalArticle,,,NABU: Nouvelles assyriologiques Brèves et Utilitaires,1992,"Sasson, Jack M.",Time is Pressing
D8RCQAGR,Article or chapter without published_in.,bookSection,,,"Drinking in ancient societies : history and culture of drinks in the ancient Near East : papers of a symposium held in Rome, May 17-19, 1990",1994,"Sasson, Jack M.",The Blood of Grapes: Viticulture and Intoxication in the Hebrew Bible
9HB7CSXQ,Article or chapter without published_in.,bookSection,0-87068-758-1,,Bible World: Essays in Honor of Cyrus H. Gordon,1980,"Sasson, Jack M.","The ""Tower of Babel"" as a clue to the redactional structuring of the primeval history (Gen 1-11:9)"
S3K74EHC,Article or chapter without published_in.,bookSection,0-934718-90-3,,A scientific humanist : studies in memory of Abraham Sachs,1988,"Sasson, Jack M.",Shunukhra-Khalu
DTAK7H4V,Article or chapter without published_in.,bookSection,,,"Festschrift für Hermann Hunger, zum 65. Geburtstag gewidmet von seinen Freunden, Kollegen, und Schülern",2007,"Sasson, Jack M.",Scruples: Extradition in the Mari Archives
9UHFQNZC,Article or chapter without published_in.,bookSection,3525530439 (Vandenhoeck & Ruprecht : hd.bd.),,"Kein Land für sich allein: Studien zum Kulturkontakt in Kanaan, Israel/Palästina und Ebirnari für Manfred Weippert zum 65. Geburtstag",2002,"Sasson, Jack M.; Weippert, Manfred",Ritual Wisdom? On ‘Seething a Kid in its Mother’s Milk
WQ93BXUX,Article or chapter without published_in.,bookSection,978-90-04-14666-2,,Religion in Geschichte und Gegenwart,2007,"Sasson, Jack M.",Mari
FQEIV2Z4,Article or chapter without published_in.,bookSection,,,Ras Shamra parallels. The texts from Ugarit and the Hebrew Bible,1972,"Sasson, Jack M.","Flora, Fauna, and Minerals"
F9ARPZJC,Article or chapter without published_in.,bookSection,978-1-907534-72-0,,Making a Difference: Essays on the Bible and Judaism in Honor of Tamara Cohn Eskenazi,2012,"Sasson, Jack M.",Farewell to Mr. So-and So (Ruth 4:1)
C44BZ7EE,Article or chapter without published_in.,bookSection,90-6258-126-9 978-90-6258-126-9,,Zikir šumim: Assyriological studies presented to F.R. Kraus on the occasion of his seventieth birthday,1982,"Sasson, Jack M.",Accounting Discrepancies in the Mari NÌ.GUB [NÍG.DU]
MNHAWSM3,Article or chapter without published_in.,journalArticle,,,Revue d'assyriologie et d'archéologie orientale,1998,"Sasson, Jack M.",About Mari and the Bible
M5QVXRM3,Article or chapter without published_in.,journalArticle,,,Learn more Zeitschrift fuer die Alttestamentliche Wissenschaft,1973,"Sasson, Jack M.",A Further Cuneiform Parallel to the Song of Songs
DCMMJGVW,Article or chapter without published_in.,journalArticle,,,Biblische Zeitschrift,1972,"Sasson, Jack M.","Numbers 5 and the ‘Waters of Judgment"""
7CMNLWBB,Article or chapter without published_in.,bookSection,,,Ve-'Ed Ya'aleh (Gen 2:6): Essays in Biblical and Ancient Near Eastern Studies Presented to Edward L. Greenstein,2021,"Sasson, Jack M",Samson as Riddle: Ve-'Ed Ya'aleh (Gen 2:6): Essays in Biblical and Ancient Near Eastern Studies Presented to Edward L. Greenstein
RRDLU37A,Article or chapter without published_in.,bookSection,978-0-567-68657-2 978-0-567-68656-5,,"Biblical Narratives, Archaeology and Historicity: Essays In Honour of Thomas L. Thompson",2020,"Sasson, Jack M.",A Gate in Gaza: An Essay on the Reception of Tall Tales
P5I2DKWJ,Article or chapter without published_in.,bookSection,978-0-8146-8415-3,,"Beyond dogmatism and innocence: hermeneutics, critique, and Catholic theology",2017,"Segovia, Fernando F",A Theological Reading of Scripture? Critical Problematic and Prophetic Vision in the Aftermath and Crossroads of Disciplinary Transformation
BQ7YF8XC,Article or chapter without published_in.,bookSection,978-1-4985-7277-4,,Colonialism and the Bible: contemporary reflections from the global south.,2020,"Segovia, Fernando F","Colonialism and the Bible: Trajectories, Evaluations, Proposals"
RNWYRMQU,Article or chapter without published_in.,bookSection,978-1-4985-7277-4,,Colonialism and the Bible: contemporary reflections from the global south.,2020,"Segovia, Fernando F",Colonialism and the Bible: A Critical Stock-Taking from the Global South
2SN73SZT,Article or chapter without published_in.,bookSection,,,"Crucifixion, State Terror, and Sexual Abuse: Text and Context",2018,"Segovia, Fernando F",Jesus as Victim of State Terror: A Critical Reflection Twenty Years Later
6DWUQI4U,Article or chapter without published_in.,bookSection,978-0-88414-401-4 978-1-62837-253-3,,Interfigural readings of the Gospel of John,2019,"Segovia, Fernando F","A Call to Personal, Transformative, Autobiographical Criticism: Reflections on the Work of Ingrid Rosa Kitzberger"
5TC7SHCB,Article or chapter without published_in.,bookSection,978-1-978705-50-0,,Latino/a theology and the Bible: ethnic-racial reflections on interpretation,2021,"Segovia, Fernando F",Approaching Latino/a Theology and the Bible: Doing Cultural Analysis on an Ethnic-Racial Key
IS2NQHY4,Article or chapter without published_in.,bookSection,978-1-978705-50-0,,Latino/a theology and the Bible: ethnic-racial reflections on interpretation,2021,"Segovia, Fernando F",Approaching Latino/a Theology and the Bible: Doing Theological Construction and Biblical Criticism in an Ethnic-Racial Key.
TZAMEHBQ,Article or chapter without published_in.,bookSection,978-1-58983-654-9,,"Latino/a biblical hermeneutics : problematics, objectives, strategies / edited by Francisco Lozada Jr. and Fernando F. Segovia.",2014,"Lozada, Francisco; Segovia, Fernando F.",Approaching Latino/a Biblical Criticism: A Trajectory of Visions and Missions
ZVSZDCIN,Article or chapter without published_in.,bookSection,978-1-58983-654-9,,"Latino/a biblical hermeneutics : problematics, objectives, strategies / edited by Francisco Lozada Jr. and Fernando F. Segovia.",2014,"Lozada, Francisco; Segovia, Fernando F.",Advancing Latino/a Biblical Criticism: Visions and Missions for the Future
MQ337E47,Article or chapter without published_in.,bookSection,1-57075-202-8,,Teaching the Bible,1998,"Segovia, Fernando F.",Introduction : Pedagogical discourse and practices in contemporary biblical criticism
MNCRCDNR,Article or chapter without published_in.,bookSection,0-415-18099-6,,Personal voice in biblical interpretation,1999,"Segovia, Fernando F.",My personal voice : the making of a postcolonial critic
XNXI2N8J,Article or chapter without published_in.,bookSection,0-664-25824-7,,New Testament today,1999,"Segovia, Fernando F.",Methods for studying the New Testament
TFKACNVH,Article or chapter without published_in.,bookSection,987-00-0057-6,,Caminos inexhauribles de la Palabra (las relecturas creativas en la Biblia y de la Biblia),2000,"Segovia, Fernando F.",In the wake of liberation: postcolonial and diasporic criticisms
MFQ6E9WA,Article or chapter without published_in.,bookSection,1-57075-504-3,,Toward a new heaven and a new Earth,2003,"Schüssler Fiorenza, Elisabeth; Segovia, Fernando F.","Looking back, looking around, looking ahead: an interview with Elisabeth Schüssler Fiorenza"
B3XNV4PC,Article or chapter without published_in.,bookSection,0-687-09813-0,,Hispanic Christian thought at the dawn of the 21st century,2005,"Segovia, Fernando F.",Toward a hermeneutics of the diaspora: a hermeneutics of otherness and engagement
J7PPRZE4,Article or chapter without published_in.,bookSection,1-4051-3350-3,,Postcolonial biblical reader,2006,"Segovia, Fernando F.",Biblical criticism and postcolonial studies: toward a postcolonial optic
P8EIKX9K,Article or chapter without published_in.,bookSection,1-58983-245-0,,They were all together in one place?,2009,"Segovia, Fernando F.",Toward Latino/a American biblical criticism: Latin(o/a)ness as problematic
QIHAV943,Article or chapter without published_in.,bookSection,978-1-906055-70-7,,Postcolonial interventions,2009,"Segovia, Fernando F.",Tracing Sugirtharajah's voice from the margin: from liberation to postcolonialism
KPIFKVVK,Article or chapter without published_in.,bookSection,0-8006-2577-3,,We are a people! : initiatives in Hispanic American theology,1992,"Segovia, Fernando F.",Hispanic American Theology and the Bible: Effective Weapon and Faithful Ally
4KJTHW3S,Article or chapter without published_in.,bookSection,1-85075-898-0,,The postcolonial Bible,1998,"Segovia, Fernando F.",Biblical Criticism and Postcolonial Studies: Toward a Postcolonial Optic
25K7F9MS,Article or chapter without published_in.,bookSection,0-687-05531-8,,Dictionary of biblical interpretation,1999,"Segovia, Fernando F.",Hispanic American Biblical Interpretation
WQZWTW9V,Article or chapter without published_in.,bookSection,,,To each its own meaning : an introduction to biblical criticisms and their applications,1999,"Segovia, Fernando F.",Reading the Bible Ideologically: Socioeconomic Criticism
M2AKGDZF,Article or chapter without published_in.,dictionaryEntry,1-57075-234-6,,Dictionary of third world theologies,2000,"Segovia, Fernando F.",Bible: Hispanic and Deconstruction
5USERM52,Article or chapter without published_in.,bookSection,1-58983-245-0,,They were all together in one place? toward minority biblical criticism,2009,"Segovia, Fernando F.",Minority Biblical Criticism: A Reflection on Achievements and Lacunae
P3PI978F,Article or chapter without published_in.,bookSection,1-907534-27-X,,Reading ideologies : essays on the Bible and interpretation in honor of Mary Ann Tolbert,2011,"Segovia, Fernando F.",A Theological Reading of Scripture? Problematic and Vision in the Aftermath and  Crossroads of Disciplinary Transformation
UXGFJ2CI,Article or chapter without published_in.,dictionaryEntry,,,The Cambridge dictionary of Christian theology,2011,"Segovia, Fernando F.",Latin American Liberation Theology
CDTTEGME,Article or chapter without published_in.,bookSection,978-1-57075-993-2,,"Vatican II: fifty personal stories / Daley, Michael J.,; 1968-",2012,"Segovia, Fernando F.",Vatican II in Retrospect: A Lifetime and Welcome Companion
KHHQWTH6,Article or chapter without published_in.,bookSection,1-57075-202-8,,Teaching the Bible,1998,"Richard, Pablo (translated by Segovia, Fernando)",The Hermeneutics of Liberation: Toward A Communitarian Reading of the Bible
AVDUKN4K,Article or chapter without published_in.,bookSection,,,Hispanic/Latino theology: challenge and promise,1996,"Apolinaris, Yamina; Mangual-Rodriguez, Sandra (translated by Segovia, Fernando)",Theologizing from a Puerto Rican Perspective
HGDX96UA,Article or chapter without published_in.,bookSection,1-57075-504-3,,Toward a new heaven and a new Earth,2003,"Gebara, Ivone (translated by Segovia, Fernando)",A Feminist Theology of Liberation: A Latin American Perspective with a View  toward the Future
XAUK58TX,Article or chapter without published_in.,bookSection,978-1-58983-703-4,,The Future of the Biblical Past : Envisioning Biblical Studies on a Global Key,2012,"Pereira, Nancy Cardoso, Roland (translated by Segovia, Fernando)","Paper is Patient, History is Not: Readings and Unreadings of the Bible in Latin  America (1985-2005)"
NEPUZI4E,Article or chapter without published_in.,bookSection,1-57075-504-3,,Toward a new heaven and a new Earth,2003,"Gutiérrez, Gustavo (translated by Segovia, Fernando)",The theology of liberation: perspectives and tasks
GVNUH4W8,Article or chapter without published_in.,bookSection,1-57075-202-8,,Teaching the Bible : the discourses and politics of biblical pedagogy,1998,"Segovia, Fernando F.; Tolbert, Mary Ann",Pedagogical Discourse and Practices in Contemporary Biblical Criticism
666HW4RR,Article or chapter without published_in.,bookSection,1-57075-202-8,,Teaching the Bible : the discourses and politics of biblical pedagogy,1998,"Segovia, Fernando F.; Tolbert, Mary Ann",Cultural Studies and Biblical Pedagogy: Toward a Contextual Biblical Pedagogy
JPI3JP8U,Article or chapter without published_in.,bookSection,0-567-08439-6,,Postcolonial biblical criticism: interdisciplinary intersections,2005,"Segovia, Fernando F.","Postcolonial Biblical Criticism: Beginnings, Trajectories, Intersections"
ZKW7MH79,Article or chapter without published_in.,bookSection,0-567-08439-6,,Postcolonial biblical criticism: interdisciplinary intersections,2005,"Segovia, Fernando F.",Mapping the Postcolonial Optic in Biblical Criticism: Meaning and Scope
JNRKD8SM,Article or chapter without published_in.,bookSection,1-57075-504-3,,Toward a new heaven and a new Earth: essays in honor of Elisabeth Schüssler Fiorenza,2003,"Segovia, Fernando F.",Liberation Hermeneutics: Revisiting the Foundations in Latin America
8QDVVMEG,Article or chapter without published_in.,bookSection,978-1-58983-703-4,,The Future of the Biblical Past : Envisioning Biblical Studies on a Global Key,2012,"Segovia, Fernando F.",Cultural Criticism: Expanding the Scope of Biblical Criticism
UGGXNI5F,Article or chapter without published_in.,bookSection,1-57075-504-3,,Toward a new heaven and a new Earth,2003,"Aquino, María Pilar (translated by Segovia, Fernando)",The dynamics of globalization and the university: toward a radical democratic-emancipatory transformation
WGI25SJ9,Article or chapter without published_in.,bookSection,1-85075-740-2,,Text & experience,1995,"Segovia, Fernando F.",The text as other : towards a Hispanic American hermeneutic
9CMN2DW6,Article or chapter without published_in.,bookSection,0-664-22083-5,,Exploring the Gospel of John,1996,"Segovia, Fernando F.",The tradition history of the Fourth Gospel
4C3DIH9H,Article or chapter without published_in.,bookSection,90-04-10317-1,,Ethnicity and the Bible,1996,"Segovia, Fernando F.",Racial and ethnic minorities in biblical studies
X7Z4XIWD,Article or chapter without published_in.,bookSection,1-57075-202-8,,Teaching the Bible,1998,"Segovia, Fernando F.",Pedagogical discourse and practices in cultural studies : toward a contextual biblical pedagogy
23DXJRPU,Article or chapter without published_in.,journalArticle,,87912,Catholic Biblical Quarterly,1991,"Segovia, Fernando F.",Salvation History in the Porlogue of John: The Significance of John 1:3/4
HJHJGGGV,Article or chapter without published_in.,journalArticle,,,Spire,2002,"Segovia, Fernando F.",The Globalization of Christianity: Developments and Consequences
x,"end of regular processing run, start ISSN pickups",,,,,,,
37XSRZFT,Article or chapter without published_in.,journalArticle,,0196-0946,The Disciple,1986,"Miller-McLemore, Mark",The Lively Congregation
F7CKA7WA,Article or chapter without published_in.,journalArticle,,0196-0946,The Disciple,1993,"Miller-McLemore, Mark",It’s Not Just the Bakkers and the Priests: An Abuse of Power and Trust
A34D5NQK,Article or chapter without published_in.,journalArticle,,0196-0946,The Disciple,2000,"Miller-McLemore, Mark; Miller-McLemore, Bonnie",Two in a Canoe: Reflections on Marriage
MLHXHAIE,Article or chapter without published_in.,journalArticle,,2475-207X,Reading Religion: A Publication of the American Academy of Religion,2018,"Rieger, Jeorg","Book Review of A Palestinian Theology of Liberation: The Bible, Justice, and the Palestine-Israel Conflict"
NAWTPWWH,Article or chapter without published_in.,journalArticle,,0885-0373,Spotlight on Teaching Religious Studies News,2009,"Floyd-Thomas, Stacey M.",Cultivating a Pedagogy of Possibility: The Moral Wisdom and Ethical Practice of Teaching as a Vocation
SW38NFCA,Article or chapter without published_in.,journalArticle,,0891-9666,Christian History,2014,"Michelson, David A.",The Thousand Lives of Charlemagne: How Medieval Poets Turned a Border Skirmish into a Foundational Medieval Legend
3MEK8WX9,Article or chapter without published_in.,journalArticle,,0891-9666,Christian History,2014,"Michelson, David A.",Charlemagne’s Furniture: Whatever Happened to the Holy Roman Empire
TBGG6N2P,Article or chapter without published_in.,journalArticle,,0989-5671,NABU: Nouvelles assyriologiques Brèves et Utilitaires,1987,"Sasson, Jack M.",Yasmakh-Addu’s letter to God (ARM I:3)
7KI9ZJ5G,Article or chapter without published_in.,journalArticle,,0989-5672,NABU: Nouvelles assyriologiques Brèves et Utilitaires,1987,"Sasson, Jack M.",ARM X 97
3K5EUSTE,Article or chapter without published_in.,journalArticle,,0989-5674,NABU: Nouvelles assyriologiques Brèves et Utilitaires,1987,"Sasson, Jack M.","ARM IV, 20"
QAKIIKSU,Article or chapter without published_in.,journalArticle,,0989-5675,NABU: Nouvelles assyriologiques Brèves et Utilitaires,1987,"Sasson, Jack M.",A Satisfying Oath
47U34WV2,Article or chapter without published_in.,journalArticle,,0989-5675,NABU: Nouvelles assyriologiques Brèves et Utilitaires,1989,"Sasson, Jack M.",Zimri-Lim's Letter to Tish-ulme
UF7UK9R6,Article or chapter without published_in.,journalArticle,,0989-5676,NABU: Nouvelles assyriologiques Brèves et Utilitaires,1992,"Sasson, Jack M.",Time is Pressing
ZUBV7G79,Article or chapter without published_in.,journalArticle,,1062-7170,Faultline,1992,"Geller, Jay",Blood Sin: Syphilis and the Construction of Jewish Identity
BNG4BSYV,Article or chapter without published_in.,journalArticle,,1099-0046,Review of Biblical Literature,2020,"Levine, Amy-Jill",Review of The Appropriation of Passover in Luke-Acts
683VHBAU,Article or chapter without published_in.,journalArticle,,1220-630X,Keresztény Szó,2007,"Morrill, Bruce T.",Liturgia és	etika: a keresztény élet mint Isten dicsérete
NMIVRKPV,Article or chapter without published_in.,journalArticle,,1710-1409,Bearings,2015,"Miller-McLemore, Bonnie J.",In Defense of Practical Theological Knowledge
XWWHGXFU,Article or chapter without published_in.,journalArticle,,1832-1976,Dialogue Australasia: a journal for teachers of religious and values education.,2014,"Levine, Amy-Jill","Parables, Prodigals, and Pedagogy"
L9QPNLAT,Article or chapter without published_in.,journalArticle,,1911-754X,VIVRE ET CÉLÉBRER,2020,"Morrill, Bruce T.",Des modèles de mémoire liturgique
PMB56QPJ,Article or chapter without published_in.,journalArticle,,1939-5299,Lifelong Faith: the theory and practice of lifelong faith formation,2007,"Miller-McLemore, Bonnie J.",The Rule of Family Faith: Practicing the Presence of God in Our Outward Lives
F5Q9B7M8,Article or chapter without published_in.,journalArticle,,2156-4329,The Spire,2003,"Flesberg, Evon",At the bedside: Perspectives on the good death. Interview and article by Victor Judge
CI7CSG37,Article or chapter without published_in.,journalArticle,,2156-4329,The Spire,2001,"Sasson, Jack M.",The Road to Vanderbilt
65HERHWL,Article or chapter without published_in.,journalArticle,,1436-607X,Unterwegs,2001,"Rieger, Jeorg",Was tut Jesus heute?
M97FWTDD,Article or chapter without published_in.,journalArticle,,,"Religion and Culture Web Forum, University of Chicago, Divinity School",2011,"Geller, Jay","On Eliza Slavet’s ‘Freud’s Theory of Jewishness,’"
3T7UD8MB,Article or chapter without published_in.,journalArticle,,2333-0961,National Havurah Committee weekly column,1990,"Levine, Amy-Jill",Parshat Vayishlach [Gen. 32:4-36:43]: The Rape of Dinah
D4FXZS5T,Article or chapter without published_in.,journalArticle,,2473-5000,C21 Resources: A Catalyst and Resource for the Renewal of the Catholic Church,2012,"Morrill, Bruce T.",Anointing as Pastoral-Sacramental Ministry to the Sick
TEZ8T596,Article or chapter without published_in.,journalArticle,,,Neue Wege,2018,"Rieger, Joerg",Kein Imperium ist Endgültig
RA4SI64W,Article or chapter without published_in.,journalArticle,,2642-6978,The Clergy Journal,2011,"Rieger, Jeorg","Theology, Economics, and the Future"
y,second try,,,,,,,
