qid,label_en,description_en,country_of_origin_uuid,country_of_origin,country_of_origin_ref1_hash,country_of_origin_ref1_statedIn,country_of_origin_ref1_referenceUrl,country_of_origin_ref1_retrieved_nodeid,country_of_origin_ref1_retrieved_val,country_of_origin_ref1_retrieved_prec,inception_uuid,inception_nodeid,inception_val,inception_prec,inception_ref1_hash,inception_ref1_statedIn,inception_ref1_referenceUrl,inception_ref1_retrieved_nodeid,inception_ref1_retrieved_val,inception_ref1_retrieved_prec,discontinued_date_uuid,discontinued_date_nodeid,discontinued_date_val,discontinued_date_prec,discontinued_date_ref1_hash,discontinued_date_ref1_statedIn,discontinued_date_ref1_referenceUrl,discontinued_date_ref1_retrieved_nodeid,discontinued_date_ref1_retrieved_val,discontinued_date_ref1_retrieved_prec,official_website_uuid,official_website,official_website_ref1_hash,official_website_ref1_statedIn,official_website_ref1_referenceUrl,official_website_ref1_retrieved_nodeid,official_website_ref1_retrieved_val,official_website_ref1_retrieved_prec,follows_uuid,follows,follows_ref1_hash,follows_ref1_statedIn,follows_ref1_referenceUrl,follows_ref1_retrieved_nodeid,follows_ref1_retrieved_val,follows_ref1_retrieved_prec,followed_by_uuid,followed_by,followed_by_ref1_hash,followed_by_ref1_statedIn,followed_by_ref1_referenceUrl,followed_by_ref1_retrieved_nodeid,followed_by_ref1_retrieved_val,followed_by_ref1_retrieved_prec,publication_interval_uuid,publication_interval,publication_interval_ref1_hash,publication_interval_ref1_statedIn,publication_interval_ref1_referenceUrl,publication_interval_ref1_retrieved_nodeid,publication_interval_ref1_retrieved_val,publication_interval_ref1_retrieved_prec
Q1107510,Keresztény Szó,church magazine,DE7E7D8E-A726-47D9-99EF-9DEE76D38D77,Q218,,,,,,,9f7ce1c8-437c-de50-2554-aa7c3e074be4,2b3197a343b1554b824b915aa6ffd70f,1999-01-01T00:00:00Z,9,,,,,,,,,,,,,,,,,2dfc9fdb-4201-fef2-9d1b-99c2a932cad9,https://keresztenyszo.verbumkiado.ro/archivum/2018/december/tartalom.html,,,,,,,,,,,,,,,,,,,,,,,4bb7d37c-4df8-3d5e-7860-0a0279a7329c,1,,,,,,
Q1381202,Evangelische Theologie,journal,482e0508-4c7e-d4fb-8ca9-880dfc73b8ea,Q183,,,,,,,d1a26e1a-4847-5dfd-a90b-fe5d400bc4b1,edc1948380ac4c4627ad82e8b95875e7,1923-01-01T00:00:00Z,9,,,,,,,,,,,,,,,,,ED2CC575-BDB1-497E-B38D-31699DF48CF8,http://www.fachzeitschriften-religion.de/evangelische-theologie,,,,,,,,,,,,,,,,,,,,,,,3a545017-494f-e4bc-44ae-0c59c7e0edaa,2,,,,,,
Q1514304,Journal of Homosexuality,journal,,,,,,,,,193B19AC-2E8B-4C62-8404-601709AC6A8E,4548faeb71015fa6e12d0a31dd3a9fe9,1955-01-01T00:00:00Z,9,,,,,,,,,,,,,,,,,AA8A0FEA-1D3C-4E57-BC7C-6E646421F279,https://www.tandfonline.com/toc/wjhm20/current,,,,,,,,,,,,,,,,,,,,,,,,,,,,,,
Q15707062,Journal of American History,journal,EEA9E95B-1FF1-4842-AEFD-26B6E3F21A88,Q30,5684f0c6e66933dafb26b3f932ab13cbeae7bccf,Q1201886,http://mjl.clarivate.com/publist_ah.pdf,,,,3A127F70-7909-4961-AC7A-6316543F1713,37faad13d3626244efc0f5d69ccd4026,1914-01-01T00:00:00Z,9,,,,,,,,,,,,,,,,,1BE19C13-CAC5-46EB-B424-C53CB56179AF,http://www.journalofamericanhistory.org/,,,,,,,,,,,,,,,,,,,,,,,45663310-4b9d-04fb-fe72-a8a638e7f77d,3,,,,,,
Q15707782,Journal of Early Christian Studies,journal,55CAEB30-44D6-4D38-9408-7C070C86E0D2,Q30,5684f0c6e66933dafb26b3f932ab13cbeae7bccf,Q1201886,http://mjl.clarivate.com/publist_ah.pdf,,,,D4B47E21-75DF-4F19-B1DC-4FC75463F4B6,fe99489432ca5572b17f2bd94991f606,1993-01-01T00:00:00Z,9,,,,,,,,,,,,,,,,,A1C87F82-3217-4CDE-BF5A-6CFEBE70310F,http://www.press.jhu.edu/journals/journal_of_early_christian_studies/index.html,,,,,,,,,,,,,,,,,,,,,,,,,,,,,,
Q15710071,Journal of the American Academy of Religion,journal,73511263-E9CF-4AF7-8317-7B81C7DA7261,Q30,5684f0c6e66933dafb26b3f932ab13cbeae7bccf,Q1201886,http://mjl.clarivate.com/publist_ah.pdf,,,,84C5A0CF-3B19-4999-BAE7-FC9DEB182DC8,1226a6fc42be581173cdad110f0484e8,1933-01-01T00:00:00Z,9,,,,,,,,,,,,,,,,,7725EA69-C27E-427C-87E6-50C7D62623F3,http://jaar.oxfordjournals.org/,,,,,,,,,,,,,,,,,,,,,,,973a2f63-49ab-461c-e9e6-38d2cf84cfe1,3,,,,,,
Q15710137,Review & Expositor,journal,,,,,,,,,88CBF599-F115-4494-BB8A-9C6631C2385E,35902e013e017078f19b3077ed3a231c,1904-01-01T00:00:00Z,9,,,,,,,,,,,,,,,,,851FCAE1-EF56-479A-A1C5-3E23548F125C,http://rande.org/,,,,,,,,,,,,,,,,,,,,,,,1b283388-4ed7-dcdd-0c77-ad5ae3428686,3,,,,,,
Q15710287,Toronto Journal of Theology,journal,6701B888-DE11-4F90-B96E-A2F1D2118738,Q16,,,,,,,9AA5A859-3172-4626-AB3B-F3CD4E73DF1E,1f23b2bc0ef387c3e4107011f0c0cbc8,1985-01-01T00:00:00Z,9,,,,,,,,,,,,,,,,,D0A34494-C4AC-4778-82B5-A1E7C3B24B78,http://www.utpjournals.com/Toronto-Journal-of-Theology.html,,,,,,,,,,,,,,,,,,,,,,,a8fcd711-4364-90c4-8e18-c2d2d9d83227,6,,,,,,
Q15716275,Neue Zeitschrift fuer Systematische Theologie und Religionsphilosophie,journal,5A08E3C3-481C-44F5-A7BD-6F1EF180E234,Q183,5684f0c6e66933dafb26b3f932ab13cbeae7bccf,Q1201886,http://mjl.clarivate.com/publist_ah.pdf,,,,20C0A3D6-F144-4A50-90E1-80EC0DB0DD5D,34d17d07cc2d00a6b3ee30c989d96f66,1980-01-01T00:00:00Z,9,,,,,,,,,,,,,,,,,8E070374-67B9-41A7-A001-9C4B1098D6A7,http://www.degruyter.com/view/j/nzst,,,,,,,,,,,,,,,,,,,,,,,980a6666-4955-abcb-cee2-3f29c0c285c9,3,,,,,,
Q15716311,Sixteenth Century Journal,journal,7EEACB95-EB16-4BDB-BA59-B2CFDB7D4779,Q30,5684f0c6e66933dafb26b3f932ab13cbeae7bccf,Q1201886,http://mjl.clarivate.com/publist_ah.pdf,,,,5FE66E2A-939F-4768-B9C3-F05C6BB2FA2C,a6d3d3f909eac633ff4d2b6dcb3390f8,1969-01-01T00:00:00Z,9,,,,,,,,,,,,,,,,,92CAD908-6E5C-4826-82E2-6DB01227C9DC,http://www.escj.org/,,,,,,,,,,,,,,,,,,,,,,,a4b4b061-48da-d3ea-8ffe-7f7626ba8781,3,,,,,,
Q15716423,Philosophy Today,journal,37F4C474-A5A4-46DA-A7DC-F1D63EB775A9,Q30,,,,,,,CCFF2058-C12A-4B91-8C96-5BBBCD816C59,8416a90a7fbf01ce9c707558a088be75,1957-01-01T00:00:00Z,9,,,,,,,,,,,,,,,,,92B4C46D-FC23-439C-806D-DC07C52F5899,http://www.pdcnet.org/philtoday,,,,,,,,,,,,,,,,,,,,,,,,,,,,,,
Q15716491,Union Seminary Quarterly Review,journal,8249755a-4836-a745-51b4-053b8dadeadd,Q30,,,,,,,A9BB06F3-FE2A-46D0-883E-F8BC020E3524,2bad192680bff977378c3adc96cb6fe6,1939-01-01T00:00:00Z,9,,,,,,,,,,,,,,,,,14B714AD-4215-4CED-925A-4D786EC478B7,http://usqr.utsnyc.edu/,,,,,,,,,,,,,,,,,,,,,,,bec3d7b8-4845-20bb-a90e-f4b78c24afbc,3,,,,,,
Q15716523,Fides et Historia,journal,,,,,,,,,339AEEF1-AF1E-4078-A6E7-9A0E4842CD9C,7049a7dcbd73dd46c3241bbd38fdc279,1968-01-01T00:00:00Z,9,,,,,,,,,,,,,,,,,5CD547F0-557A-4856-81CA-4E7F4BEB7540,http://www.faithandhistory.org/fides-et-historia/,,,,,,,,,,,,,,,,,,,,,,,491e267f-4313-c08e-181b-fa2f6fe91399,6,,,,,,
Q15716715,Notre Dame Philosophical Reviews,journal,,,,,,,,,,,,,,,,,,,,,,,,,,,,,D302D3A8-40AA-4D59-97BB-DDA32F3C6AC3,http://ndpr.nd.edu,,,,,,,,,,,,,,,,,,,,,,,,,,,,,,
Q15724475,Praktische Theologie,German magazine,1fa8249e-4c6d-2998-1eee-ef463a969f6d,Q183,394f33a0562cc3bf7c124a0da07839cdd7af6e8d,Q186844,,,,,,,,,,,,,,,,,,,,,,,,,6ed998d4-4613-61ae-06e8-9e205242b132,https://www.randomhouse.de/Fachzeitschift:-Praktische-Theologie/aid79372.rhd,3c398c0e40448e13014f5bd9040d715faf3b844a,,,a2cebe07fd74affa6501423238216674,2020-09-10T00:00:00Z,11,,,,,,,,,,,,,,,,,92afc07e-4bbd-a5ad-ae08-8ea8e7993bb8,3,394f33a0562cc3bf7c124a0da07839cdd7af6e8d,Q186844,,,,
Q15746447,The Bible Today,journal,f5020114-477e-8cab-5b05-72c993d217e0,Q30,,,,,,,e30664af-4601-2e15-20cd-3f84ba8b1f65,5390505a0205351772f5b6c360421cb3,1962-01-01T00:00:00Z,9,,,,,,,,,,,,,,,,,db157632-4d7d-e6db-4f4f-a62856f6875b,https://thebibletoday.org/,,,,,,,,,,,,,,,,,,,,,,,,,,,,,,
Q15749151,Berliner Theologische Zeitschrift,journal,D6490B5D-D252-4D35-9734-0D0619416A63,Q183,,,,,,,8772C58D-06C4-477C-BFD6-A93A51508906,8c394bf125fae01c9c966e4eaed44e46,1949-01-01T00:00:00Z,9,,,,,,,,,,,,,,,,,,,,,,,,,,,,,,,,,,,,,,,,,6971EC36-C980-480D-821B-27544B9975B5,6,,,,,,
Q15749660,Religion Compass,journal,,,,,,,,,,,,,,,,,,,,,,,,,,,,,,,,,,,,,,,,,,,,,,,,,,,,,,,,,,,,
Q15749979,Questions Liturgiques,journal,72F69E23-A46C-4874-BC83-FED089E5D2FB,Q31,,,,,,,5E5D1DEE-7368-4125-A0CD-71457C077A24,295757114b37ef5712cef8fe79708ba5,1910-01-01T00:00:00Z,9,1a5a75df9b13a6d09bad5b1b37e72386c8cc89ad,,https://poj.peeters-leuven.be/content.php?url=journal&journal_code=QL,,,,,,,,,,,,,,627E1B60-FD9C-4C52-A3C6-D39E8694F88B,https://poj.peeters-leuven.be/content.php?url=journal&journal_code=QL,,,,,,,,,,,,,,,,,,,,,,,91E8C180-4755-4211-9A2D-EA7FCB6C8AD6,3,,,,,,
Q15750019,Journal of Feminist Studies in Religion,journal,A7F63575-CADE-4574-932B-C5C9C928344A,Q30,5684f0c6e66933dafb26b3f932ab13cbeae7bccf,Q1201886,http://mjl.clarivate.com/publist_ah.pdf,,,,1402c604-4751-d672-ce68-5210ec95c66f,e8f77db64726e19e2d0716c59ff3f15b,1985-01-01T00:00:00Z,9,,,,,,,,,,,,,,,,,148b1461-45a9-14b8-3dbd-9ff6eb4e0cab,https://iupress.org/journals/jfsr/,,,,,,,,,,,,,,,,,,,,,,,5b19c8d3-4adf-08cb-33ff-6eab48e8c06a,6,,,,,,
Q15750632,Issues in Integrative Studies: an interdisciplinary journal,journal,,,,,,,,,eba9ea35-4b75-cc72-740f-e03d842521ea,e1afe267535045d03b042d597160ddf8,1982-01-01T00:00:00Z,9,,,,,,,38d60e90-484d-0eb2-dc11-b358c27e44a5,4755748741739c53456596b64165b84b,2014-01-01T00:00:00Z,9,,,,,,,5997b590-4b64-dea3-5bb7-09c1ba62ebd5,https://our.oakland.edu/handle/10323/3144,,,,,,,,,,,,,,,,,,,,,,,1466117b-41e0-3b49-dd90-737d462cde26,12,,,,,,
Q15751172,"Race, Ethnicity and Education",journal,21b7b983-48dc-5862-6bf7-a4f7cb9d2469,Q145,,,,,,,02E4D79B-57FA-4121-89ED-46B7A7CE564A,4ed5447d4fbbb9a84fd28119d4f7257d,1998-01-01T00:00:00Z,9,,,,,,,,,,,,,,,,,D3A121A3-0DF2-4A25-BF5B-F54FD7DBC79E,http://www.tandfonline.com/toc/cree20/current,,,,,,,,,,,,,,,,,,,,,,,66bfcb75-428f-4855-df58-3819a3ab4815,2,,,,,,
Q15752096,Sociological Spectrum: official journal of the Mid-South Sociological Association,journal,4bf00d1e-4d10-25a1-5db4-afed0e8a01cb,Q30,,,,,,,beb8972c-44a9-3d9a-30d2-6f50ca6c9c8c,6356f36d553fe338565b523f374eda3a,1981-01-01T00:00:00Z,9,,,,,,,,,,,,,,,,,,,,,,,,,,,,,,,,,,,,,,,,,457952c3-445f-e961-ebb9-c10196b73a94,2,,,,,,
Q15752279,Worship,journal,9547853b-4511-ce9a-abb7-8546689efdb5,Q30,,,,,,,2a405d10-43b0-a29c-94da-bc65677b06f5,673ac160441194e48b4d002d6c8838b1,1926-01-01T00:00:00Z,9,,,,,,,,,,,,,,,,,e1c77089-4cf8-1747-8e8e-cad2d344597c,http://journalworship.org/,,,,,,,,,,,,,,,,,,,,,,,02f3e41b-4091-a835-26fa-80999f3d2574,2,,,,,,
Q15753036,Meridians,journal,ddd90348-441f-fe94-5d28-b0447cce874c,Q30,,,,,,,3fd1cd70-43fa-6ee4-f714-651feea9f2f0,6928b7cd3a8b4aff7d73814a5a8f2359,2000-01-01T00:00:00Z,9,,,,,,,,,,,,,,,,,089723a8-4944-17f2-e787-fff5561c822d,https://www.dukeupress.edu/meridians,,,,,,,,,,,,,,,,,,,,,,,77bba8d1-4919-8eab-270c-6937ea68b4ad,6,,,,,,
Q15753228,Families in Society: the journal of contemporary social services,journal,,,,,,,,,18eb0320-487b-0d5a-1289-a7fa3da3b086,90634e178f85a82c44da7919528b3ff7,1920-01-01T00:00:00Z,9,,,,,,,,,,,,,,,,,,,,,,,,,,,,,,,,,,,,,,,,,3d00e6b9-4f20-0ae8-553c-81afa616cf47,3,,,,,,
Q15753491,Journal of Refugee Studies,journal,FA82D0A7-1FCF-4320-BE6D-324F7E76AB05,Q21,,,,,,,,,,,,,,,,,,,,,,,,,,,84986175-5C03-4096-9C17-96E7D66C92D1,https://academic.oup.com/jrs,,,,,,,,,,,,,,,,,,,,,,,8ad37005-49d6-6344-6d9c-30a24470aa4b,3,,,,,,
Q15753618,Pastoral Liturgy,journal,d032a9f8-4ba1-5a10-1da9-f3a1aa1317b4,Q30,,,,,,,,,,,,,,,,,,,,,,,,,,,b652e573-4071-a212-bb71-e5eec70f13df,http://www.pastoralliturgy.org/,,,,,,,,,,,,,,,,,,,,,,,fdda26a0-4d24-55e1-ea5e-8a105e29e34d,2,,,,,,
Q15753676,Nashim,journal,78891a8f-40f8-a546-85d5-d56e8b4a8d37,Q30,,,,,,,,,,,,,,,,,,,,,,,,,,,,,,,,,,,,,,,,,,,,,,,,,,,2db94b6a-435a-3254-35f7-95423d103875,6,,,,,,
Q15753706,Journal of Pastoral Care and Counseling,journal,49CD9EAB-929E-470B-AC02-FB6736790906,Q30,,,,,,,65983591-A333-4929-9D24-ECB9A4961860,d52588577463d86ae0db06ee93765764,2002-01-01T00:00:00Z,9,,,,,,,,,,,,,,,,,,,,,,,,,,,,,,,,,46051929-4d9e-4101-11eb-e405fff576d2,Q98608133,,,,,,,5B74855B-DD44-4EDB-B690-D658F4FB8F1F,3,,,,,,
Q15753995,Anglican Theological Review,journal,59317BF8-31B7-4900-83C8-844516D34184,Q30,,,,,,,7A0D683E-4F20-445D-905E-B50A9E0F78CA,36a281b4a443458a59ea58ad61c5d0f0,1918-01-01T00:00:00Z,9,,,,,,,,,,,,,,,,,9DD75769-5D9F-4B62-96CE-B8DC5C6F80D5,http://www.anglicantheologicalreview.org/,,,,,,,,,,,,,,,,,,,,,,,d687d9fa-4482-5519-255b-d54b4b5f2664,3,,,,,,
Q15754071,Norwegian Theological Journal,journal,,,,,,,,,e1a125fc-40d6-ddc9-7011-519e55ff93fd,3f093c9a27e9362ee69eee1bc433ef19,1900-01-01T00:00:00Z,9,,,,,,,,,,,,,,,,,,,,,,,,,,,,,,,,,4bee8066-49b4-4613-7d2b-ac401f49f08b,Q12005498,,,,,,,5f558d35-48f0-3e4b-ea41-202d6b3332e0,3,,,,,,
Q15754681,Horizons in Biblical Theology,journal,df214d41-40df-f9cd-91f7-48f8d46fd0ed,Q55,,,,,,,ec4ebeb0-4207-7e45-6a56-f424d60653c4,811f31244f158332fb4f1e13ae9f4d50,1979-01-01T00:00:00Z,9,,,,,,,,,,,,,,,,,,,,,,,,,,,,,,,,,,,,,,,,,2a6593f9-442d-d981-05bc-45de233f911a,6,,,,,,
Q15754869,Journal of the Kafka Society of America,journal,bd1b25c1-4b30-96a0-ebac-829fad79b4cb,Q30,,,,,,,ab8a3c0a-4435-adf0-9621-ddc112feb422,f5628a29ba10551697cdc79d94741d01,1983-01-01T00:00:00Z,9,,,,,,,,,,,,,,,,,218607b9-4e3f-bef0-bd13-a6a6314e8652,http://www.kafkasocietyofamerica.org/about/index.php,,,,,,,,,,,,,,,,,,,,,,,b77ba68a-49f9-1756-fefd-9d99fbc054ed,6,,,,,,
Q15754942,American Journal of Theology and Philosophy,journal,,,,,,,,,,,,,,,,,,,,,,,,,,,,,,,,,,,,,,,,,,,,,,,,,,,,,,,,,,,,
Q15755002,Political Theology,journal,,,,,,,,,,,,,,,,,,,,,,,,,,,,,,,,,,,,,,,,,,,,,,,,,,,,,,,,,,,,
Q15755037,Jewish Social Studies,journal,ce0b900f-45d3-943a-3471-6279b9325fc8,Q30,,,,,,,87f0801f-44e3-22f1-893f-5115b71f04ca,1752f26e09b84260808639ef5899e32a,1939-01-01T00:00:00Z,9,,,,,,,,,,,,,,,,,,,,,,,,,,,,,,,,,,,,,,,,,dd577c5b-4036-9d5a-eb8a-6fd310c2dded,4,,,,,,
Q15755134,Theological Education,journal,9c488658-410a-0e3d-fe17-9d7873b4ae95,Q30,,,,,,,bc73278a-4f82-56fd-bb49-febad78f556f,aab1da626b78329d692c2ab60c5ebc4d,1964-01-01T00:00:00Z,9,,,,,,,,,,,,,,,,,,,,,,,,,,,,,,,,,,,,,,,,,dd476613-4252-e140-a382-1cfb53df6f91,6,,,,,,
Q15755173,Virginia Magazine of History and Biography,journal,ca1833f2-4e2b-e8e8-dce5-b7917b203243,Q30,,,,,,,3631ea49-438b-bfe1-30a5-9818eb247f20,243b269ba51953efcbb66a5742ed2cbd,1893-01-01T00:00:00Z,9,,,,,,,,,,,,,,,,,,,,,,,,,,,,,,,,,,,,,,,,,ab7fb2f1-4b5c-9fad-74e1-dfcd6877392a,3,,,,,,
Q15755506,Journal of Southern History,journal,401E653B-341C-46AF-AE0B-26F0FC5B9317,Q30,5684f0c6e66933dafb26b3f932ab13cbeae7bccf,Q1201886,http://mjl.clarivate.com/publist_ah.pdf,,,,3b5cdab2-4592-3df4-ba5f-e8f7929ea306,a60ac1c2d9fe3e7c10eb1cf5abeecf6e,1935-01-01T00:00:00Z,9,,,,,,,,,,,,,,,,,,,,,,,,,,,,,,,,,,,,,,,,,e88def80-4a3c-5013-e0b4-2c09d41ca2ce,3,,,,,,
Q15755591,Journal of African American Studies,academic journal,7f752aaa-4514-445e-920b-b75d9e6095fb,Q30,,,,,,,6d08591c-4d62-98ad-0a73-a37135171b35,17c6f9268b93225c363698e76567a8af,1993-01-01T00:00:00Z,9,,,,,,,,,,,,,,,,,,,,,,,,,,,,,,,,,,,,,,,,,e5081f11-416a-7934-7196-fa5557a51a9d,3,,,,,,
Q15755692,Journal of the European Society of Women in Theological Research,journal,,,,,,,,,,,,,,,,,,,,,,,,,,,,,,,,,,,,,,,,,,,,,,,,,,,,,,,,,,,,
Q15755753,Journal of American Ethnic History,journal,A4833BBE-B564-4E97-B7C5-4F76E5626314,Q30,5684f0c6e66933dafb26b3f932ab13cbeae7bccf,Q1201886,http://mjl.clarivate.com/publist_ah.pdf,,,,,,,,,,,,,,,,,,,,,,,,,,,,,,,,,,,,,,,,,,,,,,,,8239b61a-4518-185d-2139-9b2da1a12bcd,3,,,,,,
Q15755905,Studies in Philology,journal,78D63735-840D-4DF1-92DB-426FD733B220,Q30,5684f0c6e66933dafb26b3f932ab13cbeae7bccf,Q1201886,http://mjl.clarivate.com/publist_ah.pdf,,,,,,,,,,,,,,,,,,,,,,,,,,,,,,,,,,,,,,,,,,,,,,,,,,,,,,,
Q15756224,Forum for Social Economics,journal,b0ee8429-4a97-3807-77ab-493439973e25,Q21,,,,,,,9ebc6532-4558-e9b4-b240-a08d8a715b7d,32ab3709506ccd214afed95ad91cfa87,1975-01-01T00:00:00Z,9,,,,,,,,,,,,,,,,,,,,,,,,,,,,,,,,,,,,,,,,,d46a4091-4e3a-95f6-690a-8889d7736b61,4,,,,,,
Q15756294,Practical Theology,journal,,,,,,,,,,,,,,,,,,,,,,,,,,,,,,,,,,,,,,,,,,,,,,,,,,,,,,,,,,,,
Q15756681,Journal of International Women's Studies,journal,,,,,,,,,6df463d9-466c-c005-f8a5-7e84574e3359,2b3197a343b1554b824b915aa6ffd70f,1999-01-01T00:00:00Z,9,,,,,,,,,,,,,,,,,c6a30cb3-4330-f022-db87-86a0d0e0c2b4,https://vc.bridgew.edu/jiws/,,,,,,,,,,,,,,,,,,,,,,,ae70d163-41d5-597d-25dc-fc6452217343,6,,,,,,
Q15757029,New Theology Review: an American Catholic journal for ministry,journal,6d08c9b3-47a5-ac36-da61-1bbd8e85b2b1,Q30,,,,,,,79795706-49e0-f625-1abd-724135256837,764eb9a11460dd8f6b5956f3f77f2129,1988-01-01T00:00:00Z,9,,,,,,,5d65af6f-48b7-a0e0-7703-3a4d1d3beab1,19fb1e607fb895edac44d92bd9141272,2011-01-01T00:00:00Z,9,,,,,,,,,,,,,,,,,,,,,,,,,,,,,,,,,,,,,,
Q15757109,Transversalites: revue de l'Institut Catholique de Paris,journal,26c6ceaf-477a-88f2-5992-b1f6e3de99cf,Q142,,,,,,,c0749584-4ad5-0726-45b8-a0f5adfdbf09,8c394bf125fae01c9c966e4eaed44e46,1949-01-01T00:00:00Z,9,,,,,,,,,,,,,,,,,,,,,,,,,,,,,,,,,,,,,,,,,6370fe6f-422d-2a58-f99b-dc990c25ce56,3,,,,,,
Q15757115,La Maison - Dieu: revue de science liturgique,journal,24078e55-49be-a558-ecc4-0e5a15d9ebe4,Q142,,,,,,,,,,,,,,,,,,,,,,,,,,,,,,,,,,,,,,,,,,,,,,,,,,,,,,,,,,
Q15758971,Proceedings of the Annual Meeting of the North American Academy of Liturgy,journal,d80cd7c3-4da2-a079-cfec-42556e26c348,Q30,,,,,,,,,,,,,,,,,,,,,,,,,,,,,,,,,,,,,,,,,,,,,,,,,,,a3bf67dc-4d43-128d-393b-dadec1a71703,1,,,,,,
Q15759600,Enchoria,journal,,,,,,,,,9b3ac103-4ad0-1ee1-97e6-4fe25aef4c5f,cf5d396bdc1074d11438fc47ab8bcf40,1971-01-01T00:00:00Z,9,,,,,,,,,,,,,,,,,,,,,,,,,,,,,,,,,,,,,,,,,7e4f4f12-4b66-8c76-9f67-6157159553f8,12,,,,,,
Q15759717,Review of Politics,journal,95638EA7-A5F9-4601-8EEA-CC258199FC93,Q30,,,,,,,,,,,,,,,,,,,,,,,,,,,D55942A4-CB85-40D1-93EB-41A53594BC1E,https://www.cambridge.org/core/journals/review-of-politics,1243c63b61392aa207928f42b9d3eaa1758342b3,,,76ea08b618fece09cda309710070a864,2020-09-07T00:00:00Z,11,,,,,,,,,,,,,,,,,,,,,,,,
Q15759761,Journal of Ecumenical Studies,journal,B0C1338C-B83D-4085-842B-C9D07E938A7E,Q30,5684f0c6e66933dafb26b3f932ab13cbeae7bccf,Q1201886,http://mjl.clarivate.com/publist_ah.pdf,,,,734f0314-4cf0-230d-f435-d561a832035f,23a11f433153417fd4e9f924c08d94c5,1968-01-01T00:00:00Z,9,,,,,,,,,,,,,,,,,322B31DC-1E60-4C08-A7D1-C1265FA93C18,http://jes.pennpress.org/home/,,,,,,,,,,,,,,,,,,,,,,,70695cd6-46e3-e128-5c8e-d4f838eb40b0,3,,,,,,
Q15760054,"Black Women, Gender and Families",journal,d4661517-4ebb-9079-e039-4e0cde30f35f,Q30,,,,,,,ac4bf6b8-4e0c-7bfe-c8d2-1d42325412c8,bf79b4a0ef5c9675e3340ced2c4949b7,2007-01-01T00:00:00Z,9,,,,,,,,,,,,,,,,,,,,,,,,,,,,,,,,,,,,,,,,,3883d338-40e8-2188-daea-a15a08bac989,6,,,,,,
Q15760154,Journal of Religious Ethics,journal,DCADBA41-D2BC-4AE8-993B-30169097B304,Q30,5684f0c6e66933dafb26b3f932ab13cbeae7bccf,Q1201886,http://mjl.clarivate.com/publist_ah.pdf,,,,,,,,,,,,,,,,,,,,,,,,,,,,,,,,,,,,,,,,,,,,,,,,,,,,,,,
Q15760387,Studia Liturgica,journal,b6f4faed-477b-b2e3-2c47-3e4bb3149d73,Q21,,,,,,,d3a0d999-46c0-10af-591a-90e9b21d2057,5390505a0205351772f5b6c360421cb3,1962-01-01T00:00:00Z,9,,,,,,,,,,,,,,,,,,,,,,,,,,,,,,,,,,,,,,,,,7d0e2f54-46aa-57a4-158b-88d6d1df36eb,3,,,,,,
Q15760555,Hebrew Studies,journal,94255c90-42cd-8d43-f6ea-11e32b8dd22a,Q30,,,,,,,8a6192d4-4acd-f4d7-9d30-d13decf5af01,171d2c487ac48da27ee021e7ad3597fe,1976-01-01T00:00:00Z,9,,,,,,,,,,,,,,,,,0735dcc0-4265-ea98-d0cc-cb3d129e70b2,http://www.naphhebrew.org/publication/hebrew-studies,,,,,,,,,,,,,,,,,,,,,,,c235c226-431b-1739-e136-e725f7e9bdb6,1,,,,,,
Q15760865,Journal of Medieval and Early Modern Studies,journal,14CF5DA8-02ED-4420-86AE-7ADE952B31F4,Q30,5684f0c6e66933dafb26b3f932ab13cbeae7bccf,Q1201886,http://mjl.clarivate.com/publist_ah.pdf,,,,77ab5319-4a88-ca1b-2645-3dba6788ec36,cf5d396bdc1074d11438fc47ab8bcf40,1971-01-01T00:00:00Z,9,,,,,,,,,,,,,,,,,,,,,,,,,,,,,,,,,,,,,,,,,0dab28ff-481d-a9ed-e7a3-c07e3a846730,4,,,,,,
Q15761107,International Journal of Practical Theology,journal,795c66e7-494f-52f4-2acc-d2075021a9da,Q183,,,,,,,,,,,,,,,,,,,,,,,,,,,,,,,,,,,,,,,,,,,,,,,,,,,60a7c7c9-4128-de03-9939-91e6dd8d4833,6,,,,,,
Q15762047,Review of Religious Research,journal,59932040-1759-49E0-B83E-60F50B86D121,Q30,5684f0c6e66933dafb26b3f932ab13cbeae7bccf,Q1201886,http://mjl.clarivate.com/publist_ah.pdf,,,,BD372B59-54D6-4F0B-A432-F7F2E9D4FB1A,e42cfd5d93012f5ab5aec5bdc3533cd4,1942-01-01T00:00:00Z,9,,,,,,,,,,,,,,,,,8A9584F1-6CB2-42F8-81E5-4CE71477F7EB,http://www.springer.com/social+sciences/journal/13644,,,,,,,,,,,,,,,,,,,,,,,b18a03a9-42d9-d660-b053-a9de3ff1ecab,3,,,,,,
Q15762263,positions,journal,54CA76B6-B67C-4A9C-B8E8-495747701098,Q30,5684f0c6e66933dafb26b3f932ab13cbeae7bccf,Q1201886,http://mjl.clarivate.com/publist_ah.pdf,,,,0dbf48cd-4369-e695-36aa-33ab715dda2c,17c6f9268b93225c363698e76567a8af,1993-01-01T00:00:00Z,9,,,,,,,,,,,,,,,,,,,,,,,,,,,,,,,,,,,,,,,,,139f0147-40ee-a322-7cd1-293f187b8209,3,,,,,,
Q15762548,Ecumenical Review,journal,E7CC9A01-8CFB-4973-8B7F-2C9A5F61BC32,Q39,5684f0c6e66933dafb26b3f932ab13cbeae7bccf,Q1201886,http://mjl.clarivate.com/publist_ah.pdf,,,,,,,,,,,,,,,,,,,,,,,,,,,,,,,,,,,,,,,,,,,,,,,,,,,,,,,
Q15763031,Modern Judaism,journal,5127CF5E-7287-4385-9724-D102B2757733,Q30,5684f0c6e66933dafb26b3f932ab13cbeae7bccf,Q1201886,http://mjl.clarivate.com/publist_ah.pdf,,,,f2809693-40ce-88c0-54ca-4f1a168aecf2,6356f36d553fe338565b523f374eda3a,1981-01-01T00:00:00Z,9,,,,,,,,,,,,,,,,,,,,,,,,,,,,,,,,,,,,,,,,,9861ea7e-452c-dd49-9ff1-51293e5fc909,4,,,,,,
Q15763170,Review for Religious: living our Catholic legacies,journal,9dddb9a8-486a-13c5-bfcd-f232c4deab2d,Q30,,,,,,,abced7dc-4136-ec50-690e-b679618095cc,820b120a51614d52a3a062475c520638,1942-01-01T00:00:00Z,9,,,,,,,a899ed10-4459-2d5e-264c-58f9a51e388f,a4cd9904a78844d854ea927fbdded8f2,2012-01-01T00:00:00Z,9,,,,,,,,,,,,,,,,,,,,,,,,,,,,,,,6edded85-4916-e565-21a2-1159239b0faf,3,,,,,,
Q15763357,International Journal for Philosophy of Religion,journal,D19BAF19-A639-4FBA-B10C-716DEE30E24E,Q55,5684f0c6e66933dafb26b3f932ab13cbeae7bccf,Q1201886,http://mjl.clarivate.com/publist_ah.pdf,,,,,,,,,,,,,,,,,,,,,,,,,,,,,,,,,,,,,,,,,,,,,,,,,,,,,,,
Q15763974,Review of Biblical Literature,journal,,,,,,,,,,,,,,,,,,,,,,,,,,,,,,,,,,,,,,,,,,,,,,,,,,,,,,,,,,,,
Q15763977,Perspectives in Religious Studies,journal,9b1c7ecf-4630-e72a-8d2e-4b4018942891,Q30,,,,,,,b8f15b8f-4bce-4b38-e081-ef6a0c0aabf4,b95be118151106aee9695534f063a319,1974-01-01T00:00:00Z,9,,,,,,,,,,,,,,,,,691d3c8e-404d-5c56-a77b-472e648dc8b5,https://www.baylor.edu/prs/,,,,,,,,,,,,,,,,,,,,,,,67964e1e-4028-71a7-0445-0820e56c663a,3,,,,,,
Q15764166,Horizons,journal,EBB42284-A807-46C9-8DA0-E3057B5405C8,Q30,5684f0c6e66933dafb26b3f932ab13cbeae7bccf,Q1201886,http://mjl.clarivate.com/publist_ah.pdf,,,,F2CB5AED-61E3-4F66-B668-59BA6336E1A6,92a2dadeb517309aab503fe32eb4cc72,1974-01-01T00:00:00Z,9,,,,,,,,,,,,,,,,,F05B5FC8-834E-405E-A820-71651D5DC1C5,http://journals.cambridge.org/action/displayJournal?jid=HOR,,,,,,,,,,,,,,,,,,,,,,,aee50aaa-4684-dba1-a97d-dce7cfc75af5,6,,,,,,
Q15764425,Sociology of Religion,journal,5BC60899-6B10-4698-92A3-22559EF0300E,Q30,5684f0c6e66933dafb26b3f932ab13cbeae7bccf,Q1201886,http://mjl.clarivate.com/publist_ah.pdf,,,,,,,,,,,,,,,,,,,,,,,,6B92E946-CFA2-42C2-94A4-6698A4A59247,https://academic.oup.com/socrel,,,,,,,,,,,,,,,,,,,,,,,d3fb478c-4196-2b22-1e3c-18308b9768c7,3,,,,,,
Q15764810,Prooftexts,journal,C45FBE62-3166-48DA-9B5B-F56C3835CA94,Q30,5684f0c6e66933dafb26b3f932ab13cbeae7bccf,Q1201886,http://mjl.clarivate.com/publist_ah.pdf,,,,2A412EAE-2656-4714-8439-CAE868CEA234,bcfd24be7ab6e038fc67a2bb23db518a,1981-01-01T00:00:00Z,9,,,,,,,,,,,,,,,,,16734149-DC65-47AB-89B9-BD467BABFF38,http://www.iupress.indiana.edu/pages.php?pID=89,,,,,,,,,,,,,,,,,,,,,,,b0f8c598-46ea-6afa-5b10-acf072f56212,4,,,,,,
Q15766254,Pastoral Psychology,journal,91505cfe-4382-fcc3-9eaa-6a4a2b808e6f,Q30,,,,,,,c9706247-477e-aa8f-39b9-40ba30932ae0,dca421a2ca4aa585d2c45326049993eb,1950-01-01T00:00:00Z,9,,,,,,,,,,,,,,,,,,,,,,,,,,,,,,,,,,,,,,,,,80fad4ca-4e0b-3b5f-3927-f7b6f1e65f49,2,,,,,,
Q15766683,Teaching Theology and Religion,journal,51750826-49de-9e75-54d9-efbccb3d076f,Q21,,,,,,,bc68a840-4373-5513-4604-63c14cb64ce1,566896ed1bc98ce4ec8a459edd4d836a,1998-01-01T00:00:00Z,9,,,,,,,,,,,,,,,,,,,,,,,,,,,,,,,,,,,,,,,,,e7967dc5-49ea-bdbc-63aa-a6ffe09f48bd,3,,,,,,
Q15766739,The Germanic Review,journal,E93C240B-7A8F-4CFD-9651-CFC1BFD1CADE,Q30,5684f0c6e66933dafb26b3f932ab13cbeae7bccf,Q1201886,http://mjl.clarivate.com/publist_ah.pdf,,,,7f7a2c7c-4b62-ba42-ba34-1b8649388213,c352a16ab0f68d131f8f244fe3c19fb8,1925-01-01T00:00:00Z,9,,,,,,,,,,,,,,,,,,,,,,,,,,,,,,,,,,,,,,,,,a6e60824-4b89-c7f2-80b1-a80a3acd0191,3,,,,,,
Q15766750,Journal of Children and Poverty,journal,e8991bd5-41db-d406-f463-b3738741a6a2,Q145,,,,,,,5475dcb8-490a-83fa-6067-515bef2fde94,c259e52728c72fb7bf9f41b140e77218,1995-01-01T00:00:00Z,9,,,,,,,,,,,,,,,,,,,,,,,,,,,,,,,,,,,,,,,,,1806971d-4813-b5f4-b51c-28d09af26579,6,,,,,,
Q15767078,Australian Biblical Review,journal,322728DC-9D04-4F63-9A9B-6F435736AD03,Q408,,,,,,,35B36DAB-0A06-4600-8388-5456B0DF0923,d2286155bf180ae2a1a26480f81d9168,1951-01-01T00:00:00Z,9,,,,,,,,,,,,,,,,,60891F17-739E-490B-A5F0-31107ABA5A6B,http://www.fbs.org.au/abr.html,,,,,,,,,,,,,,,,,,,,,,,840c7b7b-44d1-8453-d1e1-3e0dd2af2723,1,,,,,,
Q15767222,Theology and Sexuality,journal,178856a0-4b8a-4330-db72-96186707bc14,Q21,,,,,,,324aa6f6-45cd-ef84-64ae-7b7a9caccb26,6d4a0c802fc82784e8c8bc0e977700ec,1994-01-01T00:00:00Z,9,,,,,,,,,,,,,,,,,,,,,,,,,,,,,,,,,,,,,,,,,8487c70a-44d1-c948-0979-88f4ba3552e2,4,,,,,,
Q15767535,Journal of the Society of Christian Ethics,journal,57CB74F8-49CE-4FE8-87B6-378785D2A252,Q30,5684f0c6e66933dafb26b3f932ab13cbeae7bccf,Q1201886,http://mjl.clarivate.com/publist_ah.pdf,,,,0b0115f7-481e-33d3-e8f4-0f981c8842fc,32ab3709506ccd214afed95ad91cfa87,1975-01-01T00:00:00Z,9,,,,,,,,,,,,,,,,,,,,,,,,,,,,,,,,,,,,,,,,,14d511bb-49b3-bd66-fc9b-590c3b40543a,6,,,,,,
Q15767635,Method and Theory in the Study of Religion,journal,D3B82603-4023-46B2-B3D7-B666F672A0B7,Q55,5684f0c6e66933dafb26b3f932ab13cbeae7bccf,Q1201886,http://mjl.clarivate.com/publist_ah.pdf,,,,524c3234-4b06-b256-6aab-e47507f36fb3,9930877c43e09a3dd26a2b4a0d5aa9c8,1989-01-01T00:00:00Z,9,,,,,,,,,,,,,,,,,,,,,,,,,,,,,,,,,,,,,,,,,ba69435e-409a-0317-7761-fd01cd12f4a8,2.4,,,,,,
Q15816429,Dialog,journal,B4DC6E50-7520-41C8-88D2-245DCFD5AFA1,Q30,5684f0c6e66933dafb26b3f932ab13cbeae7bccf,Q1201886,http://mjl.clarivate.com/publist_ah.pdf,,,,,,,,,,,,,,,,,,,,,,,,,,,,,,,,,,,,,,,,,,,,,,,,ac409b0e-4a01-c175-2097-6688fcd53c78,3,,,,,,
Q15816598,Homiletic,journal,,,,,,,,,,,,,,,,,,,,,,,,,,,,,1500f044-41e6-3dfd-e37f-e637eca70367,http://www.homiletic.net/,,,,,,,,,,,,,,,,,,,,,,,,,,,,,,
Q15816830,Black Theology,journal,b2d3117f-4770-1433-944a-2e075fcf3e8a,Q21,,,,,,,219916f4-448e-4c05-a04a-d80e8269beb9,d52588577463d86ae0db06ee93765764,2002-01-01T00:00:00Z,9,,,,,,,,,,,,,,,,,,,,,,,,,,,,,,,,,,,,,,,,,270996a7-417b-f309-2d43-0bdc2dce27e2,4,,,,,,
Q15816920,Bulletin for the Study of Religion,journal,c7982744-4a34-3610-cf96-f35c3c7c508d,Q21,,,,,,,9f4759fb-419e-5784-abf2-976f643a1c63,4f272fae38ee73a331afd0407cdc74b9,2010-01-01T00:00:00Z,9,,,,,,,,,,,,,,,,,,,,,,,,,76f4309f-4fe3-2c6d-f6cf-853af35611cd,Q97323978,,,,,,,,,,,,,,,beea0c25-43d6-7b91-4264-a42c638db4e1,3,,,,,,
Q15817029,Sociological Focus,journal,,,,,,,,,e1195fc0-4921-b2d4-88ad-ee2e04a4cf00,d65bc75db4e9b7fe9540818a36fc82d2,1927-01-01T00:00:00Z,9,,,,,,,,,,,,,,,,,,,,,,,,,,,,,,,,,,,,,,,,,a41b6cf6-4ac9-93c4-f018-20ab43747e48,3,,,,,,
Q15817589,International Journal of Africana Studies,journal,1c3be914-4d46-23a8-2c61-5d870a6ef299,Q30,,,,,,,fe3e7d18-46ba-7b34-adf3-0ab662bed153,b7d2f0cd6078582b7912deb83efe6450,1992-01-01T00:00:00Z,9,,,,,,,,,,,,,,,,,e85abb7e-4e79-70f1-645d-0e946841012b,https://ncbsonline.org/publications/the-international-journal-of-africana-studies/,,,,,,,,,,,,,,,,,,,,,,,361bda66-4ac3-dc6f-dab8-f09bd169dd68,12,,,,,,
Q15817868,East European Jewish Affairs,journal,4CDAF03C-CBA0-4CA5-AC9B-0B5B4A8C25E4,Q21,5684f0c6e66933dafb26b3f932ab13cbeae7bccf,Q1201886,http://mjl.clarivate.com/publist_ah.pdf,,,,,,,,,,,,,,,,,,,,,,,,,,,,,,,,,,,,,,,,,,,,,,,,f4eda3f4-49a0-b5e5-07b1-d7d748255557,4,,,,,,
Q15864016,Christian History Magazine,magazine,,,,,,,,,3B1FED9D-3A58-4E75-A663-75DB70EC8CCA,abdaf37f1c0f594a5bc113514412315e,1982-01-01T00:00:00Z,9,,,,,,,,,,,,,,,,,9F38289F-504A-43F6-9BFF-9F5E06B101FC,http://www.christianhistoryinstitute.org/magazine/,,,,,,,,,,,,,,,,,,,,,,,fc6aa92a-4937-1f43-a352-d4a0d6183556,3,,,,,,
Q1667631,International Council of Christians and Jews,religion organization,,,,,,,,,,,,,,,,,,,,,,,,,,,,,4e15fc60-442c-dab3-3ab1-fb56f2665f4c,http://www.iccj.org/,,,,,,,,,,,,,,,,,,,,,,,,,,,,,,
Q16857550,transversal,Journal for Jewish Studies,6836e6e5-42c2-ea20-607a-f5d438e320c7,Q183,,,,,,,9b5c441b-4350-4732-0cb5-857191254197,6928b7cd3a8b4aff7d73814a5a8f2359,2000-01-01T00:00:00Z,9,,,,,,,,,,,,,,,,,07096E00-3B60-41AB-9E0B-70671492BAED,https://juedischestudien.uni-graz.at/de/publikationen/transversal-zeitschrift-fuer-juedische-studien/,,,,,,,,,,,,,,,,,,,,,,,ba578bc7-4941-cf50-2a80-8f12a539e192,6,,,,,,
Q1766173,Choice: current reviews for academic libraries,journal,9AF23E28-8476-405A-AA74-C99B8B392D0A,Q30,,,,,,,466BB30A-DEC5-4024-9852-4855C03306AA,9adc78d0b1f8e9bff61cdffaddf4e606,1954-01-01T00:00:00Z,9,,,,,,,,,,,,,,,,,600B1761-9BF1-4760-982E-344FB817CBA2,http://www.ala.org/ala/mgrps/divs/acrl/publications/choice/index.cfm,,,,,,,,,,,,,,,,,,,,,,,AD07D570-6D2E-45E2-93D0-72D5ECFFED4C,1,,,,,,
Q18215981,Sage Open,"an open access, peer-reviewed, academic mega journal",,,,,,,,,054E3E5B-9EEF-402A-A021-A48A2CB410F7,dafb9cf711b15afe91ec0aa7158e57a6,2011-01-01T00:00:00Z,9,,,,,,,,,,,,,,,,,9DD4C0A3-D04A-4655-B0A7-FE56B2B927F2,http://www.sagepub.com/journals/Journal202037/title,,,,,,,,,,,,,,,,,,,,,,,,,,,,,,
Q1825683,The Christian Century,Christian magazine based in Chicago,03E41520-DDB0-4192-81FD-2791EFA716B1,Q30,,,,,,,87498C45-546D-4157-B157-C4D618AB2B3B,1f9eca80c6d890b556808a71e7ddb2ca,1884-01-01T00:00:00Z,9,,,,,,,,,,,,,,,,,344484C0-C986-4CAA-BFC8-412A5113CD06,http://christiancentury.org,,,,,,,,,,,,,,,,,,,,,,,4d49361c-4f16-062b-2902-1e54dd4f2531,2,,,,,,
Q18350356,Humanity & Society,peer-reviewed academic journal,C49EBFDB-A6BC-46C3-BC33-BA503153AF0C,Q30,,,,,,,E20D8B48-7FD2-48EF-A3D7-CACEF51F1901,85b531fb33c8188cd865c54d3e930d40,1977-01-01T00:00:00Z,9,,,,,,,,,,,,,,,,,82347336-03DE-49AC-9FA7-83BC08CDFCB6,http://www.sagepub.com/journals/Journal202112/,,,,,,,,,,,,,,,,,,,,,,,ab150ae3-4ce1-c3bf-9b32-0a47eaf149e9,3,,,,,,
Q18392457,Spring,journal,,,,,,,,,,,,,,,,,,,,,,,,,,,,,,,,,,,,,,,,,,,,,,,,,,,,,,,,,,,,
Q19392473,Tidsskrift for teologi og kirke,journal,8EFB1D96-AEA3-483A-ADAB-4D85658F8E43,Q20,,,,,,,bebb8608-4fc5-87e2-b02e-d3e38a7ece9c,dbd0be1d7c1dc59596f8f5fa3fc01747,1930-01-01T00:00:00Z,9,,,,,,,,,,,,,,,,,,,,,,,,,,,,,,,,,bb1f9bbd-4c84-2b5c-94a0-3a6958a02a2c,Q12005498,,,,,,,,,,,,,,
Q1941982,Modern Austrian Literature,journal,,,,,,,,,c754d019-4ab5-ba0d-8cbb-f4e172291005,23a11f433153417fd4e9f924c08d94c5,1968-01-01T00:00:00Z,9,,,,,,,352d1836-4bb2-2c5c-1018-1ea1d38ec6f0,a4cd9904a78844d854ea927fbdded8f2,2012-01-01T00:00:00Z,9,,,,,,,,,,,,,,,,,,,,,,,c3ec0523-4ec7-5bcc-0bd0-bd4a6c717cc6,Q57244407,,,,,,,879fab2d-41ce-4e7f-475c-4eb48a47baa1,3,,,,,,
Q1952131,The International Journal of Psychoanalysis,journal for psychoanalysis,63412c1b-4cd6-564b-cf75-ed079cd72396,Q145,,,,,,,C4C97440-D53A-42CF-A8D0-C70C520E9E7A,3d44a90c7b206232517ef00ebce88153,1920-01-01T00:00:00Z,9,,,,,,,,,,,,,,,,,4416FE8C-B63D-44F1-8F75-22E00DD0EAE4,http://www.wiley.com/bw/journal.asp?ref=0020-7578,,,,,,,,,,,,,,,,,,,,,,,87b09cb1-4c68-cfa6-8a47-85a1dcd98e87,2,,,,,,
Q20081140,Church History : Studies in Christianity and Culture,Peer-reviewed journal covering the history of Christianity and its cultural contexts,D64A555C-DE76-4B63-9B01-885D15A01685,Q30,5684f0c6e66933dafb26b3f932ab13cbeae7bccf,Q1201886,http://mjl.clarivate.com/publist_ah.pdf,,,,799DEB5C-0765-48A7-95C5-0B813DC4E7E0,bd09c097cfdf3f9cf62cd6aabdd46f9d,1932-01-01T00:00:00Z,9,,,,,,,,,,,,,,,,,7099bed2-4a28-eb6f-5fc8-2f1f287b7916,http://journals.cambridge.org/action/displayJournal?jid=CHH,,,,,,,,,,,,,,,,,,,,,,,a6ebdc79-4bf6-a1a3-a8cc-c940375ec045,3,,,,,,
Q20925657,The American Historian,magazine of the Organization of American Historians,,,,,,,,,,,,,,,,,,,,,,,,,,,,,14ecffec-49ae-dc02-b473-07ede538f037,http://tah.oah.org,,,,,,,,,,,,,,,,,,,,,,,,,,,,,,
Q2285224,Signs,academic journal,709AA6B8-3F13-4912-B68F-A2F1E50604AB,Q30,,,,,,,F6872B66-1B71-4DBE-8924-1ED621B3166F,77eebe770e61b3eb3ce1fd5ad04bf75f,1975-01-01T00:00:00Z,9,,,,,,,,,,,,,,,,,11AD8E07-803D-446E-AF58-CED5E40DE89A,http://signsjournal.org/,,,,,,,,,,,,,,,,,,,,,,,16565680-401e-f08f-49cc-4daba5e3f4a8,3,,,,,,
Q22907599,Currents in Theology and Mission,journal,ea5d91fa-4756-163f-e3ca-aa7053b68cc5,Q30,,,,,,,1FC8ACE5-1AD6-433D-8F61-B1E5D74EE4BB,92a2dadeb517309aab503fe32eb4cc72,1974-01-01T00:00:00Z,9,,,,,,,,,,,,,,,,,4BF1F6AC-D71F-42F9-8B54-98C4DFB7AF31,http://currentsjournal.org/index.php/currents/index,,,,,,,,,,,,,,,,,,,,,,,17916f91-4791-1dfe-fefd-f4076e225c8c,2,,,,,,
Q22908629,Semeia,scholarly journal,109CED74-20D6-4D41-84F3-93AD0CF98DB4,Q30,,,,,,,2A7E2BFA-76EF-4D5A-B3D3-F63D206504C9,7b4c6855b4ab14f15bf69ce8c108b103,1972-01-01T00:00:00Z,9,,,,,,,,,,,,,,,,,,,,,,,,,,,,,,,,,9806add7-4d26-d2f1-724d-11446e6985ff,Q15761611,,,,,,,,,,,,,,
Q24037678,H-Net Reviews,journal,,,,,,,,,d1af0473-4800-ea6a-89df-44526859dfe7,17c6f9268b93225c363698e76567a8af,1993-01-01T00:00:00Z,9,,,,,,,,,,,,,,,,,52a7ee9c-4065-23a8-d06e-7a0f315b4586,http://www.h-net.org/reviews/home.php,,,,,,,,,,,,,,,,,,,,,,,18e381e5-4369-617d-eb40-39bf3ad28d43,1,,,,,,
Q2412214,The Jewish Quarterly Review,journal,EE6E4B89-06DF-4A25-8C30-2A314C2E0334,Q30,,,,,,,A4BB0C6B-7809-4010-8618-83931D3FCCE3,40c2106ee405286f6c5ee6536ddd22a0,1888-01-01T00:00:00Z,9,,,,,,,,,,,,,,,,,10BCE145-0BC1-4AD4-96C3-AB9B299E163F,http://jqr.pennpress.org/,,,,,,,,,,,,,,,,,,,,,,,0d9e10c1-4d11-6f60-da25-3861cc826c22,3,,,,,,
Q27711434,Health progress,journal,77BAF09B-5820-4AF2-A26F-A45828E96CFC,Q30,,,,,,,,,,,,,,,,,,,,,,,,,,,2BA4C96A-4093-414D-8BA8-0D1F9626E96F,https://www.chausa.org/publications/health-progress/current-issue,,,,,,,,,,,,,,,,,,,,,,,48BFD495-A8F9-4A14-ACB1-A3CFDD69C74B,2,81ba7498af679833f6abdd440079ff3d25482faf,,https://www.chausa.org/publications/health-progress/archives,,,
Q27713170,"Second opinion (Park Ridge, Ill.)",journal,e74207a1-4e01-a584-921a-0b663e156cac,Q30,,,,,,,6e2c1e43-4674-3c4e-f71f-f90d7020eb0f,b0b85edda40019fb5082aa68d172521b,1986-01-01T00:00:00Z,9,,,,,,,717b99f7-407f-b11f-dc5e-360fc56d2d79,d49b98a030ea836c922381a07d3a55a5,1996-01-01T00:00:00Z,9,,,,,,,,,,,,,,,,,,,,,,,,,,,,,,,07774c8c-4ee0-2f72-abf6-8d8c263fc417,2,,,,,,
Q27715702,The Centennial review,journal,,,,,,,,,0f482af0-4e06-2dfd-3fba-b8a19d13e6f1,4adf52d33d41b7c844da70947b810e3f,1961-01-01T00:00:00Z,9,,,,,,,ed6c5848-4e28-1ef7-b213-f77c914ed0a3,c5c0b1372c566af0e3d31535e7b831b4,2001-01-01T00:00:00Z,9,,,,,,,,,,,,,,,,,,,,,,,cd3e07e7-4720-9467-3268-38faaa6e549e,Q15764632,,,,,,,de1f06a5-4b86-25d0-8900-a3d6899cf2fa,4,,,,,,
Q27715950,Koinonia,journal,c46a5c1f-44e9-8113-0a61-17fd1c127525,Q30,,,,,,,cc4804b8-4d4c-8fcd-c653-1918647b0853,9930877c43e09a3dd26a2b4a0d5aa9c8,1989-01-01T00:00:00Z,9,,,,,,,e5740e67-4362-2acd-1e74-0c4fd63f218c,19fb1e607fb895edac44d92bd9141272,2011-01-01T00:00:00Z,9,,,,,,,,,,,,,,,,,,,,,,,,,,,,,,,9fa2a251-4364-ae93-aca0-4f9bd48ad5e9,1,,,,,,
Q27716433,Soviet studies,journal,d9419b3b-4a86-4217-6def-d11ddaa5d6d9,Q21,,,,,,,3fb5fc44-4537-b4eb-8e3c-01e87a36c9a8,8c394bf125fae01c9c966e4eaed44e46,1949-01-01T00:00:00Z,9,,,,,,,,,,,,,,,,,,,,,,,,,,,,,,,,,18acfa06-4975-2984-e341-290052f5dab5,Q5412087,,,,,,,502168bd-4291-671d-3ac8-b86977104fbe,1.2,,,,,,
Q27716914,Sh'ma : a journal of Jewish responsibility,journal,48567c06-4f74-87d5-2955-291612dbf0d0,Q30,,,,,,,6b9a3afb-4450-92b8-5f24-005ead084fed,9a581f623d181b3e8160146d1a1c062c,1970-01-01T00:00:00Z,9,,,,,,,,,,,,,,,,,5dd7df12-47fc-a807-77b6-dba3bcfef737,http://shma.com/,,,,,,,,,,,,,,,,,,,,,,,2d2487a1-4e13-89d2-9ea7-a80abd77dd5d,1.2,,,,,,
Q27716917,Christianity and crisis,journal,a2d5e2ac-4f4e-e998-989e-6a8b220e6e94,Q30,,,,,,,9f4f4ab2-4d2e-fe2f-5d8a-0dee079e7d74,31019057564434cce8fbfed1654ce3ca,1941-01-01T00:00:00Z,9,,,,,,,66395c92-4865-ce51-32c5-f753b668b0a9,17c6f9268b93225c363698e76567a8af,1993-01-01T00:00:00Z,9,,,,,,,,,,,,,,,,,,,,,,,,,,,,,,,,,,,,,,
Q27716963,U.S. Catholic,journal,2ee2400a-4f76-e2b1-5248-3bd95a57a6d7,Q30,,,,,,,96d07a23-4149-153b-4dd3-dfefbee32bab,21ac5751cd967ef0d428cc109dd83d89,1972-01-01T00:00:00Z,9,,,,,,,,,,,,,,,,,6ef96c09-4db3-5ce3-ca6b-5509a60c3b0d,https://uscatholic.org/,,,,,,,,,,,,,,,,,,,,,,,7f5a0c54-41a9-efd7-b09c-0c1525527928,1,,,,,,
Q27717019,Church and society,journal,9641a6c6-4108-2ad4-df72-1b92792d40a6,Q30,,,,,,,fb482437-4648-5e54-1207-340b5d01a790,9a581f623d181b3e8160146d1a1c062c,1970-01-01T00:00:00Z,9,,,,,,,132c4315-47d0-0b6d-790b-3afcaef542c4,efd690456e471a014e71685683c62024,2006-01-01T00:00:00Z,9,,,,,,,,,,,,,,,,,,,,,,,,,,,,,,,af07c4f4-4023-69c9-c69a-cd0cced63510,2,,,,,,
Q27717126,Wesleyan theological journal,journal,b95f7084-44f4-7979-bb3d-82d90b0558ab,Q30,,,,,,,6ef368a9-4657-cdc9-706a-627bcaa76353,5b788c4ac8f3dd75227ba8a7e026096c,1966-01-01T00:00:00Z,9,,,,,,,,,,,,,,,,,,,,,,,,,,,,,,,,,,,,,,,,,2600aeff-44a3-9c88-d1a7-720199158335,6,,,,,,
Q27717207,Encounter,journal,,,,,,,,,96a18b12-4207-5c07-b4e0-883ae228862e,e7a1cc0168f885d21f8cdcda10d1fb93,1956-01-01T00:00:00Z,9,,,,,,,,,,,,,,,,,,,,,,,,,,,,,,,,,,,,,,,,,ff664583-4158-4f75-dca0-78dff92a6914,4,,,,,,
Q27717700,Research in the sociology of health care,journal,f66cd07e-417e-5012-9f93-2ce311569622,Q145,,,,,,,5490ea73-4c66-9b69-1ce6-5a5e2bef9f36,ef979b8df4f4f2ae359ed26952114819,1980-01-01T00:00:00Z,9,,,,,,,,,,,,,,,,,,,,,,,,,,,,,,,,,,,,,,,,,,,,,,,,
Q27718682,The Western journal of black studies,journal,58b313f8-49e5-4464-f663-fd32cdfa15fb,Q30,,,,,,,6a09cb24-41bb-1a5f-23b5-5055ca30fa2a,749910ebd6c8faae3d32b17def13c5bd,1977-01-01T00:00:00Z,9,,,,,,,,,,,,,,,,,1f7dcdad-4bac-d0a7-f1d0-6bec7764b6b3,https://public.wsu.edu/~wjbs/,,,,,,,,,,,,,,,,,,,,,,,3887cdac-435a-fafb-7ac0-ea9505843b70,3,,,,,,
Q27719187,Bulletin of the Park Ridge Center,journal,b31fbd15-4b4c-6804-615f-88c4517eff7a,Q30,,,,,,,d2921265-49bd-1b09-0da9-77b37234b2cb,7eca85bb7139467b8a00957d652cc79c,1997-01-01T00:00:00Z,9,,,,,,,dae81cc7-43b9-4143-9c90-b3815a4801dc,d52588577463d86ae0db06ee93765764,2002-01-01T00:00:00Z,9,,,,,,,,,,,,,,,,,,,,,,,,,,,,,,,98475991-4184-6f11-e45f-dcef132b2855,2,,,,,,
Q27719353,Conscience,journal,FC63B00F-B9D6-4B9C-916B-233FCA316EB6,Q30,,,,,,,FA70B51A-B5F1-4D4C-A1E1-0AE96007A4FC,ef979b8df4f4f2ae359ed26952114819,1980-01-01T00:00:00Z,9,,,,,,,,,,,,,,,,,43056798-4379-1491-87a1-398eddb42313,https://consciencemag.org/,,,,,,,,,,,,,,,,,,,,,,,E654B8DA-6E91-4248-B529-F6E3975ACA64,3,,,,,,
Q27724813,Journal for social action in counseling and psychology,journal,7218769c-49eb-6f39-9272-a7374bdb016e,Q30,,,,,,,070088ee-4af5-4692-2d6f-e9b6d86da069,bf79b4a0ef5c9675e3340ced2c4949b7,2007-01-01T00:00:00Z,9,,,,,,,,,,,,,,,,,313b64f7-409b-31db-bd53-f9e20011ee1d,https://jsacp.tumblr.com/,,,,,,,,,,,,,,,,,,,,,,,846cce8e-478f-6474-76db-fbc85533ea63,6,,,,,,
Q27724937,The journal of the Interdenominational Theological Center.,journal,52d77685-4d8b-7fe5-0f3f-4687487cf1ee,Q30,,,,,,,a1fd8d70-47f6-d2bb-13bd-ec202ca40646,29c6f6c518f8f58997859b2c0ca32ae3,1973-01-01T00:00:00Z,9,,,,,,,,,,,,,,,,,5c7b92a1-4794-80d1-62ff-4912bed59cc5,https://www.itc.edu/academics/degrees-programs/itc-journal/,,,,,,,,,,,,,,,,,,,,,,,4ae729cc-460a-da6b-b748-974f88cf576e,6,,,,,,
Q27725823,International journal of social science studies,journal,,,,,,,,,d1b96d5c-4349-8dd1-d4cc-8701549c4e0c,ac3f54d758c2b8d235d9d0e9fbf2f43a,2013-01-01T00:00:00Z,9,,,,,,,,,,,,,,,,,eb2d3da5-4fd8-0de1-e533-74dcbc5fee10,http://redfame.com/journal/index.php/ijsss,,,,,,,,,,,,,,,,,,,,,,,fd0f8a2d-436e-60bd-4fb0-23c7d08cd549,1,,,,,,
Q2842807,America,magazine published by Catholic Church,A616E795-AAC4-4737-8DBD-6562F16775D6,Q30,,,,,,,1FBC24DC-6274-4039-AA88-0274A449211F,f9d79ab4ac70f909254e14c46128a7e5,1907-01-01T00:00:00Z,9,,,,,,,,,,,,,,,,,9B722BA6-7B08-47B1-B252-C303FDE7B52E,http://www.americamagazine.org,,,,,,,,,,,,,,,,,,,,,,,f140497f-471a-430e-83b7-2a7ff7339d5c,1,,,,,,
Q28872485,,journal,,,,,,,,,c183e568-4a53-0607-ef6c-a34fce34213d,6d4a0c802fc82784e8c8bc0e977700ec,1994-01-01T00:00:00Z,9,,,,,,,,,,,,,,,,,c0a42bbb-424f-d6b4-75f2-7f969ab9e644,http://rgi.revues.org/,,,,,,,,,,,,,,,,,,,,,,,3ee1e76f-4458-6d38-3f5e-b3d784348a85,6,,,,,,
Q303410,Concilium,journal,00de0747-4440-8403-4392-174a0060435e,Q21,,,,,,,8E269E47-9157-4252-816F-C73C574AB7DA,aab1da626b78329d692c2ab60c5ebc4d,1964-01-01T00:00:00Z,9,aae78861899249e49ef9a449af9198c564680dc8,,https://www.facebook.com/pg/Concilium-International-Journal-of-Theology-403532689810804/about/,,,,,,,,,,,,,,fe2ec82f-4f83-3687-a978-da6834cb65ad,https://concilium.hymnsam.co.uk/,,,,,,,,,,,,,,,,,,,,,,,81f6a9ab-465c-87d3-c03e-2eda90210c17,2.4,,,,,,
Q3074754,Focus,,0bc9823e-47cb-5810-68b9-0abda6e32800,Q30,,,,,,,,,,,,,,,,,,,,,,,,,,,872ec9b6-45b0-803d-c2bf-1e0c1cdd9717,https://www.bu.edu/sth/news-media/focus-magazine/,,,,,,,,,,,,,,,,,,,,,,,4cf1ecfe-49dd-2953-0476-aec0da7c7458,12,,,,,,
Q3521429,The Jerusalem Report,fortnightly magazine,11B96172-DA2E-4343-A579-03EF821DED20,Q801,,,,,,,B1ACB8C5-90F6-432E-852C-940FEA25C68F,fe7abd5d6247e9b54048ebb77716143d,1919-01-01T00:00:00Z,9,,,,,,,,,,,,,,,,,FC2B9C22-0074-4FE0-B59C-475D8E6A6F14,http://www.jpost.com/Jerusalem-Report,,,,,,,,,,,,,,,,,,,,,,,,,,,,,,
Q3523724,Theological Studies,journal,F587C052-CDC6-4695-B250-329A171608C2,Q21,5684f0c6e66933dafb26b3f932ab13cbeae7bccf,Q1201886,http://mjl.clarivate.com/publist_ah.pdf,,,,62D89716-44DE-45A6-A4D0-9F02BF046C90,77795234fa29db8e368e331463a2a243,1940-01-01T00:00:00Z,9,,,,,,,,,,,,,,,,,9BFAACF1-2785-45DD-AA44-42BB9D9AC334,http://www.ts.mu.edu/,,,,,,,,,,,,,,,,,,,,,,,ad0f25cc-4b0a-1a04-6b75-207f9b026b56,3,,,,,,
Q3656266,American Imago,journal,818262E7-8608-4D74-AD99-A3AC72E83399,Q30,5684f0c6e66933dafb26b3f932ab13cbeae7bccf,Q1201886,http://mjl.clarivate.com/publist_ah.pdf,,,,AC39846D-7A94-49D6-8D25-22AFA8E4DFF3,1752f26e09b84260808639ef5899e32a,1939-01-01T00:00:00Z,9,,,,,,,,,,,,,,,,,E6B03B4F-437E-4179-BA54-CFC7D81B1DC7,http://www.press.jhu.edu/journals/american_imago/index.html,,,,,,,,,,,,,,,,,,,,,,,d7948f61-4559-0da5-7989-034be6520bf1,3,,,,,,
Q38312865,New Directions for Philanthropic Fundraising,Scholarly journal,343e9f5d-4e8e-b549-608f-4ab3e323a93a,Q30,,,,,,,4ab9c0ee-464d-db36-4776-02839772bbf7,17c6f9268b93225c363698e76567a8af,1993-01-01T00:00:00Z,9,,,,,,,2498a9aa-4398-8a40-bb91-1876d89de9b1,e9fb92a10cba9810496dcd2069ca7a89,2005-01-01T00:00:00Z,9,,,,,,,,,,,,,,,,,,,,,,,,,,,,,,,a70a66f6-4aaf-7032-373b-bf0f102e7aae,3,,,,,,
Q389936,The American Historical Review,journal,B10308CD-D085-42C6-8EEF-D29B11E283F6,Q30,5684f0c6e66933dafb26b3f932ab13cbeae7bccf,Q1201886,http://mjl.clarivate.com/publist_ah.pdf,,,,C391F9DA-EDA5-40A6-A114-D55364B8707E,c3c614844ca46ea2139b6e293d8c7bf8,1895-01-01T00:00:00Z,9,,,,,,,,,,,,,,,,,3CE1A323-2665-43B2-9DBC-8DC00F755970,https://academic.oup.com/ahr,,,,,,,,,,,,,,,,,,,,,,,577600b6-4fc6-29c1-19d0-c234e4f7ddab,2.4,,,,,,
Q4041879,Journal of Biblical Literature,journal,06B6D199-37C6-4F6D-9C29-1EF8345C951A,Q30,5684f0c6e66933dafb26b3f932ab13cbeae7bccf,Q1201886,http://mjl.clarivate.com/publist_ah.pdf,,,,9E69848E-5BE3-4453-B3DE-D4BD6BEBF00C,832019413ee81f00f0bb24872b6a78e4,1881-01-01T00:00:00Z,9,,,,,,,,,,,,,,,,,4B07B9F4-FB00-47F0-AF21-FC6FFDFA4DD2,http://www.sbl-site.org/publications/journals_jbl_noLogin.aspx,,,,,,,,,,,,,,,,,,,,,,,87c300b1-4aa0-fc62-b5c2-4a926baeeab6,3,,,,,,
Q4041903,The Journal of Theological Studies,journal,31FB5433-128B-449D-A0C7-2CF42EF1B772,Q21,5684f0c6e66933dafb26b3f932ab13cbeae7bccf,Q1201886,http://mjl.clarivate.com/publist_ah.pdf,,,,4E2CA06A-C9AF-4B33-AB04-C8FF3F25F307,677cf0542df57a4ce5d6b64ca1caf7a6,1899-01-01T00:00:00Z,9,,,,,,,,,,,,,,,,,B3FFA2A7-AA31-47E7-B0E6-F936B8C462C1,http://jts.oxfordjournals.org/,,,,,,,,,,,,,,,,,,,,,,,55218f23-4ad8-c40b-1fd1-37f317577980,6,,,,,,
Q4051386,Theology Today,journal,C9D9F005-ED95-47A1-85AA-5DD340335578,Q30,5684f0c6e66933dafb26b3f932ab13cbeae7bccf,Q1201886,http://mjl.clarivate.com/publist_ah.pdf,,,,C81940D7-C3A1-44D7-9AC1-F3F855407840,8e7d50e2492cf05ea45ed8790c1f14a8,1944-01-01T00:00:00Z,9,,,,,,,,,,,,,,,,,2A1FF2DE-665B-4C41-9E2E-DE1BF877B153,http://ttj.sagepub.com,,,,,,,,,,,,,,,,,,,,,,,85acb938-4551-13ff-b9af-b5104d201b95,3,,,,,,
Q4903105,Bible Review,journal,F47D0A40-04F5-487D-8A2A-F1A2F55FC560,Q30,,,,,,,,,,,,,,,,,,,,,,,,,,,2CBA6650-CFF9-43E1-AD73-01CCD73BDD8B,http://www.bib-arch.org/bible-review.asp,,,,,,,,,,,,,,,9d0bf2bf-476c-8cc9-628d-0e48e6f45b71,Q98073452,,,,,,,718bb0c0-4a7a-5bf1-78bf-2a57ec7def52,2,,,,,,
Q4903261,Biblical Archaeology Review,American journal,F32B2B45-3031-4FF0-A6D2-FD3883D778C6,Q30,,,,,,,297268A9-4E4B-4976-8503-25EF6CBCE34B,32ab3709506ccd214afed95ad91cfa87,1975-01-01T00:00:00Z,9,,,,,,,,,,,,,,,,,2DA71483-4011-492C-A967-C522CFD54CF3,http://www.biblicalarchaeology.org/magazine/,,,,,,,a3c45754-4660-558f-ae8e-7377f920732d,Q98073452,,,,,,,,,,,,,,,5b2b11fc-414a-0203-3f0d-99740014ba36,2,,,,,,
Q4903264,Biblical Interpretation,journal,C88830CA-C0AA-4623-9BD7-F34AF15D9D14,Q55,5684f0c6e66933dafb26b3f932ab13cbeae7bccf,Q1201886,http://mjl.clarivate.com/publist_ah.pdf,,,,D096EC98-24AA-4C4A-9784-E4B3064B09B2,fe99489432ca5572b17f2bd94991f606,1993-01-01T00:00:00Z,9,,,,,,,,,,,,,,,,,F4A0D797-53C4-4536-AACD-CBC744E758B4,http://www.brill.com/biblical-interpretation-0,,,,,,,,,,,,,,,,,,,,,,,879553ed-485c-2cf3-ebd7-1693f0c2d877,2.4,,,,,,
Q4903269,Biblical Theology Bulletin,journal,c9642be6-4db4-d5a8-4276-6ca07e4837f0,Q21,,,,,,,B2E60311-9340-4ACA-B1D8-5AE5355BD725,0ef0fd4f844f312cea1b328a6a3c419c,1973-01-01T00:00:00Z,9,,,,,,,,,,,,,,,,,DF99414C-50FC-40F9-B8C4-FE4E18BDEC6C,http://www.sagepub.com/journalsProdDesc.nav?prodId=Journal201924,,,,,,,,,,,,,,,,,,,,,,,4e4057d7-45b8-fab1-c681-f782a8cb5eb5,3,,,,,,
Q4984286,Buddhist–Christian Studies,journal,B5111EA5-A424-4FE2-B0EF-80BBD8776DED,Q30,,,,,,,81AD2B62-DA65-4A23-9E4C-63E59AAE97E9,bcfd24be7ab6e038fc67a2bb23db518a,1981-01-01T00:00:00Z,9,,,,,,,,,,,,,,,,,1C6C3051-94C6-4316-AD4B-3F5A7E8232FE,http://www.uhpress.hawaii.edu/journals/bcs/,,,,,,,,,,,,,,,,,,,,,,,,,,,,,,
Q5024509,Calvin Theological Journal,journal,,,,,,,,,DD9451EB-3F28-4073-9DB6-6B39DD9E5DA0,c1d37939880882b68dda414079f95a5b,1966-01-01T00:00:00Z,9,,,,,,,,,,,,,,,,,7788E28D-4BA5-4554-9FE2-C0113F3090BB,http://www.calvinseminary.edu/pubs/journal.php,,,,,,,,,,,,,,,,,,,,,,,,,,,,,,
Q50426286,Estudos Teológicos,Academic journal,0c361603-4335-862f-7dd5-942651eca368,Q155,,,,,,,c4e23db9-48f6-62bc-2c1a-11dddc0d06c7,5e18c83c88166026dd5e577bb10cc628,1946-01-01T00:00:00Z,9,,,,,,,,,,,,,,,,,83a9a29d-4a01-6929-c233-818658fd80df,http://periodicos.est.edu.br/index.php/estudos_teologicos,,,,,,,,,,,,,,,,,,,,,,,e9541eb9-493e-7de6-ff18-03a477e76cf4,3,,,,,,
Q50426426,Estudos de Religião,"Academic journal published by Universidade Metodista de São Paulo , covering the subjects:  Philosophy. Psychology. Religion: Religions. Mythology. Rationalism: Religion (General) | Philosophy. Psychology. Religion: Religions. Mythology. Ra",,,,,,,,,,,,,,,,,,,,,,,,,,,,,,,,,,,,,,,,,,,,,,,,,,,,,,,,,,,,
Q50432461,Nederduitse Gereformeerde Teologiese Tydskrif,"Academic journal published by Stellenbosch University , covering the subjects:  Philosophy. Psychology. Religion: Religions. Mythology. Rationalism: Religion (General)",240fd27d-4398-1ac2-87f2-803461aca199,Q258,,,,,,,e5f2e159-469d-f51c-5bda-3ea21489b410,1f2f39b788827a68ca51882be5e66e8f,1959-01-01T00:00:00Z,9,,,,,,,,,,,,,,,,,,,,,,,,,,,,,,,,,39e5d22b-424a-ccd8-55e6-a9f8eda64999,Q39048954,,,,,,,,,,,,,,
Q50434867,XVII-XVIII,"Academic journal published by Société d'Etudes Anglo-Américaines des XVIIe et XVIIIe siècles , covering the subjects:  History (General) and history of Europe",,,,,,,,,5349b412-4c66-0034-7fbe-29569a7e82cb,32ab3709506ccd214afed95ad91cfa87,1975-01-01T00:00:00Z,9,,,,,,,,,,,,,,,,,,,,,,,,,,,,,,,,,,,,,,,,,,,,,,,,
Q50478535,The Covenant Quarterly,"Academic journal published by Covenant Publications , covering the subjects:  Philosophy. Psychology. Religion: Practical Theology",,,,,,,,,,,,,,,,,,,,,,,,,,,,,,,,,,,,,,,,,,,,,,,,,,,,,,,,,,,,
Q5053078,Catholic Biblical Quarterly,journal,58153FB5-0BBC-458E-B0B9-66B9B82E7403,Q30,5684f0c6e66933dafb26b3f932ab13cbeae7bccf,Q1201886,http://mjl.clarivate.com/publist_ah.pdf,,,,e64aab78-480e-b68c-6ec6-f4071dcd3d36,1752f26e09b84260808639ef5899e32a,1939-01-01T00:00:00Z,9,,,,,,,,,,,,,,,,,CBBC67B5-50C8-4C3A-B067-4670688D88D1,http://cba.cua.edu/CBQ.cfm,,,,,,,,,,,,,,,,,,,,,,,a99260fc-4250-8edb-a256-c0d64254756e,3,,,,,,
Q5061045,Central European History,journal,70390229-732B-485B-ADEF-E2F0512B4F65,Q30,5684f0c6e66933dafb26b3f932ab13cbeae7bccf,Q1201886,http://mjl.clarivate.com/publist_ah.pdf,,,,B0620C78-A813-4564-9FB1-045BB5D79871,7049a7dcbd73dd46c3241bbd38fdc279,1968-01-01T00:00:00Z,9,,,,,,,,,,,,,,,,,DD6FF84F-AA4F-4FCE-B24E-A0F1CF0AE7D7,http://journals.cambridge.org/action/displayJournal?jid=CCC,,,,,,,,,,,,,,,,,,,,,,,ad3865bc-4954-8527-04b2-8e541d5620fe,3,,,,,,
Q50814896,Studies in Christian-Jewish Relations,Academic journal,,,,,,,,,,,,,,,,,,,,,,,,,,,,,,,,,,,,,,,,,,,,,,,,,,,,,,,,,,,,
Q50815593,Journal of French and Francophone Philosophy,"Academic journal published by University Library System, University of Pittsburgh , covering the subjects:  Philosophy. Psychology. Religion: Philosophy (General)",,,,,,,,,,,,,,,,,,,,,,,,,,,,,,,,,,,,,,,,,,,,,,,,,,,,,,,,,,,,
Q50816836,Podium,"Academic journal published by Universidade Nove de Julho , covering the subjects:  Geography. Anthropology. Recreation: Recreation. Leisure: Sports",,,,,,,,,,,,,,,,,,,,,,,,,,,,,,,,,,,,,,,,,,,,,,,,,,,,,,,,,,,,
Q5123518,City and Community,journal,8cd9b033-4e8f-32dc-0f24-cc36c4b4fb82,Q30,,,,,,,17F511E2-0281-4720-8BC8-9E18E11DB200,f3a5d5bdf98dbcbdda1fb1e0860cbf97,2002-01-01T00:00:00Z,9,,,,,,,,,,,,,,,,,4AACF871-8114-4925-BC43-923C09F97319,http://onlinelibrary.wiley.com/journal/10.1111/(ISSN)1540-6040,,,,,,,,,,,,,,,,,,,,,,,37634f5f-4eed-cc27-9fc7-9e0e40054110,3,,,,,,
Q5158991,Concordia Theological Quarterly,journal,869a5033-45a0-73bf-66af-057b0e69756d,Q30,,,,,,,eb923397-4a4a-776f-0fac-099f98217a5f,560845b053d80d9ba30cc757808172fd,1938-01-01T00:00:00Z,9,,,,,,,,,,,,,,,,,850C21DB-9E7B-4AD9-86E8-BD3150805BEF,http://www.ctsfw.edu/ctq/,,,,,,,,,,,,,,,,,,,,,,,9673561b-4291-8bc5-e9a9-bc320b5c6e4e,3,,,,,,
Q5165005,Contemporary Sociology,journal,,,,,,,,,0B7E20FF-4C6C-47E1-90D3-F745889B9F2B,7b4c6855b4ab14f15bf69ce8c108b103,1972-01-01T00:00:00Z,9,,,,,,,,,,,,,,,,,6F5276E4-3E37-443A-B842-53C3A263FA5A,http://csx.sagepub.com/,,,,,,,,,,,,,,,,,,,,,,,e292fcc2-45c7-4213-2ae7-212fd90336ce,2,,,,,,
Q5188217,CrossCurrents,journal,E86F011D-2A4F-4AB1-9254-3E34BFDF0744,Q30,,,,,,,875F5691-4596-400E-9F9D-E9D7598E1128,b4fa61f72799e8827abcd9f3598ae24f,1950-01-01T00:00:00Z,9,,,,,,,,,,,,,,,,,297FEB0F-D92B-432D-822B-BD9792A82217,http://onlinelibrary.wiley.com/journal/10.1111/(ISSN)1939-3881,,,,,,,,,,,,,,,,,,,,,,,9952c9b6-4108-507d-3007-ed7cd3ce232b,3,,,,,,
Q5281463,DisciplesWorld,magazine,dc29e014-44b1-afed-ef70-bb6bca513bea,Q30,,,,,,,0ec543e7-427a-e004-a85e-1364734b1b9b,d52588577463d86ae0db06ee93765764,2002-01-01T00:00:00Z,9,,,,,,,6a5b46db-4705-a7ff-cbcc-c8d4a8874cb0,fc1d2395f6a4679c97b3b7f23f202c19,2009-01-01T00:00:00Z,9,,,,,,,,,,,,,,,,,,,,,,,,,,,,,,,6af3a988-4fa2-207e-4712-664e14a66d99,1,,,,,,
Q5382167,Ephemerides Theologicae Lovanienses,journal,F94D42E5-73F5-422D-8543-7305B17C136C,Q31,5684f0c6e66933dafb26b3f932ab13cbeae7bccf,Q1201886,http://mjl.clarivate.com/publist_ah.pdf,,,,D1E9491A-9878-4781-A8A7-856E79C52D11,3627803914739beed1ccc220ae984609,1924-01-01T00:00:00Z,9,,,,,,,,,,,,,,,,,BB1845FA-682A-4F4C-8E3A-859E9B329D2E,http://poj.peeters-leuven.be/content.php?url=journal&journal_code=ETL,,,,,,,,,,,,,,,,,,,,,,,50c1f221-4cea-d4e4-c13d-5680ca5eea09,3,,,,,,
Q53952460,Princeton Seminary Bulletin,journal,d32ea959-4d96-8d71-d311-4bc7473e8e94,Q30,,,,,,,e41a08d5-4afd-c671-83ac-0a11af4f59e7,f9d79ab4ac70f909254e14c46128a7e5,1907-01-01T00:00:00Z,9,,,,,,,035ac495-47cb-8b12-203e-e6f964f428fb,bf79b4a0ef5c9675e3340ced2c4949b7,2007-01-01T00:00:00Z,9,,,,,,,,,,,,,,,,,,,,,,,,,,,,,,,b83fa3f6-4c23-3b6a-6c40-b2173d0cc46f,4,,,,,,
Q5419149,Ex Auditu,journal,,,,,,,,,180C3E6D-384D-4AE3-B189-F20844FBDC91,1f23b2bc0ef387c3e4107011f0c0cbc8,1985-01-01T00:00:00Z,9,,,,,,,,,,,,,,,,,C71B2630-2043-4F1F-88FC-672E3B8AB544,http://wipfandstock.com/catalog/journal/view/id/12/,,,,,,,,,,,,,,,,,,,,,,,e70f4757-4831-41f0-1d17-015b087ac5d8,1,,,,,,
Q5421618,Expository Times,journal,53EE016D-42B9-48ED-94F5-A28B523DF667,Q21,5684f0c6e66933dafb26b3f932ab13cbeae7bccf,Q1201886,http://mjl.clarivate.com/publist_ah.pdf,,,,390C33F8-B3F4-4F2D-9F3B-15405D8BE57D,18e4e1df7fe6ec676c6decdf05142242,1889-01-01T00:00:00Z,9,,,,,,,,,,,,,,,,,96C29205-9DC5-4980-8C33-C2633049FE49,http://ext.sagepub.com/,,,,,,,,,,,,,,,,,,,,,,,befc6a9b-4836-7186-9d46-28fe2f07137b,1,,,,,,
Q5433232,Family Relations,journal,bdd2192a-400b-57de-f236-ba66b48c1341,Q30,,,,,,,34F3B0CA-6744-497D-9509-7430A9FEFDCD,14b375b63fff5d9b456c7e30d97bfea0,1952-01-01T00:00:00Z,9,,,,,,,,,,,,,,,,,B517D297-12E1-4002-9477-3EBECDC53D9D,http://www.wiley.com/bw/journal.asp?ref=0197-6664&site=1,,,,,,,,,,,,,,,,,,,,,,,59045d90-48b8-646c-db92-4d8d24cb2ab5,2.4,34ba63bd82942b20b4a6de1ed205cee96b164b3d,,https://www.ncfr.org/fr,2f48f0bbad5cb323d35c883d7a56a3d1,2020-07-07T00:00:00Z,11
Q5442855,Feminist Criminology,journal,a49cb850-438a-75ec-630f-329bcd23a41f,Q30,,,,,,,07063773-6C24-4055-B00F-2B166C7463A0,7dd12dc57400f2b2445ce9d0cb9a33f9,2006-01-01T00:00:00Z,9,,,,,,,,,,,,,,,,,FBE082C6-7048-4A60-A971-15BA3F42948A,http://fcx.sagepub.com/,,,,,,,,,,,,,,,,,,,,,,,3290055b-43a3-db24-e1dd-48a8db52f01b,3,,,,,,
Q5442869,Feminist Theology,journal,,,,,,,,,34745656-C88F-4734-8630-3FA6082E3544,516a86436b5c5bfb1781235e0e47c6d0,1992-01-01T00:00:00Z,9,,,,,,,,,,,,,,,,,836F2682-6470-4F38-9AE7-D360A3A7DD97,http://fth.sagepub.com/,,,,,,,,,,,,,,,,,,,,,,,,,,,,,,
Q5448899,Film & History,journal,def858b4-42e8-3091-e27f-2a378daf50ca,Q30,,,,,,,181F54A9-BACB-4DF2-8566-7ED6E2C048AD,83c52cb30077d8a1d6291a0fda65690f,1970-01-01T00:00:00Z,9,,,,,,,,,,,,,,,,,B051E670-923A-424C-A5F3-1F36E470F9D2,http://www.filmandhistory.org,,,,,,,,,,,,,,,,,,,,,,,9501991b-4293-17ce-5ba5-ed3bf040bd9e,6,,,,,,
Q5618698,Holocaust and Genocide Studies,international peer-reviewed academic journal,DF0ECDE9-E6A8-4993-8023-7977C76B3BC4,Q30,5684f0c6e66933dafb26b3f932ab13cbeae7bccf,Q1201886,http://mjl.clarivate.com/publist_ah.pdf,,,,EC5190EA-30AD-4B13-B37F-B64024D3BDF9,6dccefc30329336631fc882f30122e1b,1987-01-01T00:00:00Z,9,,,,,,,,,,,,,,,,,11F0AF87-F5EF-414F-B98A-1FD8602FBEA9,http://hgs.oxfordjournals.org/,,,,,,,,,,,,,,,,,,,,,,,089a1863-4941-7430-8e9a-315baf35ff2e,4,,,,,,
Q5676604,Harvard Theological Review,journal,2BD6B205-25F1-4D36-80BD-F6534312F5FA,Q30,5684f0c6e66933dafb26b3f932ab13cbeae7bccf,Q1201886,http://mjl.clarivate.com/publist_ah.pdf,,,,993280AE-90BE-44C6-82F7-93BA137127F2,904402f8b284f0adac982c1eee07cddb,1908-01-01T00:00:00Z,9,,,,,,,,,,,,,,,,,4C9362E7-0496-4D72-85FC-315FAF9441C2,http://www.hds.harvard.edu/faculty-research/research-publications/harvard-theological-review,,,,,,,,,,,,,,,,,,,,,,,,,,,,,,
Q57615071,Critical Research on Religion,journal,81c3bdf7-462f-2390-fc15-cc06ed0ca7d8,Q21,,,,,,,08c4d7a5-4380-a0f0-6b35-41351fd0d6ed,ac3f54d758c2b8d235d9d0e9fbf2f43a,2013-01-01T00:00:00Z,9,,,,,,,,,,,,,,,,,,,,,,,,,,,,,,,,,,,,,,,,,97fb9426-4f19-b843-9c37-20bdd4c54579,4,,,,,,
Q5957267,Hypatia: A Journal of Feminist Philosophy,journal,30A4E82E-EC6B-4EE2-BEA9-A3BFC2297E3A,Q30,5684f0c6e66933dafb26b3f932ab13cbeae7bccf,Q1201886,http://mjl.clarivate.com/publist_ah.pdf,,,,FAF77C53-9F4F-4882-ADAB-92CD0E13695A,b0b85edda40019fb5082aa68d172521b,1986-01-01T00:00:00Z,9,,,,,,,,,,,,,,,,,BA7B22F2-6615-4D97-BC6B-69C665B71F51,http://onlinelibrary.wiley.com/journal/10.1111/(ISSN)1527-2001,,,,,,,,,,,,,,,,,,,,,,,,,,,,,,
Q6005495,The Historian,journal,3D6F6BA0-09BD-468B-973B-0BF7F69051AB,Q30,5684f0c6e66933dafb26b3f932ab13cbeae7bccf,Q1201886,http://mjl.clarivate.com/publist_ah.pdf,,,,063D9086-4A0B-4CD8-93AD-D6B4786AE099,a9b32dbb0e4af9f17007ba63465bd40a,1938-01-01T00:00:00Z,9,,,,,,,,,,,,,,,,,217B9573-8B98-45A9-BB12-176C9FADF2E7,http://www.wiley.com/bw/journal.asp?ref=0018-2370,,,,,,,,,,,,,,,,,,,,,,,3d92bcb3-45ed-04a3-0416-d56ba3b7f13b,3,,,,,,
Q6056454,Interpretation,biblical studies journal,DD7205C9-491B-46BC-BD25-1510E547BB45,Q30,5684f0c6e66933dafb26b3f932ab13cbeae7bccf,Q1201886,http://mjl.clarivate.com/publist_ah.pdf,,,,51466188-0CA5-45A8-83BF-49544F937564,a6a1d7386e944e00c2f4862ae2b46585,1947-01-01T00:00:00Z,9,,,,,,,,,,,,,,,,,53AC6813-71C3-43E4-A3DB-8DF175FBE12B,http://www.sagepub.com/journals/Journal202041/title,,,,,,,65039344-48f6-fde0-a01b-b3221b8b6e88,Q96731705,,,,,,,,,,,,,,,15428707-416c-4dbf-5e42-312d1d89f52f,3,,,,,,
Q6071283,Irish Theological Quarterly,journal,634ee2f8-42eb-6e0a-8e6f-2ed13533db1b,Q21,,,,,,,9229AC92-5DF7-4BEB-A561-54F9A0BFDDFB,40ef80a62f13d2a27310c71d960a5878,1906-01-01T00:00:00Z,9,,,,,,,,,,,,,,,,,5D1CB53D-7739-41D9-8247-00677557D357,http://www.uk.sagepub.com/journals/Journal201847/title,,,,,,,,,,,,,,,,,,,,,,,64610f6c-4272-6fa7-08f8-9804d0aafe32,3,,,,,,
Q6087079,Proceedings of the American Philosophical Society,academic journal,658E9C5F-D8B5-4BB7-B6B9-29E169775F83,Q30,5684f0c6e66933dafb26b3f932ab13cbeae7bccf,Q1201886,http://mjl.clarivate.com/publist_ah.pdf,,,,7F6E14FE-418F-4F48-ADA0-6FD0EED7B7B9,851c9da190de5469522bda3b5362a012,1838-01-01T00:00:00Z,9,f1a764ec9c2f473174fafa6334c2e82bf2e93be0,Q172266,,,,,,,,,,,,,,,5F17D103-9D1D-423D-9FF6-246833DB9971,http://www.amphilsoc.org/publications/proceedings,,,,,,,,,,,,,,,,,,,,,,,,,,,,,,
Q62259203,Journal of Africana Religions,journal 2013-2016,ed9a5231-4c5d-37d8-e0cd-bca3da8a8d55,Q30,,,,,,,b4eb8db5-4c36-880f-fcd5-691cc2066818,ac3f54d758c2b8d235d9d0e9fbf2f43a,2013-01-01T00:00:00Z,9,,,,,,,,,,,,,,,,,fc35ad22-4e0c-d92e-9e8d-ade1c244debb,http://www.psupress.org/Journals/jnls_JAR.html,,,,,,,,,,,,,,,,,,,,,,,4c3d890c-4e12-d778-1408-2c065986c7e6,6,,,,,,
Q6294702,Journal for the Scientific Study of Religion,journal,0F09675F-03DA-45FC-90FC-9377368A0C8E,Q30,5684f0c6e66933dafb26b3f932ab13cbeae7bccf,Q1201886,http://mjl.clarivate.com/publist_ah.pdf,,,,90879412-7D45-49BE-86D6-6DE88079C132,e6dbb53b3153ef9c43691b1ad6f340e0,1961-01-01T00:00:00Z,9,,,,,,,,,,,,,,,,,4687BDA9-5D8A-4DD0-877D-BBD1A8061CB8,http://onlinelibrary.wiley.com/journal/10.1111/(ISSN)1468-5906,,,,,,,,,,,,,,,,,,,,,,,1b0d2957-4e63-f9d5-e7e4-ca1d3342894d,3,,,,,,
Q6294705,Journal for the Study of the Historical Jesus,journal,4a5b2652-44d2-4663-135f-1ca2c28c4cf7,Q55,,,,,,,9B70C82C-4B14-4E79-A958-F6FF0E9EF0B7,a0a4a9da1a6128cd6676e80edc95aeb5,2003-01-01T00:00:00Z,9,,,,,,,,,,,,,,,,,59A69B14-3908-4712-8D26-71C8A593A718,http://www.brill.com/journal-study-historical-jesus,,,,,,,,,,,,,,,,,,,,,,,ab5da384-4819-0693-add3-17a9e22e48c0,4,,,,,,
Q6294865,Journal of Black Studies,journal,a6845114-4643-4c55-7f30-289980ed6ef9,Q30,,,,,,,7A4CF18D-1F1D-483D-8099-E0AC0C0EC67A,83c52cb30077d8a1d6291a0fda65690f,1970-01-01T00:00:00Z,9,,,,,,,,,,,,,,,,,573AF579-CB42-4985-8E76-53FBC0893A64,http://jbs.sagepub.com/,,,,,,,,,,,,,,,,,,,,,,,,,,,,,,
Q6294876,Journal of British Studies,journal,483ED401-8EF3-4EF2-B9D1-838273FCBB8D,Q30,5684f0c6e66933dafb26b3f932ab13cbeae7bccf,Q1201886,http://mjl.clarivate.com/publist_ah.pdf,,,,6C1E74CE-2955-4B0F-A99D-881A36F17097,e6dbb53b3153ef9c43691b1ad6f340e0,1961-01-01T00:00:00Z,9,,,,,,,,,,,,,,,,,4C19ED2D-94AE-43F0-B5B3-7385FE434032,http://journals.cambridge.org/action/displayJournal?jid=JBR,,,,,,,16744490-4728-f7b2-ee7d-a9ee42f186d0,Q4712488,,,,,,,,,,,,,,,7125aec1-4d00-b287-00d3-0b624e51d939,3,,,,,,
Q6294950,Journal of Church and State,journal,0EA44749-23D3-4D3C-86E2-29D24089CBD0,Q30,5684f0c6e66933dafb26b3f932ab13cbeae7bccf,Q1201886,http://mjl.clarivate.com/publist_ah.pdf,,,,962CCA85-1DD9-48AA-9AB7-BB478E918A66,2c7ccbfdb3db390211bc25e6a4c4d3e4,1959-01-01T00:00:00Z,9,,,,,,,,,,,,,,,,,0E03A916-9383-42F2-9D80-48DB8487FA41,http://jcs.oxfordjournals.org/,,,,,,,,,,,,,,,,,,,,,,,a9bc688e-4ed3-ea1f-a36e-75816fd91ecd,3,,,,,,
Q6295487,Journal of Marriage and Family,journal,DCF61D05-27B1-4DDF-85F2-0D55E0CB54D0,Q30,,,,,,,DB020406-C76E-495B-9223-A9BD62C17F90,2bad192680bff977378c3adc96cb6fe6,1939-01-01T00:00:00Z,9,,,,,,,,,,,,,,,,,B1C24518-91E4-4399-B0B9-EEDE188E3779,http://onlinelibrary.wiley.com/journal/10.1111/(ISSN)1741-3737,,,,,,,,,,,,,,,,,,,,,,,967684d0-47f2-969d-3be1-86aec8242ea5,2.4,,,,,,
Q6295844,Journal of Religion & Health,journal,93638F62-3BD3-4874-B180-AC1B77A73E94,Q30,5684f0c6e66933dafb26b3f932ab13cbeae7bccf,Q1201886,http://mjl.clarivate.com/publist_ah.pdf,,,,95BB79B3-AA07-4571-A924-C894B3CC103B,e6dbb53b3153ef9c43691b1ad6f340e0,1961-01-01T00:00:00Z,9,,,,,,,,,,,,,,,,,BB6E822E-8973-4AC9-A155-38ABBEA24544,http://www.springer.com/public+health/journal/10943,,,,,,,,,,,,,,,,,,,,,,,4408474f-44cc-e12e-751c-30298540c265,3,,,,,,
Q6295853,Journal of Religious History,journal,1EDCD994-A16D-41AC-B3A3-6D2583D6924A,Q408,5684f0c6e66933dafb26b3f932ab13cbeae7bccf,Q1201886,http://mjl.clarivate.com/publist_ah.pdf,,,,6E84223B-5178-4456-80C8-E1CB3F17D7C6,2a07edda6356982940812f3bf70fd581,1960-01-01T00:00:00Z,9,,,,,,,,,,,,,,,,,E5186186-8354-4F90-A5E0-D38D98BA4F11,http://www.blackwellpublishing.com/journal.asp?ref=0022-4227,,,,,,,,,,,,,,,,,,,,,,,b13642d6-458a-f38b-9066-afebe5196d75,3,,,,,,
Q63871713,Journal of Pastoral Theology,academic journal,34d5fe32-4ec1-8d69-7f9b-4cd9e5d7abc2,Q21,,,,,,,4a51d93e-4646-84be-cb4d-230431a4a6f6,381f386d5f2303f296df7a0f1034b45e,1991-01-01T00:00:00Z,9,,,,,,,,,,,,,,,,,f5cb313c-459c-a422-d196-26bdc22b6b4c,https://www.tandfonline.com/toc/ypat20/current,,,,,,,,,,,,,,,,,,,,,,,c08a2a1a-447b-cb3b-9dbc-bd2daaf2778b,6,,,,,,
Q63871731,Liturgy,academic journal published by Taylor & Francis,239ab73e-4c19-2b7f-10a2-7a2d01d14081,Q30,,,,,,,0f0d06f9-4df4-e660-8adf-15768ba44fa5,e7a1cc0168f885d21f8cdcda10d1fb93,1956-01-01T00:00:00Z,9,,,,,,,,,,,,,,,,,,,,,,,,,,,,,,,,,,,,,,,,,dce34160-4742-7c0e-9467-c257952acfdb,3,,,,,,
Q63871802,The Review of Faith & International Affairs,academic journal published by Taylor & Francis,,,,,,,,,,,,,,,,,,,,,,,,,,,,,,,,,,,,,,,,,,,,,,,,,,,,,,,,,,,,
Q68836075,Social Problems,,,,,,,,,,,,,,,,,,,,,,,,,,,,,,,,,,,,,,,,,,,,,,,,,,,,,,,,,,,,,
Q6888731,Modern Language Quarterly,journal,62FDF3AE-E09A-4B82-9611-40A5B3345B78,Q30,5684f0c6e66933dafb26b3f932ab13cbeae7bccf,Q1201886,http://mjl.clarivate.com/publist_ah.pdf,,,,7081920F-BD7D-41C4-A2B0-CCBEA58936F7,77795234fa29db8e368e331463a2a243,1940-01-01T00:00:00Z,9,,,,,,,,,,,,,,,,,50B1FD76-2E15-4180-B007-FE959FC9E2DB,http://mlq.dukejournals.org/,,,,,,,,,,,,,,,,,,,,,,,907c1292-45eb-262d-c9a8-d7ed99228173,3,,,,,,
Q6888892,Modern Theology,journal,32F8CDD5-B0BE-4C72-92CB-49CA1F405F5F,Q30,5684f0c6e66933dafb26b3f932ab13cbeae7bccf,Q1201886,http://mjl.clarivate.com/publist_ah.pdf,,,,7D85530E-2B0E-457C-818C-FB024957A04D,f7019ace5f0b2605e1ff93af57cabb95,1984-01-01T00:00:00Z,9,,,,,,,,,,,,,,,,,14F3CDAF-F7DF-465D-B2DE-A581A76214F7,http://onlinelibrary.wiley.com/journal/10.1111/(ISSN)1468-0025,,,,,,,,,,,,,,,,,,,,,,,11410112-4701-4f24-01a5-ee9e3d688503,3,,,,,,
Q7186211,Philosophy East and West,journal,F3543395-E744-43EF-AAA7-D720AC9CDA0D,Q30,5684f0c6e66933dafb26b3f932ab13cbeae7bccf,Q1201886,http://mjl.clarivate.com/publist_ah.pdf,,,,9D42D0E2-3AA6-4F1E-AB67-7DC44436508D,d2286155bf180ae2a1a26480f81d9168,1951-01-01T00:00:00Z,9,,,,,,,,,,,,,,,,,55C055CD-CB50-47DC-809B-1F14B0064E3D,http://www.uhpress.hawaii.edu/journals/pew/,,,,,,,,,,,,,,,,,,,,,,,171b0b91-4e92-8166-0247-1e8935962192,3,,,,,,
Q7256326,Psychoanalysis and History,journal,2E914847-246C-464F-8D7D-54D34E6F815A,Q21,5684f0c6e66933dafb26b3f932ab13cbeae7bccf,Q1201886,http://mjl.clarivate.com/publist_ah.pdf,,,,22E23992-95A0-492C-884A-9592110299EE,6507b37009e074036cb6279ec2e50f73,1999-01-01T00:00:00Z,9,,,,,,,,,,,,,,,,,154E988D-4FF6-4AFA-BDCA-1937813A8C4B,http://www.euppublishing.com/journal/pah,,,,,,,,,,,,,,,,,,,,,,,336def3a-4b61-8e96-c255-4cb53dc70736,4,,,,,,
Q7307444,Reformation,journal,,,,,,,,,C5DB44D6-E62A-4C0A-A22F-98305922007D,e1f28dafe18efe99a187a348d0740ee4,1996-01-01T00:00:00Z,9,,,,,,,,,,,,,,,,,BD8F4E09-E6C8-4372-9DC4-A2007CA46ECE,http://www.maneyonline.com/loi/ref/,,,,,,,,,,,,,,,,,,,,,,,48b1581a-45ab-00f4-f606-631d1b3202ce,6,,,,,,
Q7311115,Religion,journal,F2FDA7EA-A5F8-4331-843B-CA463A6B18D0,Q21,5684f0c6e66933dafb26b3f932ab13cbeae7bccf,Q1201886,http://mjl.clarivate.com/publist_ah.pdf,,,,F6701904-4F3C-42D6-8D1D-D7B0BDABB8AB,917544e5fed4781dde070c9e3bf8c4ab,1971-01-01T00:00:00Z,9,,,,,,,,,,,,,,,,,6BF842F0-81B8-41BD-832C-F8C0DFC28621,http://www.tandfonline.com/rrel,,,,,,,,,,,,,,,,,,,,,,,f282c2f1-43c6-9cd2-2823-de99e3412c5c,3,,,,,,
Q7311312,Religious Studies Review,journal,61FF123F-59F1-4D7F-9BAF-AFE9C3707329,Q30,5684f0c6e66933dafb26b3f932ab13cbeae7bccf,Q1201886,http://mjl.clarivate.com/publist_ah.pdf,,,,195a531f-43ff-20a1-965b-ffc639ec0836,32ab3709506ccd214afed95ad91cfa87,1975-01-01T00:00:00Z,9,,,,,,,,,,,,,,,,,A7D41CC9-9472-4009-84E5-9E57251B6A66,http://onlinelibrary.wiley.com/journal/10.1111/%28ISSN%291748-0922,,,,,,,,,,,,,,,,,,,,,,,58fbedae-4a2f-48a4-fc72-90b44cc9c119,3,,,,,,
Q7437800,Scottish Journal of Theology,journal,5284AA61-5199-4F06-A3A9-4662ECA2F86D,Q22,5684f0c6e66933dafb26b3f932ab13cbeae7bccf,Q1201886,http://mjl.clarivate.com/publist_ah.pdf,,,,1B83B7D6-4405-4CB0-8391-4BC29EC2B997,ec8eae08c5ae82941e89496436677d0e,1948-01-01T00:00:00Z,9,,,,,,,,,,,,,,,,,B2F1919A-E54A-486C-BB88-7B1AB90D2092,http://www.ptsem.edu/sjt/,,,,,,,,,,,,,,,,,,,,,,,aee31188-43cd-beb3-8b20-6404c6336354,3,,,,,,
Q7500070,Shofar,scholarly journal,445BBB42-882C-4D90-8365-82D332EA5885,Q30,5684f0c6e66933dafb26b3f932ab13cbeae7bccf,Q1201886,http://mjl.clarivate.com/publist_ah.pdf,,,,F702DC73-018F-4D1C-9FFC-8C739C7167AC,abdaf37f1c0f594a5bc113514412315e,1982-01-01T00:00:00Z,9,,,,,,,,,,,,,,,,,C59FE9D6-9CCB-4CE8-ACA3-847A752431DA,http://www.thepress.purdue.edu/journals/shofar,,,,,,,,,,,,,,,,,,,,,,,5d8e3949-4793-1943-47a0-79ab9303c538,4,,,,,,
Q7550658,Social Forces,journal,,,,,,,,,4E6B2E9B-A593-40CD-A223-A958B65BCFF4,4088fa856796c76056bddcd1cf395fd2,1922-01-01T00:00:00Z,9,,,,,,,,,,,,,,,,,DA58E1F5-356F-4A6F-8CB6-9802B07BDF03,http://sf.oxfordjournals.org,,,,,,,,,,,,,,,,,,,,,,,,,,,,,,
Q7552806,Sociological Inquiry,journal,,,,,,,,,846FB55B-31A9-4631-B2E1-704158126A72,fe7293a3b8b4f0bddbd7246227b7fa32,1928-01-01T00:00:00Z,9,,,,,,,,,,,,,,,,,7006FE2C-322D-405D-895E-C24137AA19E8,http://onlinelibrary.wiley.com/journal/10.1111/(ISSN)1475-682X,,,,,,,,,,,,,,,,,,,,,,,5fc14879-467c-7d6b-1dc8-7dde99b19768,3,,,,,,
Q7578151,Spiritus,journal,B42E314D-27BF-4D9F-BCAE-F6907B362849,Q30,5684f0c6e66933dafb26b3f932ab13cbeae7bccf,Q1201886,http://mjl.clarivate.com/publist_ah.pdf,,,,A317680B-D5C7-4F10-8779-3B37E6654CAF,216f4f19c804fc50c737da9ae87494a9,2001-01-01T00:00:00Z,9,,,,,,,,,,,,,,,,,86B584BF-FC8B-4DC1-9CE6-CEA2B165951D,http://www.press.jhu.edu/journals/spiritus/,,,,,,,,,,,,,,,,,,,,,,,d46f17c7-4ee6-9364-608d-fadc0393f100,6,,,,,,
Q7628082,Studies in World Christianity,journal,BED8E452-E200-4E00-A90E-D16A0E976CF4,Q22,5684f0c6e66933dafb26b3f932ab13cbeae7bccf,Q1201886,http://mjl.clarivate.com/publist_ah.pdf,,,,73BA315B-018C-4908-9BCC-56A03178E55F,f173a4bbb6ef13fa3fae7f68209fe5b3,1995-01-01T00:00:00Z,9,,,,,,,,,,,,,,,,,262B704F-0790-4872-AE2F-A4EE191E7555,http://www.eupjournals.com/journal/swc,,,,,,,,,,,,,,,,,,,,,,,,,,,,,,
Q7718432,The Black Scholar,journal,325DEDE5-7105-4250-8095-DBB04A3F854B,Q145,,,,,,,87660825-5B8A-4F35-B4A8-CE18FFE69A8F,a6d3d3f909eac633ff4d2b6dcb3390f8,1969-01-01T00:00:00Z,9,,,,,,,,,,,,,,,,,71D36669-AF35-4349-925D-8011EBBAB95B,http://www.theblackscholar.org/,,,,,,,,,,,,,,,,,,,,,,,1a134adf-4a9d-7637-1d5e-c4fc68fd4d3f,3,,,,,,
Q7743575,The Journal of Ecclesiastical History,journal,E4719A97-6D00-4BB5-B604-A01DB2B27971,Q21,5684f0c6e66933dafb26b3f932ab13cbeae7bccf,Q1201886,http://mjl.clarivate.com/publist_ah.pdf,,,,7D5C6FB4-296F-4EA6-AB8B-B3C4E0CA40FD,b4fa61f72799e8827abcd9f3598ae24f,1950-01-01T00:00:00Z,9,,,,,,,,,,,,,,,,,63B7D266-8877-4B01-B44B-361A1B0B4A6A,http://www.journals.cambridge.org/ech,,,,,,,,,,,,,,,,,,,,,,,89f16127-4484-1080-0725-c42ffff0fd97,3,,,,,,
Q7743622,The Journal of Religion,journal,1048E24D-58C8-477E-B495-02EA56B56A33,Q30,5684f0c6e66933dafb26b3f932ab13cbeae7bccf,Q1201886,http://mjl.clarivate.com/publist_ah.pdf,,,,C2A9FEC3-6985-4B2B-A42D-0C0ECADD092C,3078b7c2920dc4008df72ea2effb3c8b,1882-01-01T00:00:00Z,9,,,,,,,,,,,,,,,,,888815F6-873D-4C34-8D6D-3D75D0EC471B,http://www.journals.uchicago.edu/jr,,,,,,,,,,,,,,,,,,,,,,,6ecefde6-4db5-1f62-77b2-8d20040f8360,3,,,,,,
Q7899842,Urban Affairs Review,journal,386e2b90-4921-b752-2a6f-88acf9e55c68,Q30,,,,,,,608668ad-45bb-077a-5c83-53ca16b1b70a,11be56eabd530095ce0bf39d2564d4a0,1965-01-01T00:00:00Z,9,,,,,,,,,,,,,,,,,FAAEF0AE-2683-4C7B-B094-9327195B053E,http://uar.sagepub.com/,,,,,,,,,,,,,,,,,,,,,,,a7f0e3c1-48d7-f843-bebf-6a75a4ebbc55,2,,,,,,
Q7989227,Westminster Theological Journal,journal,2D3AC750-1283-4952-B6E2-11051790E74D,Q30,,,,,,,654A15E7-40C6-4C19-87A8-4570E47D838F,a9b32dbb0e4af9f17007ba63465bd40a,1938-01-01T00:00:00Z,9,,,,,,,,,,,,,,,,,2551AC02-E274-42B0-9B87-1EA3B56087F5,http://www.wts.edu/publications/wtj/,,,,,,,,,,,,,,,,,,,,,,,5fe68654-4736-9e33-1e4b-cfd71e292776,6,,,,,,
Q8075881,Zygon,journal,7E1E5B86-A0BC-4571-8E4B-1FD31F6F2AE7,Q30,5684f0c6e66933dafb26b3f932ab13cbeae7bccf,Q1201886,http://mjl.clarivate.com/publist_ah.pdf,,,,A1F09239-D7DD-4CA9-8D52-9D0C1DE26FE4,c1d37939880882b68dda414079f95a5b,1966-01-01T00:00:00Z,9,,,,,,,,,,,,,,,,,4320A79F-9B65-4F5B-A525-FF966053E594,http://www.zygonjournal.org/,,,,,,,,,,,,,,,,,,,,,,,,,,,,,,
Q88977207,"Women, Gender, and Families of Color",University of Illinois Press,599103a6-4dea-d9e3-5ddd-88c43aaaab78,Q30,,,,,,,,,,,,,,,,,,,,,,,,,,,,,,,,,,,,,,,,,,,,,,,,,,,b03dd52c-427c-1df2-307a-82c02496c299,6,,,,,,
Q91678397,Journal of theology,Academic journal,,,,,,,,,62d27d3b-4fed-2483-5224-324abf62f0f3,7f49e2a32a9edc46cf5a8602a5d640c2,1987-01-01T00:00:00Z,9,,,,,,,bc55a5a8-437c-3a7a-c180-5ff2b02b534d,bf79b4a0ef5c9675e3340ced2c4949b7,2007-01-01T00:00:00Z,9,,,,,,,,,,,,,,,d6d654aa-4227-992f-9fe4-f6c85224655a,Q93644220,,,,,,,,,,,,,,,c7b06a86-4949-bcb7-f6f7-b839c2284e97,1,,,,,,
Q93433869,Reflective Practice: Formation and Supervision in Ministry,scholarly journal,c87e2b13-45eb-ce7b-4b30-cf0bae87c34c,Q30,,,,,,,,,,,,,,,,,,,,,,,,,,,c39f89b0-4a78-648f-3f16-274edd6fba25,https://journals.sfu.ca/rpfs/index.php/rpfs,,,,,,,892683a0-402f-4801-a278-82f631f0d0ff,Q98608890,,,,,,,,,,,,,,,59690d54-49c6-f37a-2d89-7eb189720697,1,,,,,,
Q96320826,Hugoye : journal of Syriac studies,,de5f8087-4f69-95c1-f320-434e5901447a,Q30,,,,,,,,,,,,,,,,,,,,,,,,,,,d00604c6-4226-5c70-3e56-f443423ca173,https://hugoye.bethmardutho.org/index.html,,,,,,,,,,,,,,,,,,,,,,,26ad7fe9-4c60-8616-798a-02b19586051e,6,,,,,,
Q96320924,"Race, Gender & Class: an interdisciplinary journal",,6815c7c2-4dfe-0e46-41f4-131ecd5b084e,Q30,,,,,,,365839b0-466d-0640-47f5-4e413b6991b9,17c6f9268b93225c363698e76567a8af,1993-01-01T00:00:00Z,9,,,,,,,,,,,,,,,,,,,,,,,,,,,,,,,,,,,,,,,,,b750eac1-4be0-3220-ee2f-28c9b263d738,3,,,,,,
Q96329202,Journal of Religion and Abuse,,e94160ad-4294-4b5a-fce8-7fcb3fa1fdcf,Q30,,,,,,,13a1712d-47be-acc8-25e0-34c0fe82e1bf,2b3197a343b1554b824b915aa6ffd70f,1999-01-01T00:00:00Z,9,,,,,,,965e63ac-43dd-b730-3993-1d219f292020,ce90feaacda74eb7f8326b25fb625c6d,2008-01-01T00:00:00Z,9,,,,,,,,,,,,,,,,,,,,,,,,,,,,,,,8ed6ec8c-49ac-a104-87a6-f43c949a47e1,3,,,,,,
Q96658010,Reformed Worship,scholarly journal,2ad2770c-4bd3-5b71-d013-f3c094ddf9fc,Q30,,,,,,,23c544e1-41e6-65dd-6db4-79d25496a6d9,b0b85edda40019fb5082aa68d172521b,1986-01-01T00:00:00Z,9,,,,,,,,,,,,,,,,,,,,,,,,,,,,,,,,,,,,,,,,,76ea54ec-410d-8d2c-99e5-93ce3493b1e5,3,,,,,,
Q96710822,International Journal of Applied Sociology,academic journal,e6a69f9b-478e-b47c-12df-99468546f818,Q30,,,,,,,9bb4a507-4480-6bea-49a0-9c95e51534d3,19fb1e607fb895edac44d92bd9141272,2011-01-01T00:00:00Z,9,,,,,,,,,,,,,,,,,6095ca3d-4593-9aa7-899f-35e56d597b1b,http://www.sapub.org/journal/aimsandscope.aspx?journalid=1116,,,,,,,,,,,,,,,,,,,,,,,4b8e3771-4a7c-cbdf-b655-eec4f0a2faad,6,,,,,,
Q96720788,Kalfou,scholar journal,e6ceef5c-4117-9921-4fcf-eb34d9e85f65,Q30,,,,,,,527d3475-4acc-f806-df36-c63b1a4f6350,4f272fae38ee73a331afd0407cdc74b9,2010-01-01T00:00:00Z,9,,,,,,,,,,,,,,,,,8ad7627a-483d-e869-5608-b96d0ac143b1,https://tupjournals.temple.edu/index.php/kalfou/,,,,,,,,,,,,,,,,,,,,,,,4d27428f-4530-d3d6-d3b2-933c53762310,6,,,,,,
Q96721542,Kirche und Israel,scholarly journal,,,,,,,,,c3945fdd-46e3-4383-d2ea-8ae4ec1e0200,b0b85edda40019fb5082aa68d172521b,1986-01-01T00:00:00Z,9,,,,,,,,,,,,,,,,,,,,,,,,,,,,,,,,,,,,,,,,,6721ac4e-4d62-1194-72ee-35226ac3c6a1,6,,,,,,
Q96722512,Korean Journal of Christian Counseling,academic journal,bd179ab0-402e-54d7-3bc2-d73925e6d2c1,Q884,,,,,,,659ecfe3-4329-b105-b80f-d9ba906a138d,6928b7cd3a8b4aff7d73814a5a8f2359,2000-01-01T00:00:00Z,9,,,,,,,,,,,,,,,,,,,,,,,,,,,,,,,,,,,,,,,,,1b682dd9-421c-77fd-274d-452e7c65833d,3,,,,,,
Q96729370,Melilah Manchester Journal of Jewish Studies (1759-1953),academic journal,a8186e53-40d9-8745-0607-3a5d883a35ca,Q21,,,,,,,0e28e513-41e5-67a5-21a0-4368dde0455c,d856dc41cd8b187e580caec258ead625,2004-01-01T00:00:00Z,9,,,,,,,,,,,,,,,,,b9f47d9d-4dbe-82af-2b16-c10c2442c1b1,http://www.melilahjournal.org/,,,,,,,,,,,,,,,,,,,,,,,,,,,,,,
Q96747411,Faith and Freedom,scholarly journal,7d875420-4918-f134-4603-e78e75fa19bd,Q145,,,,,,,08189232-43c3-9bba-6a56-66c4593f269b,60099f1613b21721bdc66dbd17b5a123,1947-01-01T00:00:00Z,9,,,,,,,,,,,,,,,,,c39a60eb-497b-612a-2419-4ccf2b1af91e,http://www.faithandfreedom.org.uk,,,,,,,,,,,,,,,,,,,,,,,46f38d46-43b9-241c-9b06-ce065ea3f1d6,6,,,,,,
Q96748292,Word & Witness,scholarly journal,b68e5180-4854-556b-6cc8-b95ce5c9ab96,Q30,,,,,,,f8e38144-4d39-a006-db90-4b1fbdc6a977,171d2c487ac48da27ee021e7ad3597fe,1976-01-01T00:00:00Z,9,,,,,,,,,,,,,,,,,,,,,,,,,,,,,,,,,,,,,,,,,f11c2173-4124-9de1-890e-d1c94f9d2b7f,2,,,,,,
Q96748674,Family and Community Ministries: Empowering through Faith,scholarly journal,0b5476a1-4dfd-a2a2-b87e-f21dab7f2287,Q30,,,,,,,6a8dcf94-4bb5-93b5-14a6-598c26394f3e,7f49e2a32a9edc46cf5a8602a5d640c2,1987-01-01T00:00:00Z,9,,,,,,,,,,,,,,,,,,,,,,,,,,,,,,,,,,,,,,,,,3c620011-4433-1f0e-d61a-c28fe25d769e,6,,,,,,
Q96748958,Insights,scholarly journal,8a6b9e65-4dd4-10b2-1afc-82874a1837ba,Q30,,,,,,,0ec5ddb2-4f93-6310-a993-7838fffb5ca7,b12b6c150efb38264dae90bea52dbd47,1934-01-01T00:00:00Z,9,,,,,,,,,,,,,,,,,b84ea9bc-43c8-ffbe-dc45-4142f62d1a58,https://www.austinseminary.edu/resources/publications,,,,,,,,,,,,,,,,,,,,,,,41fafb36-46db-3016-2ede-e9d5a0c0ca18,6,,,,,,
Q96757401,Journal of Family Ministry,scholarly journal,19646bc4-485e-8c38-622d-a56e63c2748c,Q30,,,,,,,375613e2-4b38-0461-725c-923245cedd0e,4f272fae38ee73a331afd0407cdc74b9,2010-01-01T00:00:00Z,9,,,,,,,,,,,,,,,,,91cdddf4-4f94-7b8f-0875-b547c7f80492,http://www.sbts.edu/family/journal/,,,,,,,,,,,,,,,,,,,,,,,d7adf712-48f7-3c89-6f07-992123d1a87f,6,,,,,,
Q96758104,The African American Pulpit,scholarly journal,0f3d8ffc-407c-0559-9957-af271320a5bc,Q30,,,,,,,a143c113-49e6-007f-9db5-0e0062d49993,7eca85bb7139467b8a00957d652cc79c,1997-01-01T00:00:00Z,9,,,,,,,,,,,,,,,,,15abd69d-4fba-368c-aa2b-6fe3cbe1b0f7,http://www.theafricanamericanpulpit.com/,,,,,,,,,,,,,,,,,,,,,,,39302151-408e-9b20-e18e-552d26dd7446,3,,,,,,
Q96758245,Biblical Preaching Journal,scholarly journal,4737f85e-4ab5-272e-a04b-e336ba387a64,Q30,,,,,,,ac61e568-4099-1cbd-ce86-5857f63349e7,764eb9a11460dd8f6b5956f3f77f2129,1988-01-01T00:00:00Z,9,,,,,,,,,,,,,,,,,,,,,,,,,,,,,,,,,,,,,,,,,5653be07-44b6-d98d-2b9f-bef35ab28cd0,3,,,,,,
Q96758266,Consensus: a Canadian Lutheran journal of theology,scholarly journal,6ab3f3ff-4761-b159-a252-1307365abe0a,Q16,,,,,,,61b78b25-46ab-286b-b1ab-8390dfbacf4c,32ab3709506ccd214afed95ad91cfa87,1975-01-01T00:00:00Z,9,,,,,,,,,,,,,,,,,,,,,,,,,,,,,,,,,,,,,,,,,8b98274a-4f54-233e-130d-6539ab71f8e7,3,,,,,,
Q96758670,philoSOPHIA,scholarly journal,de6f6a3f-4864-6994-895a-b49838cde00d,Q30,,,,,,,c2193757-4579-8350-84b0-de2058323183,4f272fae38ee73a331afd0407cdc74b9,2010-01-01T00:00:00Z,9,,,,,,,,,,,,,,,,,fd0b2042-4de5-3dde-a235-974add0f34f3,http://www.sunypress.edu/p-5224-philosophia-biannual.aspx,,,,,,,,,,,,,,,,,,,,,,,b88c3f25-493a-62a9-3ff5-129d68cb3a5e,6,,,,,,
Q96775368,The North Star,scholarly journal,,,,,,,,,7b1b9a95-4cda-85b0-91cb-022428cfb10e,7eca85bb7139467b8a00957d652cc79c,1997-01-01T00:00:00Z,9,,,,,,,,,,,,,,,,,,,,,,,,,,,,,,,,,,,,,,,,,2d3cbcaf-4e82-2e7f-c94f-c0bb1e059721,6,,,,,,
Q96915055,Society of Biblical Literature Seminar Papers,academic journal,0e9aeed5-45bb-58d0-1ceb-3d427e8c4e76,Q30,,,,,,,ffd392c9-48d0-914f-52e6-03b3124fc0e6,29c6f6c518f8f58997859b2c0ca32ae3,1973-01-01T00:00:00Z,9,,,,,,,e11e165f-477c-08c6-21dc-3a6f60c78000,d08540251db5f4703c45d338e4657af7,2003-01-01T00:00:00Z,9,,,,,,,,,,,,,,,,,,,,,,,,,,,,,,,5d08ff80-4f12-f29c-3771-794942989c8d,1,,,,,,
Q97013797,Kentucky Journal of Anthropology and Sociology,scholarly journal,2f896d1f-4dd6-f437-ecf6-eecee08a3aa2,Q30,,,,,,,e342615d-4750-603e-770b-ec50f3aae8dd,4f272fae38ee73a331afd0407cdc74b9,2010-01-01T00:00:00Z,9,,,,,,,,,,,,,,,,,,,,,,,,,,,,,,,,,6b40852c-4100-666a-0468-3feb37a9960b,Q97320699,,,,,,,57c62d0e-4f37-f2b9-86c4-f5493268e4e6,6,,,,,,
Q97038484,Cityscape: A Journal of Policy Development and Research,scholarly journal,6a0f01f4-4a13-6a7e-0493-d52b9e281dfb,Q30,,,,,,,,,,,,,,,,,,,,,,,,,,,c0c5fd36-42a1-bba0-0703-bc99515d8f11,https://www.huduser.gov/portal/periodicals/cityscape.html,,,,,,,,,,,,,,,,,,,,,,,b17e16c0-47bc-a9b4-3b46-ac19d389d958,4,,,,,,
Q97069556,Journal of Interreligious Studies,scholarly journal,1bbf2b76-4093-7743-6ded-320a14c617c6,Q30,,,,,,,,,,,,,,,,,,,,,,,,,,,96b05c44-4502-ac19-4174-fada657848f3,https://irstudies.org/index.php/jirs,,,,,,,,,,,,,,,,,,,,,,,,,,,,,,
Q97102835,The Hymn: a journal of congregational song,scholarly journal,8e887298-475f-e8cb-acf8-d01b79055052,Q30,,,,,,,3c459591-455c-52eb-c3a0-83ce2fd65fce,8c394bf125fae01c9c966e4eaed44e46,1949-01-01T00:00:00Z,9,,,,,,,,,,,,,,,,,,,,,,,,,,,,,,,,,,,,,,,,,cd9e9dc1-46e3-1d47-24f1-994f306a75e3,3,,,,,,
Q97321411,Doxology: A Journal of Worship,scholarly journal,d7ac3e9f-40d7-5ca3-669a-cdddee5783f0,Q30,,,,,,,84099836-4a90-e735-58b7-2d7ffb9874fa,eb0a73e8075db328523be97d99b44c4d,1984-01-01T00:00:00Z,9,,,,,,,,,,,,,,,,,,,,,,,,,,,,,,,,,,,,,,,,,85db4007-4e91-936a-44da-5a923871a7dd,12,,,,,,
Q97323392,Gathering Magazine,church resources,c763db71-458e-4e0f-709f-be1951598e7e,Q16,,,,,,,,,,,,,,,,,,,,,,,,,,,,,,,,,,,,,,,,,,,,,,,,,,,,,,,,,,
Q97326077,Theological Educator,scholarly journal,9e178958-4690-7ada-5a9d-e2ca4cc92e00,Q30,,,,,,,29b413d3-49fa-bfda-cb00-f755326c3cb5,23a11f433153417fd4e9f924c08d94c5,1968-01-01T00:00:00Z,9,,,,,,,a4ed2712-46ef-367c-7dce-7ca1f4638bf6,566896ed1bc98ce4ec8a459edd4d836a,1998-01-01T00:00:00Z,9,,,,,,,,,,,,,,,,,,,,,,,,,,,,,,,693439a3-4785-1cb7-e07a-f106f24ff614,6,,,,,,
Q97361256,Bulletin of the Institute for Reformed Theology,scholarly journal,33eb5fc6-48f0-ed61-1681-0c85eac6c951,Q30,,,,,,,,,,,,,,,,,,,,,,,,,,,,,,,,,,,,,,,,,,,,,,,,,,,,,,,,,,
Q97362481,The Spire,scholarly journal,c28a8780-4ab7-f9ed-ea5a-325a16819e59,Q30,,,,,,,dd8bb1f0-444f-1005-6bf5-4048680834f6,32ab3709506ccd214afed95ad91cfa87,1975-01-01T00:00:00Z,9,,,,,,,8c9e35b6-4335-5f78-6cff-b82f3c899d06,fc1d2395f6a4679c97b3b7f23f202c19,2009-01-01T00:00:00Z,9,,,,,,,,,,,,,,,,,,,,,,,,,,,,,,,,,,,,,,
Q97388791,Lutheran Women Today,magazine,eac35e9a-4d09-4f69-a786-55e4eb2f2def,Q30,,,,,,,e3467500-4af5-b121-ab8a-5637f1a545fc,764eb9a11460dd8f6b5956f3f77f2129,1988-01-01T00:00:00Z,9,,,,,,,586dcce0-497a-cfa0-2064-ccdbac7f3fc8,19fb1e607fb895edac44d92bd9141272,2011-01-01T00:00:00Z,9,,,,,,,,,,,,,,,,,,,,,,,602d046e-44bd-bccd-1111-f7b08fc4214e,Q97388783,,,,,,,,,,,,,,
Q97389745,Making Christ Known,magazine,f1325941-4659-6c43-bcba-0a57e2f3b660,Q30,,,,,,,,,,,,,,,,,,,,,,,,,,,,,,,,,,,,,,,,,,,,,,,,,,,,,,,,,,
Q97393882,Sightings,online publication by the University of Chicago Divinity School,73eb4695-463f-6ebb-6bc0-ebb22d611320,Q30,,,,,,,,,,,,,,,,,,,,,,,,,,,f0e87d85-4987-c716-c5c6-66ad894cb514,https://divinity.uchicago.edu/sightings,,,,,,,,,,,,,,,,,,,,,,,,,,,,,,
Q97395520,"Journal of Race, Ethnicity, and Religion",scholarly journal,,,,,,,,,aae71aa5-492e-42b2-abfa-10c1dec34d7f,4f272fae38ee73a331afd0407cdc74b9,2010-01-01T00:00:00Z,9,,,,,,,,,,,,,,,,,2cfe7569-4fcb-6448-8c7e-72f21c641213,https://raceandreligion.com/JRER/JRER.html,,,,,,,,,,,,,,,,,,,,,,,5bbd5104-4f72-2bb3-48e7-297b6a3373bd,1,,,,,,
Q97397804,Journal of Unitarian Universalist History,scholarly journal,,,,,,,,,36774c72-43d3-25f8-8389-cfc52502809f,7eca85bb7139467b8a00957d652cc79c,1997-01-01T00:00:00Z,9,,,,,,,,,,,,,,,,,5df35e5c-4237-0cdd-7fe1-aac51c9d74ba,http://uuhhs.org/journal-of-uu-history/,,,,,,,,,,,,,,,,,,,,,,,b4c31432-4f62-8f1c-a3eb-0a9ccb534485,12,,,,,,
Q97446840,Acme: annali della Facolta di Lettere e Filosofia dell'Universita degli Studi di Milano,scholarly journal,6def5ed8-4075-a066-f75d-ccedb9b3b952,Q38,,,,,,,f2c9478c-48e0-5612-ac4a-a25eff2f54a2,0ecbd14f5b2cd15fd35893b8feb3175a,1948-01-01T00:00:00Z,9,,,,,,,,,,,,,,,,,14b428b9-429a-973c-c23f-991d31819123,https://riviste.unimi.it/index.php/ACME,,,,,,,,,,,,,,,,,,,,,,,551d1372-40c7-2ff0-546f-c5c4361c4314,4,,,,,,
Q97450170,Lectionary Homiletics,church magazine,dace17d1-459a-f3e7-a0d4-87f5e20d18e5,Q30,,,,,,,c95c0fd0-4d0b-8c4f-d59d-162e58809f72,9930877c43e09a3dd26a2b4a0d5aa9c8,1989-01-01T00:00:00Z,9,,,,,,,,,,,,,,,,,,,,,,,,,,,,,,,,,198d27aa-4b6a-89ee-dc58-61496b469856,Q97450829,,,,,,,963cf2ae-473a-6146-e474-8ecc307bcb13,2,,,,,,
Q97579679,Black Renaissance,scholarly journal,b569e37f-4bc0-c796-bb37-d5774d7de736,Q30,,,,,,,bbcdfb6f-4558-5add-3d54-1c864a0caf6b,d49b98a030ea836c922381a07d3a55a5,1996-01-01T00:00:00Z,9,,,,,,,,,,,,,,,,,041c53ff-488d-2915-ecb4-d7cbcfb1a9d3,https://nyubrn.org/,,,,,,,,,,,,,,,,,,,,,,,f1c9d0c9-460a-21ba-125f-c7695ed9625b,4,,,,,,
Q97580025,Religious Studies News,journal,27dc5311-4c9f-0de3-5356-3a76721579c8,Q30,,,,,,,656c754e-40d4-082b-5bcf-55e3cb48a278,764eb9a11460dd8f6b5956f3f77f2129,1988-01-01T00:00:00Z,9,,,,,,,,,,,,,,,,,d4a33912-4e0b-d393-ff73-17a915a4ad9d,https://rsn.aarweb.org/,,,,,,,,,,,,,,,96dea976-4ec5-2e8e-5c1b-24502925639b,Q15816920,,,,,,,8eda30a8-4a69-cca1-3072-886c16eb7343,3,,,,,,
Q97581053,The African American Lectionary,online magazine,af48c2d2-4c38-ef46-2148-6305cddc75c9,Q30,,,,,,,41ce33b3-44e4-2047-f4d4-1620313fc05b,bf79b4a0ef5c9675e3340ced2c4949b7,2007-01-01T00:00:00Z,9,,,,,,,cf9df92b-4e2b-6e45-bb08-d45c8dfa8828,ac3f54d758c2b8d235d9d0e9fbf2f43a,2013-01-01T00:00:00Z,9,,,,,,,a6eb0937-436d-fb16-7128-baf4bbaea474,http://www.theafricanamericanlectionary.org/about.asp,,,,,,,,,,,,,,,,,,,,,,,,,,,,,,
Q97581124,Spotlight on Teaching,Supplement of Religious Studies News,,,,,,,,,,,,,,,,,,,,,,,,,,,,,34558b8e-4420-7c4b-3bbd-3f6854d2a52d,https://rsn.aarweb.org/spotlight-on/teaching,,,,,,,,,,,,,,,,,,,,,,,36cfad93-4e7e-21fa-1711-80ece50b816a,6,,,,,,
Q97584442,Clio's Psyche,scholarly journal,d0e77a06-40dd-ee85-0e93-d766db7e34c1,Q30,,,,,,,561273fe-4dde-4c95-220d-d45ee0193297,6d4a0c802fc82784e8c8bc0e977700ec,1994-01-01T00:00:00Z,9,,,,,,,,,,,,,,,,,,,,,,,,,,,,,,,,,,,,,,,,,f9e1f698-4cfc-ae41-1dcf-e417ea8262d7,3,,,,,,
Q97584635,Faultline,scholarly journal,57c0e876-4854-83e1-d105-1a475678845c,Q30,,,,,,,948e7a15-4fb0-5cd8-e581-2a05c2f31f30,b7d2f0cd6078582b7912deb83efe6450,1992-01-01T00:00:00Z,9,,,,,,,,,,,,,,,,,,,,,,,,,,,,,,,,,,,,,,,,,,,,,,,,
Q97600243,Papers of the Nineteenth Century Theology Group : AAR 1986 annual meeting,conference papers and proceedings,,,,,,,,,,,,,,,,,,,,,,,,,,,,,,,,,,,,,,,,,,,,,,,,,,,,,,,,,,,,
Q97622700,Critical Review of Books in Religion,scholarly journal,a7b3ee90-4bab-3175-bcf6-2a57da82dc9b,Q30,,,,,,,116caa85-41d6-d238-b093-507e4ccccbc2,764eb9a11460dd8f6b5956f3f77f2129,1988-01-01T00:00:00Z,9,,,,,,,08c2d8dd-4a21-837d-8d46-17530c1ec286,566896ed1bc98ce4ec8a459edd4d836a,1998-01-01T00:00:00Z,9,,,,,,,,,,,,,,,,,,,,,,,,,,,,,,,,,,,,,,
Q97725240,Annals of Scholarship,scholarly journal,6edeb2df-4334-574b-c57f-b42391c48558,Q30,,,,,,,2e5d07ea-4ec6-34b5-23be-ed5b008f8f75,ef979b8df4f4f2ae359ed26952114819,1980-01-01T00:00:00Z,9,,,,,,,,,,,,,,,,,,,,,,,,,,,,,,,,,,,,,,,,,dc2845f1-4f46-a92c-c0fd-f09a745ea5e6,3,,,,,,
Q97725638,Religion and Culture Web Forum,scholarly journal,b5409448-445b-8f21-61d5-76d2503ae875,Q30,,,,,,,e68429c9-4fe3-375d-3926-ad6be01d447d,d52588577463d86ae0db06ee93765764,2002-01-01T00:00:00Z,9,,,,,,,9ad7afc0-414f-2b04-8fa8-2b2084869655,a112a6fb4487071d1ae3a0c6951488f6,2018-01-01T00:00:00Z,9,,,,,,,ebd2935b-4172-7a21-f983-b555fa0b38c4,https://voices.uchicago.edu/religionculture/,,,,,,,,,,,,,,,,,,,,,,,30f82cd4-4a06-eb0b-56f1-07f0f383eb25,1,,,,,,
Q97726143,Allgemeine Juedische Wochenzeitung,newspaper,3ebca49f-4280-1aa3-a8d9-e05c992ba4eb,Q183,,,,,,,,,,,,,,,,,,,,,,,,,,,,,,,,,,,,,,,,,,,c558898e-4e78-1f0d-acc9-d1e67d0ba345,Q24194956,,,,,,,c155ac16-4e0c-c9bf-3f85-c311965a0f3c,1,,,,,,
Q97729090,Reformed Review,scholarly journal,38f87e44-4621-950a-c5c3-c4d84151e141,Q30,,,,,,,4cfe04a1-4004-8d5f-dce4-baf37ee4e38c,4548faeb71015fa6e12d0a31dd3a9fe9,1955-01-01T00:00:00Z,9,,,,,,,b62dca18-4a37-96f5-cdea-279c35270c38,fc1d2395f6a4679c97b3b7f23f202c19,2009-01-01T00:00:00Z,9,,,,,,,8a6cacbb-4484-50c4-05aa-2b5c0f97e4ff,https://repository.westernsem.edu/pkp/index.php/rr,,,,,,,,,,,,,,,,,,,,,,,b84cbe8c-4e8c-9f20-44c4-88ee57cc963f,4,,,,,,
Q97729464,Sacred Spaces,electronic journal,6947ef4e-4246-f275-7521-f69862731ee8,Q30,,,,,,,4c8a8cc4-428a-f308-ee9b-c95c05dd9784,fc1d2395f6a4679c97b3b7f23f202c19,2009-01-01T00:00:00Z,9,,,,,,,,,,,,,,,,,128b25ce-4189-800e-278a-f341cf80399f,https://www.acpe.edu/ACPE/Psychotherapy/Sacred_Spaces_Archive/ACPE/Psychotherapy/SacredSpacesArchive.aspx?hkey=518c5a22-8bd1-490c-8d54-0066edb84f5b,,,,,,,,,,,,,,,,,,,,,,,66c92d4e-4ff7-3025-0400-d704dd673a47,1,,,,,,
Q97772375,National Baptist Union-Review,newspaper,432e2961-40e7-70b3-fca2-874c04f6321c,Q30,,,,,,,,,,,,,,,,,,,,,,,,,,,,,,,,,,,,,,,,,,,,,,,,,,,39388211-4f9b-ee5f-b2c9-a0f2076fc3e2,1,,,,,,
Q97773782,Journal of Intergroup Relations,scholarly journal,,,,,,,,,c14ef181-4fe1-70cd-e8b4-59763f888757,31d05f4460f21944c3938eaf0c336006,1958-01-01T00:00:00Z,9,,,,,,,,,,,,,,,,,,,,,,,,,,,,,,,,,,,,,,,,,7663fce1-4ae4-9481-80a9-36e757c9d2b4,6,,,,,,
Q97784372,national Baptist Voice,church magazine,1e8b4ef6-4321-9d0e-3005-7005da99eb79,Q30,,,,,,,be7a202b-48f3-5ce9-2ff4-7cc92334efa4,d52588577463d86ae0db06ee93765764,2002-01-01T00:00:00Z,9,,,,,,,,,,,,,,,,,,,,,,,,,,,,,,,,,,,,,,,,,5e726b74-4aed-634b-6013-a59e27334f17,3,,,,,,
Q97790964,The Gospel and Our Culture Network,"church organization, publisher",,,,,,,,,,,,,,,,,,,,,,,,,,,,,5d4ccb63-47ca-ad35-4511-7a31787f2c31,https://gocn.org/,,,,,,,,,,,,,,,,,,,,,,,,,,,,,,
Q97843689,Journal for Preachers,journal,b4b5372d-490c-0218-aef1-131bcb0e828b,Q30,,,,,,,8e833aa5-422a-097e-d989-c35565cb0791,749910ebd6c8faae3d32b17def13c5bd,1977-01-01T00:00:00Z,9,,,,,,,,,,,,,,,,,b512fbe2-4be8-79c8-a4bb-a860a621e12e,http://www.journalforpreachers.com/,,,,,,,,,,,,,,,,,,,,,,,9e677c00-45f7-e868-858b-ba8180467e3a,3,,,,,,
Q98073452,Biblical Review,scholarly journal,09f88342-40a9-d017-b469-afacb0ee65fe,Q30,,,,,,,,,,,,,,,,,,,,,,,,,,,,,,,,,,,,,,,,,,,48aa4717-46b6-9fd3-9f12-995952b384cc,Q4903261,,,,,,,fe17f9e3-4707-9d34-e1b6-e417227001a9,2,,,,,,
Q98074103,Trinity Seminary Review,scholarly journal,6e2b3785-4f00-c52d-e435-062dae531fae,Q30,,,,,,,d848acb3-4708-8e66-b15a-61e1478ca6af,811f31244f158332fb4f1e13ae9f4d50,1979-01-01T00:00:00Z,9,,,,,,,,,,,,,,,,,,,,,,,,,,,,,,,,,,,,,,,,,054cd551-4a0d-8c25-82e6-9199db14c30c,6,,,,,,
Q98074203,Gesher,scholarly journal,7acdcbeb-4ba1-49d5-b7d0-1ac251ce1d4a,Q30,,,,,,,bedcfed5-42c2-a268-639e-94c90337ec53,6928b7cd3a8b4aff7d73814a5a8f2359,2000-01-01T00:00:00Z,9,,,,,,,1b7891e1-449b-5853-91a7-016990d37a11,4f272fae38ee73a331afd0407cdc74b9,2010-01-01T00:00:00Z,9,,,,,,,,,,,,,,,,,,,,,,,,,,,,,,,97e99e59-4c3a-48e9-aaec-1d7452ffa92c,1,,,,,,
Q98094387,Religion in the News,journal,dc40baa9-4848-f2f6-cff8-7ca191225114,Q30,,,,,,,2c45d736-4715-c8dd-9904-5f9ad86ac33f,566896ed1bc98ce4ec8a459edd4d836a,1998-01-01T00:00:00Z,9,,,,,,,,,,,,,,,,,,,,,,,,,,,,,,,,,,,,,,,,,de067e53-4578-f807-adef-dafc290a4379,6,,,,,,
Q98097528,Quarterly Review: a scholarly journal for reflection on ministry,scholarly journal,3b1a7ecb-4c16-8ab2-64ff-4dc6be4bcc84,Q30,,,,,,,8b0f561d-451a-328a-410b-6f8ac4b3b566,ef979b8df4f4f2ae359ed26952114819,1980-01-01T00:00:00Z,9,,,,,,,3cbbcd52-4245-7cde-a6fa-5fa4aa49aff5,bf79b4a0ef5c9675e3340ced2c4949b7,2007-01-01T00:00:00Z,9,,,,,,,,,,,,,,,,,,,,,,,,,,,,,,,e306c290-4931-cd42-69da-13d533635136,3,,,,,,
Q98109467,Echoing the Word,online journal,3e44049d-43b5-b8ec-b5f9-77fcbdcd62db,Q408,,,,,,,,,,,,,,,,,,,,,,,,,,,,,,,,,,,,,,,,,,,,,,,,,,,f71d3cce-4b5e-3998-4d8d-963ec0a4cccd,2,,,,,,
Q98222919,Dialogue Australasia,scholarly journal,e765670d-4029-15bb-0767-5b7289d39cce,Q408,,,,,,,44dbdc9e-4b44-8318-f942-80cfa34e1674,2b3197a343b1554b824b915aa6ffd70f,1999-01-01T00:00:00Z,9,,,,,,,,,,,,,,,,,db28ba32-42af-e387-2c13-28dbc41840f9,https://www.dialogueaustralasia.org/dialogue-journal/,,,,,,,,,,,,,,,,,,,,,,,e38fe929-42fc-e600-2bd8-298dda12bb99,6,,,,,,
Q98226287,National Havurah Committee,religious organization,,,,,,,,,0f29f4df-4a70-0ff4-013b-44ab97c800b7,4ca963c1e3ee43e23a13f1584efb909f,1970-01-01T00:00:00Z,8,,,,,,,,,,,,,,,,,3f2e2739-47f5-48be-8bab-08bbdd08b68e,https://havurah.org/,,,,,,,,,,,,,,,,,,,,,,,,,,,,,,
Q98227015,IOUDAIOS Review,scholarly journal,2254d159-4953-439c-31d5-b0405e294d37,Q30,,,,,,,afd18ab5-4480-cf93-db7a-51d2fdb647f4,381f386d5f2303f296df7a0f1034b45e,1991-01-01T00:00:00Z,9,,,,,,,,,,,,,,,,,,,,,,,,,,,,,,,,,,,,,,,,,,,,,,,,
Q98232287,Student Organization of Yeshiva,student organization,,,,,,,,,,,,,,,,,,,,,,,,,,,,,57bb7818-4006-c661-cd92-11bcb367e65f,http://www.soyjsc.com/,,,,,,,,,,,,,,,,,,,,,,,,,,,,,,
Q98311737,Circuit Rider,church magazine,1a81bb3d-43b8-f39a-ed65-726d50a0621f,Q30,,,,,,,1e530dd4-4517-c282-cd3a-21cfef841bbf,171d2c487ac48da27ee021e7ad3597fe,1976-01-01T00:00:00Z,9,,,,,,,,,,,,,,,,,,,,,,,,,,,,,,,,,,,,,,,,,a08570c9-46aa-5ed0-2720-c82ee450b344,3,,,,,,
Q98313448,"Colloquium, Music, Worship, Arts",scholarly journal,e11de94c-474c-8a6f-8ef8-e01958803733,Q30,,,,,,,aa60ff15-4515-065f-7c63-7fcf53c6a5d6,d856dc41cd8b187e580caec258ead625,2004-01-01T00:00:00Z,9,,,,,,,,,,,,,,,,,,,,,,,,,,,,,,,,,,,,,,,,,51bb75bd-485c-6f6c-d683-19700a6f095b,1,,,,,,
Q98380090,Presbyterians Today,church magazine,54e0bf7f-4548-292c-d28d-835ffa6f7751,Q30,,,,,,,0fd8277d-437f-854d-49e3-c04ba37c97a1,ae23fcd99b0c56422548ef9609e070d3,1924-01-01T00:00:00Z,9,,,,,,,,,,,,,,,,,bada3b58-4624-f083-f652-290b4b5c619e,https://www.presbyterianmission.org/ministries/today/,,,,,,,,,,,,,,,,,,,,,,,a3747661-4e0a-e8a4-6806-f321eb90d95e,1.2,,,,,,
Q98380242,Congregations,church magazine,7c55756e-4a14-c19f-4b46-6d4ce566140a,Q30,,,,,,,c2da35e2-4ba7-458f-96a4-42ace91f8303,32ab3709506ccd214afed95ad91cfa87,1975-01-01T00:00:00Z,9,,,,,,,b5e97843-4c59-3cd5-e8e0-cc241339c9ea,ac3f54d758c2b8d235d9d0e9fbf2f43a,2013-01-01T00:00:00Z,9,,,,,,,,,,,,,,,,,,,,,,,,,,,,,,,60a67aa7-4c5a-3dc7-f712-a3af8f36e3eb,3,,,,,,
Q98380311,Reformed Liturgy & Music,journal,9e773abd-443a-4605-d81b-f1d5b9ca0a28,Q30,,,,,,,1c9768a4-4503-ab6a-4d13-d9b417ec3bbd,d47d7349cfc68e7912caf4f2b43711a6,1963-01-01T00:00:00Z,9,,,,,,,,,,,,,,,,,,,,,,,,,,,,,,,,,234dd903-4e04-6167-130f-236fab755811,Q15762088,,,,,,,4e3e45bf-4374-bd3c-1ad4-2a5c492464af,3,,,,,,
Q98461378,Consider This…A Newsletter for Pastors,church magazine,116b7ea5-4828-c3de-82c8-95001a8d657e,Q30,,,,,,,,,,,,,,,,,,,,,,,,,,,,,,,,,,,,,,,,,,,,,,,,,,,,,,,,,,
Q98496683,Prism: a theological forum for the United Church of Christ,church magazine,b5afedda-4e9f-2ae5-09ab-dc6f81b5e42b,Q30,,,,,,,d4655f7a-40fd-adea-250f-b80aa663fb08,e8f77db64726e19e2d0716c59ff3f15b,1985-01-01T00:00:00Z,9,,,,,,,,,,,,,,,,,,,,,,,,,,,,,,,,,,,,,,,,,ef824536-45f1-c872-82e7-b4cc44c05064,6,,,,,,
Q98526055,Living Pulpit,journal,1dbd3886-4731-6fe4-21d4-7014bc4e79fc,Q30,,,,,,,8f6fbaa5-47e8-9839-ea6a-c5dddece52a7,b7d2f0cd6078582b7912deb83efe6450,1992-01-01T00:00:00Z,9,,,,,,,,,,,,,,,,,becb483d-48e4-3b39-1074-d704a6e64e63,https://www.pulpit.org/,,,,,,,,,,,,,,,,,,,,,,,a739e5db-487c-099f-66e8-74edafb48492,3,,,,,,
Q98526338,Una Sancta : Zeitschrift für ökumenische Begegnung,journal,9c7e8f0a-456b-351f-6d4b-a8f3892f9952,Q183,,,,,,,273e4bd2-41d7-2dcc-11b4-4f17cadc876c,5e18c83c88166026dd5e577bb10cc628,1946-01-01T00:00:00Z,9,,,,,,,,,,,,,,,,,bec68463-4fd9-8a78-16ca-0cb97d3178e9,https://www.aschendorff-buchverlag.de/?listview&reihe=SN-0345,,,,,,,,,,,,,,,,,,,,,,,d66c4ff3-4022-d3c2-85fe-dd94f21ce04b,3,,,,,,
Q98606254,Disciples Divinity House Bulletin,magazine,67d8a6d6-4d36-3330-d679-9639f18e60f8,Q30,,,,,,,219917aa-4ff3-4382-d381-28953635fb50,1c83b4d5ec352494e58135d49856c73b,1928-01-01T00:00:00Z,9,,,,,,,,,,,,,,,,,ea443498-4c31-6bef-1578-3ad3255b2c07,https://ddh.uchicago.edu/news-events/ddh-bulletin/,,,,,,,,,,,,,,,,,,,,,,,0c6fdd20-4249-9f65-33d8-4d4007992ede,6,,,,,,
Q98608133,Journal of Pastoral Care,Journal,ff27615b-430d-ce85-c5e0-e455e7f2b2b0,Q30,,,,,,,,,,,,,,,,,,,,,,,,,,,,,,,,,,,,,,,,,,,4c37a8a7-4e04-8d3b-3d39-722ba99a0fdf,Q15753706,,,,,,,84df953a-4d31-14ee-8a9d-98afe6a80438,3,,,,,,
Q98608602,Chicago Theological Seminary Register,journal,,,,,,,,,811e01d7-468d-31f4-d437-a84e2e16261d,a8cb14e3f795be35aa7849c41cac676a,1908-01-01T00:00:00Z,9,,,,,,,,,,,,,,,,,,,,,,,,,,,,,,,,,,,,,,,,,d09e0d48-4a89-7cc5-8085-65a6dde8de16,4,,,,,,
Q98608890,Journal of Supervision and Training in Ministry,journal,f0905f04-4a81-7d9b-cb38-b9affb242988,Q30,,,,,,,,,,,,,,,,,,,,,,,,,,,,,,,,,,,,,,,,,,,da0458de-46c1-f2bf-3d13-f35d39eae792,Q93433869,,,,,,,eee9882f-49f2-1d21-c903-79410ee74506,1,,,,,,
Q98637260,Women's VU,magazine,774fb91a-44f0-8ce5-5506-aef343e5913c,Q30,,,,,,,f3492c49-467f-d1c0-d7de-481d361df79b,bdba6daa49a7983081721c70c253999e,1978-01-01T00:00:00Z,9,,,,,,,,,,,,,,,,,,,,,,,,,,,,,,,,,,,,,,,,,0f9e94e2-4b46-270d-cf63-7976160fd9a1,1,,,,,,
Q98637310,Lexington Theological Quarterly,journal,db9a0c63-4a1a-440a-3a2d-465c5c5d1e05,Q30,,,,,,,aeb9c87e-40a4-925a-de3f-a1f576473982,c5ea56433b2c37e9b5b6d6417a10eb4f,1909-01-01T00:00:00Z,9,,,,,,,,,,,,,,,,,0cf79dda-491c-817d-7fc2-32c09fbd345d,https://www.lextheo.edu/category/quarterly/,,,,,,,,,,,,,,,,,,,,,,,6a1b2be8-47a4-6f0d-8b56-fad1b33689ec,3,,,,,,
Q98637434,Journal of Childhood and Religion,journal,1bf7af5b-4d41-a09b-c03d-5ae20eb5d2d2,Q30,,,,,,,9ee32725-43ad-4021-3f77-f518fe4ecddf,4f272fae38ee73a331afd0407cdc74b9,2010-01-01T00:00:00Z,9,,,,,,,,,,,,,,,,,,,,,,,,,,,,,,,,,,,,,,,,,072eb64b-49d4-82eb-ee71-1837abbcc3c6,1,,,,,,
Q98688147,Lifelong Faith,Journal,b4630d5b-4a4c-c03a-2123-d01c2091bd00,Q30,,,,,,,60f86f39-4e40-213c-da69-0c8ab6352c53,bf79b4a0ef5c9675e3340ced2c4949b7,2007-01-01T00:00:00Z,9,,,,,,,,,,,,,,,,,a9c78a88-42f2-5780-7b4f-b95cb02f9b2c,https://www.lifelongfaith.com/lifelong-faith-journal.html,,,,,,,,,,,,,,,,,,,,,,,c368bbd5-409b-3d97-9b49-70b88e1afa3e,3,,,,,,
Q98821386,Net Results,church magazine,cf6b8d46-44a3-5346-63b0-ab9a4bdf1d83,Q30,,,,,,,1faa432d-42a7-f189-e65d-509110bb533b,ef979b8df4f4f2ae359ed26952114819,1980-01-01T00:00:00Z,9,,,,,,,,,,,,,,,,,1e772104-4772-cb83-3f8f-8ca6e9f596d0,https://effectivechurch.net/product-category/netresults/,,,,,,,,,,,,,,,,,,,,,,,ae85b1ee-4b19-6b79-44d0-a81fef0e2f99,2,,,,,,
Q98821824,Your Church,church magazine,ea0fb778-40ff-50d7-254f-9a4f6d0b71b7,Q30,,,,,,,,,,,,,,,,,,,,,,,,,,,,,,,,,,,,,,,,,,,78950314-40ca-2e48-1b11-de61d7691497,Q98821801,,,,,,,c7063c9f-4a09-b0d2-7cdc-63c4142c7e30,2,,,,,,
Q98821922,The Disciple,journal,2c520347-40fe-b339-2fbc-384e45e8a2cd,Q30,,,,,,,5976afce-4ff4-9df5-6806-deb2218de6b9,6b66f3f597fe3c51442410409c884e82,1862-01-01T00:00:00Z,9,,,,,,,00ca705b-4783-ccda-2cb7-16653d7ddfae,d08540251db5f4703c45d338e4657af7,2003-01-01T00:00:00Z,9,,,,,,,,,,,,,,,,,,,,,,,,,,,,,,,15817491-4e0e-0506-598e-2972ca63c819,1.2,,,,,,
Q98821988,The Five Stones,newsletter,69f9545b-415f-ebce-8999-86a0d6a029b1,Q30,,,,,,,9668f8a5-43e3-ada2-70b6-374db938d6be,f5628a29ba10551697cdc79d94741d01,1983-01-01T00:00:00Z,9,,,,,,,,,,,,,,,,,,,,,,,,,,,,,,,,,,,,,,,,,aea3593a-46d6-3b61-1ad6-9a4aa4cff33b,3,,,,,,
Q98822345,Journal of Religious Leadership,journal,fecf5d5c-4f4f-9505-f389-64a31bb774a6,Q30,,,,,,,10e7f155-43e7-c223-5ff0-a18e42115b14,d52588577463d86ae0db06ee93765764,2002-01-01T00:00:00Z,9,,,,,,,,,,,,,,,,,,,,,,,,,,,,,,,,,,,,,,,,,d98138ff-4e9a-63f2-aefa-1b3d563db056,6,,,,,,
Q98833935,C21 Resources,journal,99844f79-4d17-f62b-cffa-a2b3e7132a16,Q30,,,,,,,a6c60d62-41df-e931-4fc1-c7cfefb0bc38,d08540251db5f4703c45d338e4657af7,2003-01-01T00:00:00Z,9,,,,,,,,,,,,,,,,,219411c5-490c-8953-ed78-e6f1be694e35,https://www.bc.edu/content/bc-web/centers/church21/publications/c21-resources.html,,,,,,,,,,,,,,,,,,,,,,,,,,,,,,
Q98833987,Liturgical Ministry,journal,efd4074f-4f58-7734-52fc-65f8d39997f5,Q30,,,,,,,b9ebb83c-4588-a0a9-86cc-e1b2ec7975c0,b7d2f0cd6078582b7912deb83efe6450,1992-01-01T00:00:00Z,9,,,,,,,,,,,,,,,,,,,,,,,,,,,,,,,,,,,,,,,,,b08978bd-4ae3-02cd-ae05-27b00dc7e828,3,,,,,,
Q98834513,American Theological Inquiry,journal,a1c105c8-49fa-7401-64a3-dc885c5b1a3b,Q30,,,,,,,8af5b355-485f-e1bb-1a1c-625b358e6e85,ce90feaacda74eb7f8326b25fb625c6d,2008-01-01T00:00:00Z,9,,,,,,,,,,,,,,,,,1940a9d5-4987-ec37-42d2-97bf0434ae9f,http://www.atijournal.org/,,,,,,,,,,,,,,,,,,,,,,,a4141302-42e4-84da-3985-73bea59063bc,6,,,,,,
Q98835708,The Alaskan Shepherd,journal,3ce63c34-42dc-1e0d-e189-08d2ec6ef30b,Q30,,,,,,,fe34baa9-4e7a-4bed-06cc-1d24955538d4,5390505a0205351772f5b6c360421cb3,1962-01-01T00:00:00Z,9,,,,,,,,,,,,,,,,,7490d5ea-4a3d-e171-47f7-825a98cb43d4,http://dioceseoffairbanks.org/joomla/index.php/what-s-happening/newsletters/alaskan-shephard,,,,,,,,,,,,,,,,,,,,,,,,,,,,,,
Q98844814,Studia Aloisiana,journal,89ca43ae-4697-24d0-b3e3-5d9376f7736c,Q214,,,,,,,25c882f7-42e7-812f-aaa1-de79e4f30993,4f272fae38ee73a331afd0407cdc74b9,2010-01-01T00:00:00Z,9,,,,,,,,,,,,,,,,,bc5d9099-4bce-cedf-3b8f-21b182a7022c,http://studiaaloisiana.tftu.sk/,,,,,,,,,,,,,,,,,,,,,,,2e0c974e-43f1-098e-9521-904d22338774,3,,,,,,
Q98846459,Spotlight on Theological Education,Supplement of Religious Studies News,30771a91-4ab7-9561-0d26-10a3b6e06c24,Q30,,,,,,,,,,,,,,,,,,,,,,,,,,,10cf5024-4d40-54d0-2476-fdc6acbe09cb,https://rsn.aarweb.org/spotlight-on/theo-ed,,,,,,,,,,,,,,,,,,,,,,,,,,,,,,
Q98850260,Proceedings of the Catholic Theological Society of America,journal,44d19128-4424-9dc3-3441-56bdbeed0114,Q30,,,,,,,,,,,,,,,,,,,,,,,,,,,,,,,,,,,,,,,,,,,,,,,,,,,2791cd3e-472d-e82b-0612-14b3ec100afd,1,,,,,,
Q99034646,The Conversation,open access journal,29a8713e-4206-b122-daba-c9a624c5df89,Q30,2c687b1e617ce8b49189c1035dca294b8f356dbe,,https://theconversation.com/us/who-we-are,,,,d4a7bf6f-4bb7-2fb9-1fb9-1e84deacb9c2,19fb1e607fb895edac44d92bd9141272,2011-01-01T00:00:00Z,9,2c687b1e617ce8b49189c1035dca294b8f356dbe,,https://theconversation.com/us/who-we-are,,,,,,,,,,,,,,ad8fdc22-4bd0-0ac5-bc85-5d563d81dc40,https://theconversation.com/us,,,,,,,,,,,,,,,,,,,,,,,,,,,,,,
